state,district,block,canal_count,canal_length_km,canal_density_km_per_km2,nearest_canal_distance_km,main_canal_length_km,distributary_length_km,minor_canal_length_km,command_area_ha,potential_area_ha
LAKSHADWEEP,Lakshadweep District,AGATTI,0,0.0,0.0,350.497,0.0,0.0,0.0,,
LAKSHADWEEP,Lakshadweep District,AMINI,0,0.0,0.0,302.14,0.0,0.0,0.0,,
LAKSHADWEEP,Lakshadweep District,KILTAN,0,0.0,0.0,261.813,0.0,0.0,0.0,,
LAKSHADWEEP,Lakshadweep District,KADMAT,0,0.0,0.0,293.688,0.0,0.0,0.0,,
LAKSHADWEEP,Lakshadweep District,CHETLAT,0,0.0,0.0,289.459,0.0,0.0,0.0,,
LAKSHADWEEP,Lakshadweep District,BITRA,0,0.0,0.0,347.815,0.0,0.0,0.0,,
KARNATAKA,Udupi,BRAHMAVARA,0,0.0,0.0,10.425,0.0,0.0,0.0,,
KARNATAKA,Udupi,HEBRI,0,0.0,0.0,22.797,0.0,0.0,0.0,,
KARNATAKA,Udupi,KUNDAPURA,2,34.22,0.039,4.643,34.22,0.0,0.0,,
KARNATAKA,Udupi,BAINDURU,0,0.0,0.0,25.498,0.0,0.0,0.0,,
KARNATAKA,Uttara Kannada,BHATKAL,0,0.0,0.0,54.871,0.0,0.0,0.0,,
KARNATAKA,Uttara Kannada,HONAVAR,0,0.0,0.0,71.763,0.0,0.0,0.0,,
KARNATAKA,Shivamogga,SAGAR,2,3.415,0.0018,33.389,3.415,0.0,0.0,,
KARNATAKA,Shivamogga,SHIKARPUR,8,114.802,0.1274,0.419,108.565,0.0,6.237,,
KARNATAKA,Shivamogga,TIRTHAHALLI,0,0.0,0.0,31.136,0.0,0.0,0.0,,
KARNATAKA,Shivamogga,HOSANAGARA,0,0.0,0.0,25.194,0.0,0.0,0.0,,
KARNATAKA,Chikkamagaluru,KOPPA,0,0.0,0.0,39.865,0.0,0.0,0.0,,
KARNATAKA,Chikkamagaluru,KALASA,0,0.0,0.0,60.021,0.0,0.0,0.0,,
KARNATAKA,Dakshina Kannada,BELTANGADI,0,0.0,0.0,62.533,0.0,0.0,0.0,,
KARNATAKA,Chikkamagaluru,SRINGERI,0,0.0,0.0,41.865,0.0,0.0,0.0,,
KARNATAKA,Udupi,KARKAL,0,0.0,0.0,38.083,0.0,0.0,0.0,,
KARNATAKA,Udupi,UDUPI,0,0.0,0.0,22.05,0.0,0.0,0.0,,
KARNATAKA,Udupi,KAPU,0,0.0,0.0,41.014,0.0,0.0,0.0,,
KARNATAKA,Dakshina Kannada,MANGALURU,0,0.0,0.0,68.884,0.0,0.0,0.0,,
KARNATAKA,Dakshina Kannada,MULKI,0,0.0,0.0,54.784,0.0,0.0,0.0,,
KARNATAKA,Dakshina Kannada,MUDUBIDARE,0,0.0,0.0,55.224,0.0,0.0,0.0,,
KARNATAKA,Dakshina Kannada,ULLALA,0,0.0,0.0,82.365,0.0,0.0,0.0,,
KERALA,Kasaragod,MANJESHWAR,0,0.0,0.0,84.255,0.0,0.0,0.0,,
KERALA,Kasaragod,KASARGOD,0,0.0,0.0,66.996,0.0,0.0,0.0,,
KERALA,Kasaragod,KARADKA,0,0.0,0.0,60.773,0.0,0.0,0.0,,
KARNATAKA,Dakshina Kannada,BANTVAL,0,0.0,0.0,82.971,0.0,0.0,0.0,,
KARNATAKA,Dakshina Kannada,PUTTUR,0,0.0,0.0,76.437,0.0,0.0,0.0,,
KARNATAKA,Dakshina Kannada,KADABA,0,0.0,0.0,54.13,0.0,0.0,0.0,,
KARNATAKA,Dakshina Kannada,SULYA,0,0.0,0.0,45.762,0.0,0.0,0.0,,
KERALA,Kasaragod,PARAPPA,0,0.0,0.0,42.585,0.0,0.0,0.0,,
KERALA,Kasaragod,KANHANGAD,0,0.0,0.0,48.532,0.0,0.0,0.0,,
KERALA,Kasaragod,NILESHWAR,0,0.0,0.0,28.241,0.0,0.0,0.0,,
KERALA,Kannur,KALLIASSERI,1,1.898,0.0118,7.983,1.898,0.0,0.0,,
KERALA,Kannur,PAYYANNUR,0,0.0,0.0,17.555,0.0,0.0,0.0,,
KERALA,Kannur,TALIPARAMBA,2,12.166,0.0231,14.689,12.166,0.0,0.0,,
KERALA,Kannur,KANNUR,1,6.561,0.0911,1.173,6.561,0.0,0.0,,
LAKSHADWEEP,Lakshadweep District,ANDROTT,0,0.0,0.0,220.911,0.0,0.0,0.0,,
LAKSHADWEEP,Lakshadweep District,KALPENI,0,0.0,0.0,269.131,0.0,0.0,0.0,,
LAKSHADWEEP,Lakshadweep District,KAVARATTI,0,0.0,0.0,334.221,0.0,0.0,0.0,,
LAKSHADWEEP,Lakshadweep District,MINICOY,0,0.0,0.0,396.845,0.0,0.0,0.0,,
KERALA,Thiruvananthapuram,ATHIYANNOOR,2,34.314,0.3165,0.656,25.903,0.0,8.412,,
TAMIL NADU,Kanniyakumari,KILLIYOOR,6,33.69,0.3243,0.191,15.775,16.786,1.129,,
TAMIL NADU,Kanniyakumari,MUNCHIRA,7,38.062,0.4016,1.406,30.909,0.0,7.153,,
KERALA,Thiruvananthapuram,PARASSALA,6,23.603,0.2726,1.367,20.879,0.0,2.724,,
KERALA,Thiruvananthapuram,PERUMKADAVILA,3,35.712,0.1218,3.84,31.432,0.0,4.28,,
TAMIL NADU,Kanniyakumari,MELPURAM,5,18.718,0.0893,2.557,18.159,0.0,0.559,,
KERALA,Thiruvananthapuram,VELLANAD,1,8.517,0.0225,6.076,8.517,0.0,0.0,,
KERALA,Thiruvananthapuram,NEDUMANGAD,0,0.0,0.0,18.612,0.0,0.0,0.0,,
KERALA,Thiruvananthapuram,NEMOM,4,30.006,0.2666,3.329,10.911,5.482,13.614,,
KERALA,Thiruvananthapuram,POTHENCODE,1,0.843,0.0029,11.658,0.0,0.843,0.0,,
KERALA,Alappuzha,AMBALAPPUZHA,0,0.0,0.0,25.975,0.0,0.0,0.0,,
KERALA,Alappuzha,ARYAD,0,0.0,0.0,24.249,0.0,0.0,0.0,,
KERALA,Thrissur,THALIKKULAM,0,0.0,0.0,18.298,0.0,0.0,0.0,,
KERALA,Thrissur,ANTHIKKAD,0,0.0,0.0,14.959,0.0,0.0,0.0,,
KERALA,Thrissur,IRINJALAKKUDA,1,0.215,0.0019,5.687,0.0,0.0,0.215,,
KERALA,Thrissur,CHERPU,0,0.0,0.0,7.989,0.0,0.0,0.0,,
KERALA,Thrissur,OLLUKKARA,11,121.456,0.3166,0.164,114.421,7.036,0.0,,
KERALA,Thrissur,KODAKARA,20,83.923,0.4406,2.321,83.923,0.0,0.0,,
KERALA,Thrissur,MALA,15,44.278,0.3584,0.463,43.644,0.0,0.634,,
KERALA,Thrissur,VELLANGALLUR,0,0.0,0.0,5.265,0.0,0.0,0.0,,
KERALA,Thrissur,MATHILAKAM,0,0.0,0.0,12.839,0.0,0.0,0.0,,
KERALA,Ernakulam,PARAVUR,0,0.0,0.0,5.086,0.0,0.0,0.0,,
KERALA,Ernakulam,ALANGAD,5,29.48,0.1907,1.21,23.587,0.0,5.893,,
KERALA,Ernakulam,PARAKKADAV,4,12.284,0.1291,3.14,12.284,0.0,0.0,,
KERALA,Ernakulam,EDAPPALLY,1,7.09,0.0636,1.572,7.09,0.0,0.0,,
KERALA,Ernakulam,MULANTHURUTHY,4,9.376,0.0499,5.617,8.235,0.0,1.141,,
KERALA,Ernakulam,PALLURUTHY,0,0.0,0.0,13.741,0.0,0.0,0.0,,
KERALA,Ernakulam,VYPEEN,0,0.0,0.0,9.066,0.0,0.0,0.0,,
KERALA,Alappuzha,PATTANAKKAD,0,0.0,0.0,15.189,0.0,0.0,0.0,,
KERALA,Alappuzha,THYCATTUSSERY,0,0.0,0.0,11.284,0.0,0.0,0.0,,
KERALA,Alappuzha,KANJIKKUZHY,0,0.0,0.0,20.23,0.0,0.0,0.0,,
KERALA,Kottayam,ETTUMANOOR,1,4.011,0.0274,2.92,0.0,4.011,0.0,,
KERALA,Kottayam,VAIKOM,0,0.0,0.0,12.477,0.0,0.0,0.0,,
KERALA,Kottayam,KADUTHURUTHY,5,30.605,0.1574,4.116,8.678,21.399,0.528,,
KERALA,Kottayam,UZHAVOOR,5,26.741,0.1329,1.587,4.248,19.152,3.341,,
KERALA,Kottayam,PAMPADY,0,0.0,0.0,12.093,0.0,0.0,0.0,,
KERALA,Kottayam,ERATTUPETTA,0,0.0,0.0,17.713,0.0,0.0,0.0,,
KERALA,Kottayam,LALAM,0,0.0,0.0,11.381,0.0,0.0,0.0,,
KERALA,Idukki,THODUPUZHA,4,33.63,0.2068,1.026,30.984,0.0,2.646,,
KERALA,Idukki,ELEMDESAM,0,0.0,0.0,7.481,0.0,0.0,0.0,,
KERALA,Ernakulam,MUVATTUPUZHA,19,67.614,0.3026,0.126,44.537,14.845,8.231,,
KERALA,Ernakulam,PAMPAKUDA,15,58.913,0.2638,1.816,40.848,12.217,5.848,,
KERALA,Ernakulam,VADAVUCODE,13,74.796,0.3558,0.713,61.289,0.0,13.507,,
KERALA,Ernakulam,VAZHAKKULAM,11,36.314,0.4731,1.381,25.794,0.0,10.52,,
KERALA,Ernakulam,KOOVAPPADY,25,96.884,0.4906,0.287,77.659,0.0,19.225,,
KERALA,Ernakulam,ANGAMALI,15,88.321,0.2119,0.626,81.221,7.1,0.0,,
KERALA,Thrissur,CHALAKKUDY,18,57.143,0.0707,12.285,54.764,0.0,2.38,,
KERALA,Palakkad,NEMMARA,22,107.982,0.1917,5.655,95.527,0.0,9.921,,
KERALA,Ernakulam,KOTHAMANGALAM,12,87.336,0.0896,7.791,82.562,0.0,4.774,,
TAMIL NADU,Coimbatore,ANAMALAI,32,236.156,0.2235,2.592,162.292,33.325,4.568,,
TAMIL NADU,Tiruppur,UDUMALPET,38,224.209,0.2399,6.013,81.191,63.798,63.85,,
KERALA,Idukki,DEVIKULAM,0,0.0,0.0,19.505,0.0,0.0,0.0,,
KERALA,Idukki,NEDUMKANDOM,0,0.0,0.0,12.867,0.0,0.0,0.0,,
KERALA,Idukki,ADIMALY,0,0.0,0.0,29.067,0.0,0.0,0.0,,
KERALA,Idukki,IDUKKI,0,0.0,0.0,26.15,0.0,0.0,0.0,,
KERALA,Idukki,KATTAPPANA,0,0.0,0.0,15.799,0.0,0.0,0.0,,
TAMIL NADU,Theni,KAMBAM,7,49.769,0.1429,2.164,49.769,0.0,0.0,,
KERALA,Idukki,AZHUTHA,0,0.0,0.0,14.601,0.0,0.0,0.0,,
KERALA,Pathanamthitta,RANNI,1,11.289,0.0105,15.656,11.289,0.0,0.0,,
KERALA,Pathanamthitta,KONNI,0,0.0,0.0,14.713,0.0,0.0,0.0,,
KERALA,Kottayam,KANJIRAPPALLY,0,0.0,0.0,22.541,0.0,0.0,0.0,,
KERALA,Pathanamthitta,MALLAPPALLY,0,0.0,0.0,8.256,0.0,0.0,0.0,,
KERALA,Pathanamthitta,KOIPURAM,3,20.471,0.1634,2.917,17.698,2.773,0.0,,
KERALA,Kottayam,VAZHOOR,0,0.0,0.0,17.382,0.0,0.0,0.0,,
KERALA,Kottayam,PALLOM,0,0.0,0.0,13.187,0.0,0.0,0.0,,
KERALA,Alappuzha,VELIYANAD,0,0.0,0.0,21.707,0.0,0.0,0.0,,
KERALA,Alappuzha,CHAMPAKULAM,0,0.0,0.0,27.056,0.0,0.0,0.0,,
KERALA,Pathanamthitta,PULIKEEZHU,1,1.957,0.0209,6.395,1.957,0.0,0.0,,
KERALA,Kottayam,MADAPPALLY,0,0.0,0.0,12.91,0.0,0.0,0.0,,
KERALA,Alappuzha,CHENGANNUR,2,16.291,0.111,1.426,16.291,0.0,0.0,,
KERALA,Alappuzha,MAVELIKKARA,1,11.306,0.1122,2.843,11.306,0.0,0.0,,
KERALA,Alappuzha,HARIPPAD,0,0.0,0.0,11.493,0.0,0.0,0.0,,
KERALA,Alappuzha,MUTHUKULAM,1,2.278,0.0186,3.136,2.278,0.0,0.0,,
KERALA,Alappuzha,BHARANICAVU,15,51.59,0.378,0.173,33.2,0.0,18.39,,
KERALA,Pathanamthitta,PANDLAM,0,0.0,0.0,4.305,0.0,0.0,0.0,,
KERALA,Pathanamthitta,ELANTHOOR,3,27.196,0.1606,0.1,27.196,0.0,0.0,,
KERALA,Pathanamthitta,PARAKODE,9,68.852,0.2469,0.006,59.392,0.0,9.461,,
KERALA,Kollam,KOTTARAKKARA,10,57.91,0.4313,1.743,55.074,0.0,2.836,,
KERALA,Kollam,VETTIKKAVALA,7,65.524,0.3636,0.068,59.015,0.0,6.509,,
KERALA,Kollam,MUKHATHALA,5,22.988,0.3407,1.692,15.397,0.0,7.591,,
KERALA,Kollam,CHITTUMALA,1,0.432,0.0027,7.452,0.0,0.0,0.432,,
KERALA,Kollam,SASTHAMCOTTAH,8,41.478,0.3412,0.611,38.86,0.0,2.618,,
KERALA,Kollam,CHAVARA,2,7.109,0.0684,1.214,6.382,0.0,0.727,,
KERALA,Kollam,OACHIRA,12,23.715,0.2105,1.765,12.11,0.0,11.605,,
KERALA,Thiruvananthapuram,VARKALA,0,0.0,0.0,7.302,0.0,0.0,0.0,,
KERALA,Kollam,ITHIKKARA,11,72.475,0.4751,0.159,55.744,0.0,16.731,,
KERALA,Thiruvananthapuram,KILIMANOOR,0,0.0,0.0,11.939,0.0,0.0,0.0,,
KERALA,Thiruvananthapuram,CHIRAYINKEEZHU,0,0.0,0.0,18.266,0.0,0.0,0.0,,
KERALA,Thiruvananthapuram,VAMANAPURAM,0,0.0,0.0,24.186,0.0,0.0,0.0,,
KERALA,Kollam,CHADAYAMANGALAM,0,0.0,0.0,13.723,0.0,0.0,0.0,,
KERALA,Kollam,PATHANAPURAM,3,24.995,0.0756,2.8,23.736,0.0,1.259,,
KERALA,Kollam,ANCHAL,2,27.172,0.0291,2.567,27.172,0.0,0.0,,
TAMIL NADU,Tenkasi,SHENCOTTAH,2,6.344,0.0299,5.686,6.344,0.0,0.0,,
TAMIL NADU,Tirunelveli,AMBASAMUDRAM,13,68.713,0.0913,2.615,67.002,0.0,1.711,,
TAMIL NADU,Tirunelveli,PAPPAKUDI,5,9.749,0.0914,4.239,9.749,0.0,0.0,,
TAMIL NADU,Tenkasi,KEELAPAVOOR,2,5.553,0.0249,8.019,5.553,0.0,0.0,,
TAMIL NADU,Tirunelveli,KADAYAM,23,65.426,0.4455,0.387,58.033,7.393,0.0,,
TAMIL NADU,Tenkasi,TENKASI,0,0.0,0.0,5.216,0.0,0.0,0.0,,
TAMIL NADU,Tenkasi,KADAIYANALLUR,3,23.255,0.0656,0.69,23.255,0.0,0.0,,
TAMIL NADU,Tenkasi,ALANGULAM,0,0.0,0.0,16.744,0.0,0.0,0.0,,
TAMIL NADU,Tenkasi,MELANEELITHANALLUR,1,2.735,0.0083,26.338,2.735,0.0,0.0,,
TAMIL NADU,Tirunelveli,MANUR,9,46.844,0.08,6.569,41.289,0.0,5.555,,
TAMIL NADU,Tirunelveli,PALAYAMKOTTAI,8,42.38,0.1376,2.375,37.359,0.0,5.022,,
TAMIL NADU,Tuticorin,KARUNGULAM,7,49.906,0.1371,0.124,43.937,0.0,5.968,,
TAMIL NADU,Tuticorin,SRIVAIKUNDAM,6,41.783,0.1646,2.473,40.397,0.0,1.387,,
TAMIL NADU,Tuticorin,THOOTHUKKUDI,1,9.05,0.0247,1.457,9.05,0.0,0.0,,
TAMIL NADU,Tuticorin,OTTAPIDARAM,0,0.0,0.0,22.598,0.0,0.0,0.0,,
TAMIL NADU,Tuticorin,VILATHIKULAM,0,0.0,0.0,18.352,0.0,0.0,0.0,,
TAMIL NADU,Tuticorin,KAYATHAR,0,0.0,0.0,27.296,0.0,0.0,0.0,,
TAMIL NADU,Virudhunagar,SATTUR,3,9.372,0.0257,4.662,9.372,0.0,0.0,,
TAMIL NADU,Tuticorin,KOVILPATTI,0,0.0,0.0,20.146,0.0,0.0,0.0,,
TAMIL NADU,Tuticorin,PUDUR,5,20.968,0.0416,3.263,14.784,0.0,6.184,,
TAMIL NADU,Virudhunagar,ARUPPUKOTTAI,0,0.0,0.0,17.464,0.0,0.0,0.0,,
TAMIL NADU,Virudhunagar,VIRUDHUNAGAR,0,0.0,0.0,17.503,0.0,0.0,0.0,,
TAMIL NADU,Virudhunagar,SIVAKASI,0,0.0,0.0,18.853,0.0,0.0,0.0,,
TAMIL NADU,Virudhunagar,WATRAP,3,17.366,0.0388,5.028,16.004,0.0,1.362,,
TAMIL NADU,Virudhunagar,SRIVILLIPUTTUR,0,0.0,0.0,18.772,0.0,0.0,0.0,,
TAMIL NADU,Virudhunagar,VEMBAKOTTAI,2,21.31,0.048,1.69,21.31,0.0,0.0,,
TAMIL NADU,Tenkasi,KURUVIKULAM,0,0.0,0.0,20.551,0.0,0.0,0.0,,
TAMIL NADU,Tenkasi,SANKARANKOVIL,1,1.25,0.0042,19.033,1.25,0.0,0.0,,
TAMIL NADU,Tenkasi,VASUDEVANALLUR,0,0.0,0.0,17.199,0.0,0.0,0.0,,
TAMIL NADU,Virudhunagar,RAJAPALAIYAM,0,0.0,0.0,26.564,0.0,0.0,0.0,,
TAMIL NADU,Theni,UTTAMAPALAIYAM,8,44.346,0.1487,0.852,39.851,0.0,4.495,,
TAMIL NADU,Theni,KADAMALAIKUNDRU MYLADUMPARAI,0,0.0,0.0,10.27,0.0,0.0,0.0,,
TAMIL NADU,Madurai,T.KALLUPATTI,0,0.0,0.0,21.153,0.0,0.0,0.0,,
TAMIL NADU,Madurai,SEDAPATTI,0,0.0,0.0,17.075,0.0,0.0,0.0,,
TAMIL NADU,Madurai,USILAMPATTI,0,0.0,0.0,10.967,0.0,0.0,0.0,,
TAMIL NADU,Theni,ANDIPATTI,2,16.605,0.0528,6.935,16.605,0.0,0.0,,
TAMIL NADU,Theni,THENI,10,37.241,0.1792,1.512,37.241,0.0,0.0,,
TAMIL NADU,Theni,CHINNAMANUR,9,45.686,0.2267,1.194,39.642,0.0,6.044,,
TAMIL NADU,Theni,BODINAYAKKANUR,3,4.175,0.0081,9.75,4.175,0.0,0.0,,
TAMIL NADU,Dindigul,KODAIKANAL,0,0.0,0.0,11.293,0.0,0.0,0.0,,
TAMIL NADU,Dindigul,PALANI,12,55.185,0.1282,1.343,51.439,3.746,0.0,,
TAMIL NADU,Dindigul,ODDANCHATRAM,11,33.689,0.0668,1.545,32.556,0.0,1.133,,
TAMIL NADU,Theni,PERIYAKULAM,2,16.03,0.0421,7.737,12.844,0.0,3.186,,
TAMIL NADU,Dindigul,VATTALKUNDU,5,19.625,0.0859,2.487,19.625,0.0,0.0,,
TAMIL NADU,Dindigul,NILAKOTTAI,3,19.454,0.0739,10.402,19.454,0.0,0.0,,
TAMIL NADU,Dindigul,ATHOOR,2,18.803,0.0628,5.442,18.803,0.0,0.0,,
TAMIL NADU,Dindigul,REDDIYARCHATIRAM,0,0.0,0.0,14.037,0.0,0.0,0.0,,
TAMIL NADU,Dindigul,DINDIGUL,0,0.0,0.0,22.287,0.0,0.0,0.0,,
TAMIL NADU,Dindigul,VADAMADURAI,0,0.0,0.0,20.41,0.0,0.0,0.0,,
TAMIL NADU,Dindigul,SHANARPATTI,0,0.0,0.0,24.263,0.0,0.0,0.0,,
TAMIL NADU,Madurai,VADIPATTI,6,42.747,0.1684,0.021,41.912,0.0,0.835,,
TAMIL NADU,Madurai,ALANGANALLUR,7,29.96,0.1397,3.948,25.891,2.334,1.735,,
TAMIL NADU,Madurai,MADURAI EAST,10,68.553,0.2969,1.824,45.305,20.816,2.432,,
TAMIL NADU,Madurai,TIRUPPARANGUNRAM,6,29.067,0.1048,2.473,26.123,0.766,2.178,,
TAMIL NADU,Madurai,MADURAI WEST,10,40.686,0.2012,0.564,25.73,11.322,3.634,,
TAMIL NADU,Madurai,CHELLAMPATTI,6,36.837,0.1482,1.264,36.034,0.803,0.0,,
TAMIL NADU,Madurai,TIRUMANGALAM,4,13.854,0.0468,0.842,0.0,0.0,13.854,,
TAMIL NADU,Madurai,KALLIKUDI,0,0.0,0.0,12.814,0.0,0.0,0.0,,
TAMIL NADU,Virudhunagar,KARIAPATTI,0,0.0,0.0,16.72,0.0,0.0,0.0,,
TAMIL NADU,Virudhunagar,NARIKUDI,0,0.0,0.0,15.712,0.0,0.0,0.0,,
TAMIL NADU,Sivaganga,TIRUPPUVANAM,5,47.431,0.1458,4.173,46.84,0.0,0.591,,
TAMIL NADU,Sivaganga,MANAMADURAI,5,19.488,0.0547,7.235,19.34,0.0,0.148,,
TAMIL NADU,Sivaganga,ILAYANKUDI,4,33.341,0.0802,2.221,7.935,0.0,25.406,,
TAMIL NADU,Sivaganga,KALAIYARKOIL,0,0.0,0.0,26.089,0.0,0.0,0.0,,
TAMIL NADU,Sivaganga,KALLAL,0,0.0,0.0,26.282,0.0,0.0,0.0,,
TAMIL NADU,Sivaganga,SIVAGANGA,0,0.0,0.0,9.353,0.0,0.0,0.0,,
TAMIL NADU,Madurai,MELUR,8,70.678,0.1851,2.576,61.404,9.275,0.0,,
TAMIL NADU,Madurai,KOTTAMPATTI,5,16.026,0.0513,10.25,16.026,0.0,0.0,,
TAMIL NADU,Dindigul,NATTAM,0,0.0,0.0,21.069,0.0,0.0,0.0,,
TAMIL NADU,Tiruchirappalli,MARUNGAPURI,0,0.0,0.0,22.558,0.0,0.0,0.0,,
TAMIL NADU,Sivaganga,S. PUDUR,0,0.0,0.0,30.004,0.0,0.0,0.0,,
TAMIL NADU,Pudukkottai,PONNAMARAVATI,0,0.0,0.0,36.509,0.0,0.0,0.0,,
TAMIL NADU,Sivaganga,SINGAMPUNARI,0,0.0,0.0,13.226,0.0,0.0,0.0,,
TAMIL NADU,Sivaganga,TIRUPPATHUR,0,0.0,0.0,24.701,0.0,0.0,0.0,,
TAMIL NADU,Sivaganga,SAKKOTTAI,0,0.0,0.0,27.193,0.0,0.0,0.0,,
TAMIL NADU,Pudukkottai,ARIMALAM,0,0.0,0.0,26.599,0.0,0.0,0.0,,
TAMIL NADU,Pudukkottai,TIRUMAYAM,0,0.0,0.0,39.719,0.0,0.0,0.0,,
TAMIL NADU,Pudukkottai,ANNAVASAL,0,0.0,0.0,25.703,0.0,0.0,0.0,,
TAMIL NADU,Pudukkottai,PUDUKKOTTAI,0,0.0,0.0,23.288,0.0,0.0,0.0,,
TAMIL NADU,Pudukkottai,THIRUVARANKULAM,2,2.072,0.0056,13.64,1.475,0.597,0.0,,
TAMIL NADU,Pudukkottai,KARAMBAKUDI,1,11.252,0.039,4.461,11.252,0.0,0.0,,
TAMIL NADU,Pudukkottai,ARANTANGI,8,45.882,0.1103,3.623,24.825,19.279,1.778,,
TAMIL NADU,Pudukkottai,AVADAIYARKOVIL,3,6.829,0.0166,13.419,5.081,1.748,0.0,,
TAMIL NADU,Sivaganga,KANNANKUDI,0,0.0,0.0,23.46,0.0,0.0,0.0,,
TAMIL NADU,Sivaganga,DEVAKOTTAI,0,0.0,0.0,32.818,0.0,0.0,0.0,,
TAMIL NADU,Ramanathapuram,RAJASINGAMANGALAM,0,0.0,0.0,13.806,0.0,0.0,0.0,,
TAMIL NADU,Ramanathapuram,TIRUVADANAI,0,0.0,0.0,31.344,0.0,0.0,0.0,,
TAMIL NADU,Ramanathapuram,TIRUPPULLANI,0,0.0,0.0,11.975,0.0,0.0,0.0,,
TAMIL NADU,Ramanathapuram,BOGALUR,2,7.074,0.0381,6.218,7.074,0.0,0.0,,
TAMIL NADU,Ramanathapuram,RAMANATHAPURAM,1,4.598,0.0159,6.518,4.598,0.0,0.0,,
TAMIL NADU,Ramanathapuram,NAINARKOIL,6,57.546,0.2029,0.688,39.588,0.0,17.958,,
TAMIL NADU,Ramanathapuram,MUDUKULATHUR,0,0.0,0.0,15.741,0.0,0.0,0.0,,
TAMIL NADU,Ramanathapuram,PARAMAKKUDI,2,39.153,0.1312,4.576,39.153,0.0,0.0,,
TAMIL NADU,Virudhunagar,TIRUCHULI,0,0.0,0.0,20.443,0.0,0.0,0.0,,
TAMIL NADU,Ramanathapuram,KAMUDI,0,0.0,0.0,28.374,0.0,0.0,0.0,,
TAMIL NADU,Ramanathapuram,KADALADI,0,0.0,0.0,27.817,0.0,0.0,0.0,,
TAMIL NADU,Tuticorin,TIRUCHENDUR,3,20.878,0.1218,1.813,20.878,0.0,0.0,,
TAMIL NADU,Tuticorin,UDANGUDI,3,5.142,0.0341,4.848,3.65,0.0,1.492,,
TAMIL NADU,Tirunelveli,RADHAPURAM,1,4.268,0.0091,9.568,4.268,0.0,0.0,,
TAMIL NADU,Tuticorin,SATTANKULAM,3,20.862,0.069,4.71,18.913,0.0,1.949,,
TAMIL NADU,Tuticorin,ALWARTHIRUNAGARI,10,64.101,0.26,0.468,49.126,0.0,14.975,,
TAMIL NADU,Tirunelveli,NANGUNERI,10,49.723,0.0956,3.141,25.846,0.0,23.36,,
TAMIL NADU,Tirunelveli,CHERANMAHADEVI,4,48.283,0.2283,0.88,48.283,0.0,0.0,,
TAMIL NADU,Kanniyakumari,THIRUVATTAR,9,70.262,0.1835,6.228,70.262,0.0,0.0,,
TAMIL NADU,Tirunelveli,KALAKADU,6,29.81,0.0632,8.491,24.811,0.0,4.999,,
TAMIL NADU,Kanniyakumari,THOVALA,5,68.362,0.1752,1.79,67.288,0.0,0.0,,
TAMIL NADU,Kanniyakumari,THACKALAI,5,67.627,0.4865,0.471,67.627,0.0,0.0,,
TAMIL NADU,Kanniyakumari,KURUNTHANCODE,6,35.271,0.2753,0.934,31.946,1.971,1.355,,
TAMIL NADU,Tirunelveli,VALLIYOOR,3,34.609,0.0803,5.047,34.609,0.0,0.0,,
TAMIL NADU,Kanniyakumari,AGASTISWARAM,5,29.619,0.2061,1.325,26.748,2.871,0.0,,
TAMIL NADU,Kanniyakumari,RAJAKKAMANGALAM,5,21.19,0.1478,1.056,18.186,3.004,0.0,,
TAMIL NADU,Ramanathapuram,MANDAPAM,0,0.0,0.0,29.689,0.0,0.0,0.0,,
TAMIL NADU,Pudukkottai,MANALMELKUDI,3,11.772,0.0469,5.473,3.685,6.757,1.331,,
TAMIL NADU,Nagapattinam,VEDARANYAM,0,0.0,0.0,35.122,0.0,0.0,0.0,,
TAMIL NADU,Thanjavur,MADUKKUR,2,21.317,0.1168,0.751,10.243,11.074,0.0,,
TAMIL NADU,Thiruvarur,MUTHUPETTAI,0,0.0,0.0,13.631,0.0,0.0,0.0,,
TAMIL NADU,Thanjavur,SETHUBHAVACHATRAM,6,19.238,0.0701,1.624,0.0,14.614,4.624,,
TAMIL NADU,Thanjavur,PERAVURANI,10,67.344,0.308,1.489,16.375,41.73,9.238,,
TAMIL NADU,Thanjavur,PATTUKKOTTAI,3,32.801,0.1013,0.329,21.042,11.759,0.0,,
TAMIL NADU,Thanjavur,THIRUVONAM,5,54.136,0.2551,0.554,43.971,6.224,3.941,,
TAMIL NADU,Thanjavur,ORATTANADU,10,95.477,0.2272,0.032,56.339,38.829,0.309,,
TAMIL NADU,Thanjavur,PAPANASAM,2,23.947,0.1641,0.556,23.947,0.0,0.0,,
TAMIL NADU,Thanjavur,KUMBAKONAM,1,15.744,0.0824,3.007,15.744,0.0,0.0,,
TAMIL NADU,Thiruvarur,VALANGAIMAN,0,0.0,0.0,15.506,0.0,0.0,0.0,,
TAMIL NADU,Thanjavur,AMMAPETTAI,2,13.403,0.0548,5.095,0.0,13.403,0.0,,
TAMIL NADU,Thanjavur,TIRUVIDAIMARUDUR,0,0.0,0.0,12.672,0.0,0.0,0.0,,
TAMIL NADU,Thiruvarur,KODAVASAL,0,0.0,0.0,22.345,0.0,0.0,0.0,,
TAMIL NADU,Thiruvarur,KORADACHERRY,0,0.0,0.0,30.238,0.0,0.0,0.0,,
TAMIL NADU,Thiruvarur,NIDAMANGALAM,0,0.0,0.0,9.426,0.0,0.0,0.0,,
TAMIL NADU,Thiruvarur,KOTTUR,0,0.0,0.0,14.313,0.0,0.0,0.0,,
TAMIL NADU,Thiruvarur,MANNARGUDI,0,0.0,0.0,16.866,0.0,0.0,0.0,,
TAMIL NADU,Thiruvarur,TIRUTTURAIPPUNDI,0,0.0,0.0,25.72,0.0,0.0,0.0,,
TAMIL NADU,Thiruvarur,THIRUVARUR,0,0.0,0.0,37.973,0.0,0.0,0.0,,
TAMIL NADU,Nagapattinam,KILVELUR,0,0.0,0.0,44.432,0.0,0.0,0.0,,
TAMIL NADU,Nagapattinam,NAGAPPATTINAM,0,0.0,0.0,51.436,0.0,0.0,0.0,,
TAMIL NADU,Nagapattinam,KEELAIYUR,0,0.0,0.0,43.553,0.0,0.0,0.0,,
TAMIL NADU,Nagapattinam,THALANAYAR,0,0.0,0.0,36.455,0.0,0.0,0.0,,
PUDUCHERRY,Karaikal,KARAIKAL,0,0.0,0.0,35.836,0.0,0.0,0.0,,
TAMIL NADU,Nagapattinam,THIRUMARUGAL,0,0.0,0.0,36.701,0.0,0.0,0.0,,
TAMIL NADU,Thiruvarur,NANNILAM,0,0.0,0.0,27.171,0.0,0.0,0.0,,
TAMIL NADU,Mayiladuthurai,KUTTALAM,0,0.0,0.0,14.707,0.0,0.0,0.0,,
TAMIL NADU,Mayiladuthurai,MAYILADUTHURAI,3,25.321,0.0979,3.184,25.093,0.0,0.228,,
TAMIL NADU,Mayiladuthurai,SIRKAZHI,1,1.143,0.0053,11.909,0.0,1.143,0.0,,
TAMIL NADU,Mayiladuthurai,SEMBANAR KOIL,0,0.0,0.0,21.545,0.0,0.0,0.0,,
TAMIL NADU,Cuddalore,PARANGIPETTAI,16,86.477,0.3716,1.697,22.025,0.166,64.287,,
TAMIL NADU,Mayiladuthurai,KOLLIDAM,2,40.549,0.1752,3.479,12.523,28.027,0.0,,
TAMIL NADU,Cuddalore,KOMARATCHI,7,60.624,0.3078,0.63,36.583,2.636,21.405,,
TAMIL NADU,Cuddalore,KEERAPALAYAM,20,66.272,0.5335,0.7,1.731,0.0,64.541,,
TAMIL NADU,Cuddalore,MELBHUVANAGIRI,32,135.421,0.7645,0.204,6.011,0.0,129.41,,
TAMIL NADU,Cuddalore,SRIMUSHNAM,23,37.536,0.2139,2.165,32.707,0.0,4.83,,
TAMIL NADU,Cuddalore,KATTUMANNARKOIL,6,38.299,0.2078,0.004,32.433,0.0,5.866,,
TAMIL NADU,Thanjavur,THIRUPPANANDAL,4,42.661,0.2516,0.49,27.563,4.943,10.155,,
TAMIL NADU,Ariyalur,JAYAMKONDAM,1,9.45,0.0301,9.346,9.45,0.0,0.0,,
TAMIL NADU,Ariyalur,T. PALUR,5,14.334,0.0412,0.49,12.138,0.0,2.196,,
TAMIL NADU,Ariyalur,SENDURAI,0,0.0,0.0,13.066,0.0,0.0,0.0,,
TAMIL NADU,Ariyalur,ANDIMADAM,1,0.572,0.002,9.181,0.572,0.0,0.0,,
TAMIL NADU,Cuddalore,NALLUR,6,46.861,0.1267,7.085,43.194,0.0,3.667,,
TAMIL NADU,Cuddalore,VRIDDHACHALAM,8,19.105,0.059,5.006,17.433,0.0,1.672,,
TAMIL NADU,Cuddalore,KAMMAPURAM,2,16.63,0.0552,7.954,16.63,0.0,0.0,,
TAMIL NADU,Cuddalore,PANRUTI,0,0.0,0.0,18.648,0.0,0.0,0.0,,
TAMIL NADU,Cuddalore,ANNAGRAMAM,0,0.0,0.0,19.665,0.0,0.0,0.0,,
TAMIL NADU,Villupuram,KOLIYANUR,0,0.0,0.0,16.457,0.0,0.0,0.0,,
TAMIL NADU,Kallakurichi,THIRUVENNAINALLUR,2,31.461,0.1432,2.353,31.461,0.0,0.0,,
TAMIL NADU,Kallakurichi,TIRUNAVALUR,1,0.434,0.0014,8.265,0.434,0.0,0.0,,
TAMIL NADU,Kallakurichi,ULUNDURPET,0,0.0,0.0,19.261,0.0,0.0,0.0,,
TAMIL NADU,Kallakurichi,TIRUKKOYILUR,9,23.752,0.0628,2.254,12.353,6.555,4.844,,
TAMIL NADU,Villupuram,MUGAIYUR,1,16.203,0.0656,5.13,16.203,0.0,0.0,,
TAMIL NADU,Villupuram,GINGEE,0,0.0,0.0,22.611,0.0,0.0,0.0,,
TAMIL NADU,Tiruvannamalai,KEELPENNATHUR,0,0.0,0.0,9.607,0.0,0.0,0.0,,
TAMIL NADU,Villupuram,MELMALAYANUR,0,0.0,0.0,27.501,0.0,0.0,0.0,,
TAMIL NADU,Villupuram,VALLAM,0,0.0,0.0,25.472,0.0,0.0,0.0,,
TAMIL NADU,Villupuram,MAILAM,4,7.662,0.027,12.774,7.662,0.0,0.0,,
TAMIL NADU,Villupuram,KANAI,1,1.529,0.006,7.115,1.529,0.0,0.0,,
TAMIL NADU,Villupuram,VIKRAVANDI,0,0.0,0.0,8.495,0.0,0.0,0.0,,
PUDUCHERRY,Pondicherry,OZHUKARAI,0,0.0,0.0,14.866,0.0,0.0,0.0,,
TAMIL NADU,Villupuram,VANUR,4,12.965,0.0281,3.797,12.965,0.0,0.0,,
TAMIL NADU,Villupuram,MARAKKANAM,0,0.0,0.0,10.79,0.0,0.0,0.0,,
TAMIL NADU,Villupuram,OLAKKUR,0,0.0,0.0,27.013,0.0,0.0,0.0,,
TAMIL NADU,Chengalpattu,CHITHAMUR,0,0.0,0.0,39.157,0.0,0.0,0.0,,
PUDUCHERRY,Pondicherry,,0,0.0,0.0,19.603,0.0,0.0,0.0,,
PUDUCHERRY,Pondicherry,VILLIANUR,1,0.219,0.0016,2.411,0.219,0.0,0.0,,
TAMIL NADU,Villupuram,KANDAMANGALAM,0,0.0,0.0,14.717,0.0,0.0,0.0,,
PUDUCHERRY,Pondicherry,ARIANKUPPAM,0,0.0,0.0,22.206,0.0,0.0,0.0,,
TAMIL NADU,Cuddalore,CUDDALORE,0,0.0,0.0,16.366,0.0,0.0,0.0,,
TAMIL NADU,Cuddalore,KURINJIPADI,22,44.658,0.1448,1.84,0.055,0.0,44.604,,
ANDHRA PRADESH,Spsr Nellore,MUTHUKUR,2,12.192,0.0686,1.454,0.0,0.0,0.0,,
ANDHRA PRADESH,Tirupati,VAKADU,10,27.762,0.116,7.115,0.0,3.589,0.0,,
ANDHRA PRADESH,Tirupati,SULLURPETA,9,19.615,0.0468,12.488,6.353,11.903,1.359,,
ANDHRA PRADESH,Tirupati,TADA,0,0.0,0.0,16.589,0.0,0.0,0.0,,
TAMIL NADU,Thiruvallur,GUMMIDIPUNDI,1,2.846,0.0067,13.17,2.846,0.0,0.0,,
TAMIL NADU,Chengalpattu,LATHUR,0,0.0,0.0,52.249,0.0,0.0,0.0,,
TAMIL NADU,Chengalpattu,TIRUKKALUKUNRAM,0,0.0,0.0,44.501,0.0,0.0,0.0,,
TAMIL NADU,Chengalpattu,THIRUPORUR,0,0.0,0.0,32.283,0.0,0.0,0.0,,
TAMIL NADU,Kanchipuram,KUNNATTUR,0,0.0,0.0,32.036,0.0,0.0,0.0,,
TAMIL NADU,Thiruvallur,POONAMALLEE,0,0.0,0.0,18.519,0.0,0.0,0.0,,
TAMIL NADU,Thiruvallur,VILLIVAKKAM,0,0.0,0.0,20.908,0.0,0.0,0.0,,
TAMIL NADU,Chennai,Chennai,0,0.0,0.0,17.643,0.0,0.0,0.0,,
TAMIL NADU,Thiruvallur,MINJUR,1,2.217,0.0048,13.62,2.217,0.0,0.0,,
TAMIL NADU,Thiruvallur,PUZHAL,0,0.0,0.0,12.627,0.0,0.0,0.0,,
TAMIL NADU,Thiruvallur,SHOLAVARAM,1,0.507,0.0025,7.457,0.507,0.0,0.0,,
TAMIL NADU,Thiruvallur,ELLAPURAM,3,8.716,0.0354,10.481,3.099,0.0,5.617,,
TAMIL NADU,Thiruvallur,TIRUVALLUR,0,0.0,0.0,11.715,0.0,0.0,0.0,,
TAMIL NADU,Thiruvallur,POONDI,2,25.859,0.0729,1.957,22.603,0.0,3.256,,
ANDHRA PRADESH,Tirupati,PITCHATUR,12,22.44,0.219,0.789,0.0,0.0,0.0,,
ANDHRA PRADESH,Chittoor,VIJAYAPURAM,0,0.0,0.0,9.154,0.0,0.0,0.0,,
ANDHRA PRADESH,Chittoor,NINDRA,0,0.0,0.0,4.217,0.0,0.0,0.0,,
ANDHRA PRADESH,Chittoor,NAGARI,0,0.0,0.0,8.807,0.0,0.0,0.0,,
TAMIL NADU,Thiruvallur,TIRUVELANGADU,0,0.0,0.0,12.08,0.0,0.0,0.0,,
TAMIL NADU,Ranipet,ARAKKONAM,0,0.0,0.0,17.612,0.0,0.0,0.0,,
TAMIL NADU,Ranipet,NEMILI,3,12.207,0.0415,4.456,4.218,7.989,0.0,,
TAMIL NADU,Kanchipuram,SRIPERUMBUDUR,1,21.997,0.0564,0.476,21.997,0.0,0.0,,
TAMIL NADU,Thiruvallur,KADAMBATHUR,1,1.563,0.0066,8.708,1.563,0.0,0.0,,
TAMIL NADU,Chengalpattu,KATTANKOLATHUR,0,0.0,0.0,22.31,0.0,0.0,0.0,,
TAMIL NADU,Chengalpattu,MADURANTAKAM,0,0.0,0.0,35.451,0.0,0.0,0.0,,
TAMIL NADU,Kanchipuram,UTTIRAMERUR,0,0.0,0.0,19.966,0.0,0.0,0.0,,
TAMIL NADU,Chengalpattu,ACHARAPAKKAM,0,0.0,0.0,25.821,0.0,0.0,0.0,,
TAMIL NADU,Tiruvannamalai,VANDAVASI,0,0.0,0.0,13.674,0.0,0.0,0.0,,
TAMIL NADU,Tiruvannamalai,VEMBAKKAM,5,24.525,0.0738,1.478,23.998,0.526,0.0,,
TAMIL NADU,Kanchipuram,WALAJABAD,2,14.975,0.0419,6.407,13.867,1.108,0.0,,
TAMIL NADU,Kanchipuram,KANCHIPURAM,3,11.933,0.0424,6.562,10.555,1.378,0.0,,
TAMIL NADU,Tiruvannamalai,ANAKKAVUR,2,13.43,0.0515,3.94,12.225,0.0,1.204,,
TAMIL NADU,Tiruvannamalai,CHEYYAR,4,42.802,0.1827,0.408,37.531,4.193,1.077,,
TAMIL NADU,Tiruvannamalai,THELLAR,0,0.0,0.0,14.509,0.0,0.0,0.0,,
TAMIL NADU,Tiruvannamalai,PERNAMALLUR,1,0.037,0.0001,9.689,0.0,0.0,0.037,,
TAMIL NADU,Tiruvannamalai,CHETPUT,0,0.0,0.0,16.939,0.0,0.0,0.0,,
TAMIL NADU,Tiruvannamalai,WEST ARANI,0,0.0,0.0,5.139,0.0,0.0,0.0,,
TAMIL NADU,Tiruvannamalai,ARANI,1,4.684,0.0199,5.247,4.684,0.0,0.0,,
TAMIL NADU,Ranipet,TIMIRI,2,6.196,0.0162,5.06,0.0,5.209,0.987,,
TAMIL NADU,Ranipet,ARCOT,7,36.173,0.1674,1.358,23.487,11.631,1.056,,
TAMIL NADU,Vellore,KANIYAMBADI,0,0.0,0.0,19.29,0.0,0.0,0.0,,
TAMIL NADU,Vellore,KATPADI,2,10.344,0.0363,4.069,10.344,0.0,0.0,,
ANDHRA PRADESH,Chittoor,GUDIPALA,0,0.0,0.0,13.911,0.0,0.0,0.0,,
TAMIL NADU,Ranipet,WALAJAPET,3,15.35,0.0742,8.214,15.35,0.0,0.0,,
TAMIL NADU,Ranipet,KAVERIPAKKAM,3,17.106,0.049,9.82,11.144,5.961,0.0,,
TAMIL NADU,Ranipet,SHOLINGHUR,1,7.104,0.0359,5.382,7.104,0.0,0.0,,
TAMIL NADU,Thiruvallur,R.K.PET,0,0.0,0.0,12.728,0.0,0.0,0.0,,
TAMIL NADU,Thiruvallur,TIRUTTANI,0,0.0,0.0,18.036,0.0,0.0,0.0,,
ANDHRA PRADESH,Chittoor,KARVETINAGAR,10,20.353,0.1127,0.141,16.361,3.993,0.0,,
TAMIL NADU,Thiruvallur,PALLIPATTU,0,0.0,0.0,9.012,0.0,0.0,0.0,,
ANDHRA PRADESH,Chittoor,SRIRANGARAJAPURAM,7,7.835,0.0559,8.51,4.385,3.45,0.0,,
ANDHRA PRADESH,Chittoor,PALASAMUDRAM,0,0.0,0.0,14.612,0.0,0.0,0.0,,
ANDHRA PRADESH,Chittoor,GANGADHARA NELLORE,0,0.0,0.0,16.082,0.0,0.0,0.0,,
ANDHRA PRADESH,Chittoor,PENUMURU,0,0.0,0.0,17.555,0.0,0.0,0.0,,
ANDHRA PRADESH,Tirupati,RAMACHANDRAPURAM,1,3.704,0.0252,3.172,3.704,0.0,0.0,,
ANDHRA PRADESH,Tirupati,CHANDRAGIRI,0,0.0,0.0,17.784,0.0,0.0,0.0,,
ANDHRA PRADESH,Tirupati,Tirupati (urban),1,2.761,0.0068,11.956,2.761,0.0,0.0,,
ANDHRA PRADESH,Tirupati,SRIKALAHASTI,2,15.674,0.0392,6.974,15.674,0.0,0.0,,
ANDHRA PRADESH,Tirupati,YERPEDU,7,25.439,0.1125,0.6,18.814,0.0,0.0,,
ANDHRA PRADESH,Tirupati,RENIGUNTA,8,21.81,0.1207,0.243,6.508,0.0,0.0,,
ANDHRA PRADESH,Tirupati,VADAMALAPETA,1,11.762,0.1346,2.304,11.762,0.0,0.0,,
ANDHRA PRADESH,Tirupati,TIRUPATI (RURAL),0,0.0,0.0,5.944,0.0,0.0,0.0,,
ANDHRA PRADESH,Chittoor,VEDURUKUPPAM,1,1.962,0.0071,8.353,1.962,0.0,0.0,,
ANDHRA PRADESH,Tirupati,PUTTUR,1,17.894,0.1688,0.216,17.894,0.0,0.0,,
ANDHRA PRADESH,Tirupati,NARAYANAVANAM,0,0.0,0.0,10.576,0.0,0.0,0.0,,
ANDHRA PRADESH,Tirupati,K.V.B.PURAM,9,35.645,0.0777,10.329,32.897,2.478,0.269,,
ANDHRA PRADESH,Tirupati,NAGALAPURAM,6,11.115,0.0581,2.507,0.0,0.0,1.158,,
ANDHRA PRADESH,Tirupati,SATYAVEDU,8,36.457,0.1626,3.143,31.751,3.204,1.503,,
ANDHRA PRADESH,Tirupati,VARADAIAHPALEM,19,63.369,0.1931,2.25,34.871,27.602,0.896,,
ANDHRA PRADESH,Tirupati,BUCHINADIDU KHANDRIGA,55,59.583,0.4726,0.198,18.438,26.105,15.041,,
ANDHRA PRADESH,Tirupati,DORAVARISATRAM,21,58.277,0.2115,0.854,7.15,23.565,27.562,,
ANDHRA PRADESH,Tirupati,PELLAKUR,75,103.864,0.5659,0.642,20.457,21.627,23.51,,
ANDHRA PRADESH,Tirupati,THOTTAMBEDU,44,90.045,0.488,0.388,50.83,8.042,12.98,,
ANDHRA PRADESH,Tirupati,BALAYAPALLE,22,53.313,0.1993,2.133,21.561,17.388,14.364,,
ANDHRA PRADESH,Tirupati,OZILI,45,109.166,0.4668,0.719,25.215,49.018,34.932,,
ANDHRA PRADESH,Tirupati,NAIDUPETA,18,32.319,0.1912,0.408,0.94,11.718,19.662,,
ANDHRA PRADESH,Tirupati,CHITTAMUR,5,21.408,0.0812,3.078,0.0,16.151,5.257,,
ANDHRA PRADESH,Tirupati,KOTA,18,35.32,0.1923,4.802,2.022,17.563,14.27,,
ANDHRA PRADESH,Tirupati,CHILLAKUR,29,58.628,0.1771,4.28,6.665,34.072,17.892,,
ANDHRA PRADESH,Spsr Nellore,VENKATACHALAM,12,61.473,0.2056,0.715,45.359,8.497,1.696,,
ANDHRA PRADESH,Spsr Nellore,MANUBOLU,5,28.293,0.1284,0.95,25.504,2.286,0.0,,
ANDHRA PRADESH,Tirupati,GUDUR,15,51.908,0.2113,5.51,0.0,31.002,20.906,,
ANDHRA PRADESH,Spsr Nellore,SYDAPURAM,60,139.333,0.4024,2.566,47.622,65.97,25.742,,
ANDHRA PRADESH,Spsr Nellore,RAPUR,8,56.678,0.1043,1.277,51.929,2.118,1.054,,
ANDHRA PRADESH,Tirupati,DAKKILI,10,45.109,0.1746,2.889,38.46,4.064,2.585,,
ANDHRA PRADESH,Tirupati,VENKATAGIRI,3,38.458,0.0993,3.747,38.458,0.0,0.0,,
ANDHRA PRADESH,Annamayya,CHITVEL,0,0.0,0.0,13.117,0.0,0.0,0.0,,
ANDHRA PRADESH,Annamayya,OBULAVARIPALLE,1,5.796,0.0265,2.866,5.796,0.0,0.0,,
ANDHRA PRADESH,Annamayya,KODUR,0,0.0,0.0,16.506,0.0,0.0,0.0,,
ANDHRA PRADESH,Annamayya,PULLAMPETA,3,26.098,0.026,12.028,24.849,1.248,0.0,,
ANDHRA PRADESH,Annamayya,PENAGALUR,0,0.0,0.0,11.897,0.0,0.0,0.0,,
ANDHRA PRADESH,Annamayya,NANDALUR,0,0.0,0.0,16.366,0.0,0.0,0.0,,
ANDHRA PRADESH,Annamayya,RAJAMPET,19,69.337,0.2339,0.25,34.05,33.655,0.0,,
ANDHRA PRADESH,Annamayya,RAMAPURAM,20,34.61,0.1831,0.688,0.0,14.843,19.766,,
ANDHRA PRADESH,Annamayya,VEERABALLI,0,0.0,0.0,12.893,0.0,0.0,0.0,,
ANDHRA PRADESH,Annamayya,RAYACHOTY,0,0.0,0.0,10.369,0.0,0.0,0.0,,
ANDHRA PRADESH,Annamayya,SAMBEPALLE,1,16.734,0.0693,5.357,16.734,0.0,0.0,,
ANDHRA PRADESH,Annamayya,T.SUNDUPALLE,5,25.742,0.0662,3.266,22.392,0.0,3.35,,
ANDHRA PRADESH,Tirupati,YERRAVARIPALEM,0,0.0,0.0,16.523,0.0,0.0,0.0,,
ANDHRA PRADESH,Annamayya,KAMBHAMVARIPALLE,12,59.516,0.1609,1.465,27.033,13.512,18.971,,
ANDHRA PRADESH,Annamayya,PILER,1,27.147,0.119,1.304,27.147,0.0,0.0,,
ANDHRA PRADESH,Chittoor,ROMPICHERLA,0,0.0,0.0,12.296,0.0,0.0,0.0,,
ANDHRA PRADESH,Tirupati,CHINNAGOTTIGALLU,0,0.0,0.0,13.408,0.0,0.0,0.0,,
ANDHRA PRADESH,Chittoor,PULICHERLA H/O REDDIVARIPALLE,2,24.964,0.1135,0.553,24.157,0.807,0.0,,
ANDHRA PRADESH,Tirupati,PAKALA,1,12.575,0.0712,3.984,12.575,0.0,0.0,,
ANDHRA PRADESH,Chittoor,SODAM,3,43.374,0.2194,0.324,2.57,33.936,6.868,,
ANDHRA PRADESH,Chittoor,SOMALA,1,1.829,0.0038,6.342,0.0,1.829,0.0,,
ANDHRA PRADESH,Annamayya,VALMIKIPURAM,3,12.274,0.0594,1.796,4.562,7.712,0.0,,
ANDHRA PRADESH,Annamayya,KALIKIRI,1,13.32,0.0829,0.231,13.32,0.0,0.0,,
ANDHRA PRADESH,Annamayya,KALAKADA,5,26.172,0.1164,2.542,9.451,16.721,0.0,,
ANDHRA PRADESH,Annamayya,GURRAMKONDA,4,59.63,0.233,3.262,0.0,59.63,0.0,,
ANDHRA PRADESH,Annamayya,KURABALAKOTA,1,16.545,0.1014,1.341,16.545,0.0,0.0,,
ANDHRA PRADESH,Annamayya,NIMMANAPALLE,2,8.589,0.0455,3.151,8.589,0.0,0.0,,
ANDHRA PRADESH,Chittoor,CHOWDEPALLE,4,11.119,0.0478,5.718,0.0,0.452,10.666,,
ANDHRA PRADESH,Chittoor,PUNGANUR,9,49.688,0.1797,0.177,24.02,17.6,8.067,,
ANDHRA PRADESH,Annamayya,MADANAPALLE,2,22.271,0.0649,0.242,22.271,0.0,0.0,,
KARNATAKA,Kolar,SRINIVASPUR,0,0.0,0.0,25.968,0.0,0.0,0.0,,
ANDHRA PRADESH,Annamayya,B.KOTHAKOTA,1,33.045,0.1288,1.352,33.045,0.0,0.0,,
ANDHRA PRADESH,Annamayya,THAMBALLAPALLE,10,46.841,0.1253,8.033,40.559,5.937,0.0,,
ANDHRA PRADESH,Annamayya,MULAKALACHERUVU,1,1.276,0.0049,6.629,1.276,0.0,0.0,,
ANDHRA PRADESH,Sri Sathya Sai,GANDLAPENTA,0,0.0,0.0,6.925,0.0,0.0,0.0,,
ANDHRA PRADESH,Sri Sathya Sai,NAMBULAPULIKUNTA,2,38.181,0.1051,1.712,38.181,0.0,0.0,,
ANDHRA PRADESH,Annamayya,PEDDAMANDYAM,9,51.263,0.1968,1.077,39.833,11.43,0.0,,
ANDHRA PRADESH,Annamayya,CHINNAMANDEM,2,16.987,0.0873,0.954,14.91,0.0,0.0,,
ANDHRA PRADESH,Annamayya,GALIVEEDU,26,71.417,0.1902,0.559,48.479,15.652,7.286,,
ANDHRA PRADESH,Annamayya,LAKKIREDDIPALLE,28,65.139,0.2935,0.399,19.236,25.03,20.874,,
ANDHRA PRADESH,Y.S.R.,CHAKRAYAPET,0,0.0,0.0,10.851,0.0,0.0,0.0,,
ANDHRA PRADESH,Sri Sathya Sai,TALUPULA,1,35.464,0.0759,2.204,35.464,0.0,0.0,,
ANDHRA PRADESH,Sri Sathya Sai,NALLAMADA,0,0.0,0.0,10.246,0.0,0.0,0.0,,
ANDHRA PRADESH,Sri Sathya Sai,KADIRI,2,29.391,0.1227,2.69,29.391,0.0,0.0,,
ANDHRA PRADESH,Sri Sathya Sai,NALLACHERUVU,1,15.805,0.1028,5.13,15.805,0.0,0.0,,
ANDHRA PRADESH,Sri Sathya Sai,TANAKAL,1,30.253,0.0871,0.868,30.253,0.0,0.0,,
ANDHRA PRADESH,Sri Sathya Sai,AMADAGUR,1,2.915,0.0114,7.497,2.915,0.0,0.0,,
ANDHRA PRADESH,Sri Sathya Sai,OBULADEVARECHERUVU,0,0.0,0.0,12.998,0.0,0.0,0.0,,
ANDHRA PRADESH,Sri Sathya Sai,GORANTLA,0,0.0,0.0,17.698,0.0,0.0,0.0,,
ANDHRA PRADESH,Sri Sathya Sai,PUTTAPARTHI,2,9.252,0.032,6.838,9.252,0.0,0.0,,
ANDHRA PRADESH,Sri Sathya Sai,BUKKAPATNAM,4,50.202,0.149,1.732,36.354,0.743,0.0,,
ANDHRA PRADESH,Sri Sathya Sai,CHENNEKOTHAPALLE,3,25.099,0.0692,5.026,17.811,0.0,0.0,,
ANDHRA PRADESH,Sri Sathya Sai,KOTHACHERUVU,1,15.909,0.0846,3.607,15.909,0.0,0.0,,
ANDHRA PRADESH,Sri Sathya Sai,PENUKONDA,2,20.711,0.0684,3.36,19.565,0.0,0.0,,
ANDHRA PRADESH,Sri Sathya Sai,RAMAGIRI,8,27.206,0.0803,3.967,22.042,4.044,1.12,,
ANDHRA PRADESH,Sri Sathya Sai,RODDAM,1,10.522,0.0285,6.771,10.522,0.0,0.0,,
ANDHRA PRADESH,Sri Sathya Sai,PARIGI,7,20.291,0.1302,2.359,14.566,0.0,0.0,,
ANDHRA PRADESH,Sri Sathya Sai,SOMANDEPALLE,1,12.192,0.0564,3.341,12.192,0.0,0.0,,
ANDHRA PRADESH,Sri Sathya Sai,CHILAMATHUR,1,3.963,0.0166,7.222,3.963,0.0,0.0,,
KARNATAKA,Chikkaballapura,GUDIBANDA,0,0.0,0.0,16.604,0.0,0.0,0.0,,
ANDHRA PRADESH,Sri Sathya Sai,LEPAKSHI,1,22.819,0.1499,4.738,22.819,0.0,0.0,,
ANDHRA PRADESH,Sri Sathya Sai,HINDUPUR,5,33.048,0.1666,2.938,33.048,0.0,0.0,,
KARNATAKA,Chikkaballapura,GAURIBIDANUR,0,0.0,0.0,15.833,0.0,0.0,0.0,,
KARNATAKA,Chikkaballapura,CHIKBALLAPUR,0,0.0,0.0,31.729,0.0,0.0,0.0,,
KARNATAKA,Chikkaballapura,SIDLAGHATTA,0,0.0,0.0,42.951,0.0,0.0,0.0,,
KARNATAKA,Chikkaballapura,BAGEPALLI,0,0.0,0.0,29.259,0.0,0.0,0.0,,
ANDHRA PRADESH,Annamayya,PEDDATHIPPASAMUDRAM,1,13.875,0.0511,8.076,13.875,0.0,0.0,,
KARNATAKA,Chikkaballapura,CHINTAMANI,0,0.0,0.0,25.138,0.0,0.0,0.0,,
KARNATAKA,Kolar,KOLAR,0,0.0,0.0,47.238,0.0,0.0,0.0,,
KARNATAKA,Kolar,BANGARAPET,0,0.0,0.0,23.94,0.0,0.0,0.0,,
KARNATAKA,Kolar,MALUR,0,0.0,0.0,24.928,0.0,0.0,0.0,,
KARNATAKA,Bengaluru Rural,HOSKOTE,0,0.0,0.0,32.227,0.0,0.0,0.0,,
KARNATAKA,Bengaluru Rural,DEVANHALLI,0,0.0,0.0,49.497,0.0,0.0,0.0,,
KARNATAKA,Bengaluru Rural,DODBALLAPUR,0,0.0,0.0,26.832,0.0,0.0,0.0,,
KARNATAKA,Bengaluru Urban,BENGALURU NORTH,0,0.0,0.0,22.981,0.0,0.0,0.0,,
KARNATAKA,Bengaluru Urban,YELAHANKA,0,0.0,0.0,40.016,0.0,0.0,0.0,,
KARNATAKA,Bengaluru Urban,BENGALURU EAST,0,0.0,0.0,30.862,0.0,0.0,0.0,,
KARNATAKA,Bengaluru Urban,ANEKAL,0,0.0,0.0,21.331,0.0,0.0,0.0,,
KARNATAKA,Bengaluru Urban,BENGALURU SOUTH,0,0.0,0.0,18.641,0.0,0.0,0.0,,
KARNATAKA,Ramanagara,KANAKAPURA,10,117.67,0.0759,6.683,109.717,5.363,0.0,,
TAMIL NADU,Krishnagiri,KELAMANGALAM,1,0.498,0.0009,9.086,0.498,0.0,0.0,,
TAMIL NADU,Krishnagiri,HOSUR,3,27.15,0.0763,6.617,27.15,0.0,0.0,,
TAMIL NADU,Krishnagiri,SHOOLAGIRI,6,40.358,0.0671,2.973,14.049,14.685,11.624,,
TAMIL NADU,Krishnagiri,VEPPANAPALLI,0,0.0,0.0,17.724,0.0,0.0,0.0,,
TAMIL NADU,Krishnagiri,KRISHNAGIRI,2,5.829,0.0148,11.095,5.829,0.0,0.0,,
TAMIL NADU,Krishnagiri,BARGUR,3,16.017,0.0318,10.393,15.248,0.769,0.0,,
TAMIL NADU,Tirupathur,TIRUPPATTUR,0,0.0,0.0,29.944,0.0,0.0,0.0,,
TAMIL NADU,Tirupathur,JOLARPET,0,0.0,0.0,32.771,0.0,0.0,0.0,,
TAMIL NADU,Tirupathur,NATRAMPALLI,0,0.0,0.0,22.951,0.0,0.0,0.0,,
TAMIL NADU,Vellore,PERANAMBATTU,0,0.0,0.0,23.266,0.0,0.0,0.0,,
ANDHRA PRADESH,Chittoor,RAMAKUPPAM,1,10.991,0.0346,6.21,10.991,0.0,0.0,,
ANDHRA PRADESH,Chittoor,SANTHIPURAM HO ARIMUTHANAPALLE,1,6.634,0.0411,4.465,6.634,0.0,0.0,,
ANDHRA PRADESH,Chittoor,KUPPAM,1,4.388,0.0107,6.203,4.388,0.0,0.0,,
ANDHRA PRADESH,Chittoor,GUDUPALLE,1,6.327,0.0454,2.193,6.327,0.0,0.0,,
KARNATAKA,Kolar,K G F,0,0.0,0.0,17.402,0.0,0.0,0.0,,
ANDHRA PRADESH,Annamayya,RAMASAMUDRAM,0,0.0,0.0,9.212,0.0,0.0,0.0,,
KARNATAKA,Kolar,MULBAGAL,0,0.0,0.0,16.281,0.0,0.0,0.0,,
ANDHRA PRADESH,Chittoor,BAIREDDIPALLE,1,13.757,0.0609,3.946,13.757,0.0,0.0,,
ANDHRA PRADESH,Chittoor,VENKATAGIRIKOTA,1,17.162,0.0652,1.401,17.162,0.0,0.0,,
TAMIL NADU,Vellore,GUDIYATTAM,0,0.0,0.0,29.163,0.0,0.0,0.0,,
ANDHRA PRADESH,Chittoor,PALAMANER,0,0.0,0.0,8.147,0.0,0.0,0.0,,
ANDHRA PRADESH,Chittoor,GANGAVARAM,2,17.797,0.0772,4.05,17.797,0.0,0.0,,
ANDHRA PRADESH,Chittoor,PEDDAPANJANI,4,41.194,0.1861,0.422,16.581,24.614,0.0,,
ANDHRA PRADESH,Chittoor,BANGARUPALEM,1,3.909,0.0129,8.256,3.909,0.0,0.0,,
ANDHRA PRADESH,Chittoor,THAVANAMPALLE,1,20.435,0.0989,0.167,20.435,0.0,0.0,,
ANDHRA PRADESH,Chittoor,IRALA,1,25.174,0.1191,0.121,25.174,0.0,0.0,,
ANDHRA PRADESH,Chittoor,PUTHALAPATTU,0,0.0,0.0,10.151,0.0,0.0,0.0,,
ANDHRA PRADESH,Chittoor,CHITTOOR,0,0.0,0.0,14.914,0.0,0.0,0.0,,
ANDHRA PRADESH,Chittoor,YADAMARI,0,0.0,0.0,9.835,0.0,0.0,0.0,,
TAMIL NADU,Vellore,K.V.KUPPAM,0,0.0,0.0,24.25,0.0,0.0,0.0,,
TAMIL NADU,Vellore,VELLORE,0,0.0,0.0,23.142,0.0,0.0,0.0,,
TAMIL NADU,Vellore,ANAICUT,0,0.0,0.0,21.224,0.0,0.0,0.0,,
TAMIL NADU,Tirupathur,MADHANUR,0,0.0,0.0,34.309,0.0,0.0,0.0,,
TAMIL NADU,Tirupathur,ALANGAYAN,0,0.0,0.0,36.407,0.0,0.0,0.0,,
TAMIL NADU,Tiruvannamalai,JAWATHU HILLS,0,0.0,0.0,23.356,0.0,0.0,0.0,,
TAMIL NADU,Tiruvannamalai,POLUR,2,11.656,0.0397,4.396,10.491,1.164,0.0,,
TAMIL NADU,Tiruvannamalai,KALASAPAKKAM,0,0.0,0.0,24.809,0.0,0.0,0.0,,
TAMIL NADU,Tiruvannamalai,THURINJAPURAM,0,0.0,0.0,22.396,0.0,0.0,0.0,,
TAMIL NADU,Tiruvannamalai,PUDUPALAYAM,0,0.0,0.0,23.142,0.0,0.0,0.0,,
TAMIL NADU,Tiruvannamalai,TIRUVANNAMALAI,15,48.99,0.1268,0.914,9.028,22.958,17.004,,
TAMIL NADU,Tiruvannamalai,THANDRAMPET,15,66.475,0.0902,1.743,27.774,35.337,2.99,,
TAMIL NADU,Tiruvannamalai,CHENGAM,0,0.0,0.0,15.161,0.0,0.0,0.0,,
TAMIL NADU,Krishnagiri,UTHANGARAI,7,37.265,0.0909,3.756,31.334,5.931,0.0,,
TAMIL NADU,Tirupathur,KANDILI,0,0.0,0.0,19.397,0.0,0.0,0.0,,
TAMIL NADU,Krishnagiri,MATHUR,1,2.755,0.011,11.282,2.755,0.0,0.0,,
TAMIL NADU,Krishnagiri,KAVERIPATTINAM,6,50.356,0.1633,1.947,48.824,1.532,0.0,,
TAMIL NADU,Dharmapuri,MORAPPUR,3,27.809,0.1252,3.157,27.809,0.0,0.0,,
TAMIL NADU,Dharmapuri,KADATHUR,0,0.0,0.0,9.178,0.0,0.0,0.0,,
TAMIL NADU,Dharmapuri,HARUR,2,9.393,0.0125,13.812,9.393,0.0,0.0,,
TAMIL NADU,Dharmapuri,PAPPIREDDIPATTY,8,38.325,0.0656,8.565,38.325,0.0,0.0,,
TAMIL NADU,Salem,YERCAUD,0,0.0,0.0,12.26,0.0,0.0,0.0,,
TAMIL NADU,Salem,VALAPADY,6,24.142,0.0879,2.201,19.998,4.144,0.0,,
TAMIL NADU,Salem,AYODHIYAPATTINAM,0,0.0,0.0,7.054,0.0,0.0,0.0,,
TAMIL NADU,Salem,ATTUR,0,0.0,0.0,22.657,0.0,0.0,0.0,,
TAMIL NADU,Salem,PEDDANAICKENPALAYAM,1,0.248,0.0004,12.571,0.248,0.0,0.0,,
TAMIL NADU,Salem,TALAVASAL,0,0.0,0.0,28.09,0.0,0.0,0.0,,
TAMIL NADU,Kallakurichi,CHINNASALEM,0,0.0,0.0,14.892,0.0,0.0,0.0,,
TAMIL NADU,Kallakurichi,KALRAYANHILLS,0,0.0,0.0,9.272,0.0,0.0,0.0,,
TAMIL NADU,Kallakurichi,SANKARAPURAM,9,38.145,0.133,4.148,26.996,11.149,0.0,,
TAMIL NADU,Kallakurichi,RISHIVANDIAM,6,27.219,0.0824,3.826,25.893,1.326,0.0,,
TAMIL NADU,Kallakurichi,THIAGADURGAM,1,0.291,0.001,6.963,0.291,0.0,0.0,,
TAMIL NADU,Kallakurichi,KALLAKKURICHI,11,48.969,0.1378,0.856,22.832,24.207,1.929,,
TAMIL NADU,Cuddalore,MANGALUR,4,14.911,0.0324,13.138,12.281,0.0,2.63,,
TAMIL NADU,Perambalur,VEPPUR,0,0.0,0.0,17.012,0.0,0.0,0.0,,
TAMIL NADU,Perambalur,VEPPANTHATTAI,0,0.0,0.0,23.963,0.0,0.0,0.0,,
TAMIL NADU,Perambalur,PERAMBALUR,0,0.0,0.0,29.595,0.0,0.0,0.0,,
TAMIL NADU,Perambalur,ALATHUR,0,0.0,0.0,18.667,0.0,0.0,0.0,,
TAMIL NADU,Ariyalur,ARIYALUR,1,1.862,0.0057,15.855,0.0,0.0,1.862,,
TAMIL NADU,Ariyalur,THIRUMANUR,19,66.45,0.1846,2.644,24.584,13.315,28.551,,
TAMIL NADU,Thanjavur,THIRUVAIYARU,1,4.224,0.0249,7.204,4.224,0.0,0.0,,
TAMIL NADU,Thanjavur,THANJAVUR,8,49.435,0.1124,2.296,38.215,10.456,0.764,,
TAMIL NADU,Pudukkottai,GANDARAVAKOTTAI,2,3.236,0.01,7.012,3.236,0.0,0.0,,
TAMIL NADU,Thanjavur,BUDALUR,8,68.181,0.2389,0.843,61.518,0.0,6.663,,
TAMIL NADU,Pudukkottai,KUNNANDARKOIL,1,1.134,0.0029,13.753,1.134,0.0,0.0,,
TAMIL NADU,Tiruchirappalli,THIRUVERAMBUR,13,91.054,0.2657,0.044,75.021,14.187,1.846,,
TAMIL NADU,Tiruchirappalli,LALGUDI,10,27.49,0.1331,1.952,16.662,1.962,8.866,,
TAMIL NADU,Tiruchirappalli,PULLAMBADI,12,54.861,0.1399,3.028,23.34,18.331,13.19,,
TAMIL NADU,Tiruchirappalli,MANACHANELLUR,5,66.548,0.1745,6.905,65.157,0.0,1.391,,
TAMIL NADU,Tiruchirappalli,MUSIRI,5,23.257,0.0654,11.113,23.257,0.0,0.0,,
TAMIL NADU,Karur,KULITTALAI,8,83.227,0.4341,0.558,77.793,4.759,0.675,,
TAMIL NADU,Tiruchirappalli,ANDANALLUR,5,14.608,0.1052,3.292,13.664,0.944,0.0,,
TAMIL NADU,Tiruchirappalli,MANIKANDAM,11,53.581,0.2439,0.197,33.298,17.721,2.562,,
TAMIL NADU,Pudukkottai,VIRALIMALAI,1,0.443,0.0009,11.363,0.443,0.0,0.0,,
TAMIL NADU,Karur,THOGAIMALAI,5,22.046,0.0713,8.587,16.024,5.258,0.764,,
TAMIL NADU,Tiruchirappalli,MANAPPARAI,0,0.0,0.0,11.621,0.0,0.0,0.0,,
TAMIL NADU,Tiruchirappalli,VAIYAMPATTI,4,12.504,0.0419,1.161,5.579,4.977,1.948,,
TAMIL NADU,Karur,KRISHNARAYAPURAM,3,49.595,0.1248,8.135,49.595,0.0,0.0,,
TAMIL NADU,Tiruchirappalli,THOTTIAM,5,68.74,0.2461,3.829,68.74,0.0,0.0,,
TAMIL NADU,Namakkal,ERUMAPATTY,0,0.0,0.0,16.485,0.0,0.0,0.0,,
TAMIL NADU,Tiruchirappalli,TATTAYYANGARPETTAI,0,0.0,0.0,9.287,0.0,0.0,0.0,,
TAMIL NADU,Tiruchirappalli,TURAIYUR,0,0.0,0.0,30.602,0.0,0.0,0.0,,
TAMIL NADU,Tiruchirappalli,UPPILIAPURAM,0,0.0,0.0,34.998,0.0,0.0,0.0,,
TAMIL NADU,Salem,GANGAVALLI,0,0.0,0.0,35.393,0.0,0.0,0.0,,
TAMIL NADU,Namakkal,NAMAGIRIPET,0,0.0,0.0,26.484,0.0,0.0,0.0,,
TAMIL NADU,Namakkal,KOLLI HILLS,0,0.0,0.0,32.805,0.0,0.0,0.0,,
TAMIL NADU,Namakkal,SENDAMANGALAM,0,0.0,0.0,33.171,0.0,0.0,0.0,,
TAMIL NADU,Namakkal,RASIPURAM,0,0.0,0.0,33.432,0.0,0.0,0.0,,
TAMIL NADU,Namakkal,PUDUCHATRAM,0,0.0,0.0,28.516,0.0,0.0,0.0,,
TAMIL NADU,Namakkal,ELACIPALAYAM,0,0.0,0.0,18.825,0.0,0.0,0.0,,
TAMIL NADU,Namakkal,MALLASAMUDRAM,0,0.0,0.0,26.867,0.0,0.0,0.0,,
TAMIL NADU,Namakkal,TIRUCHENGODU,0,0.0,0.0,8.521,0.0,0.0,0.0,,
TAMIL NADU,Namakkal,PARAMATHY,2,15.225,0.0658,8.433,15.225,0.0,0.0,,
TAMIL NADU,Namakkal,KABILAMALAI,2,25.666,0.123,3.637,25.666,0.0,0.0,,
TAMIL NADU,Erode,KODUMUDI,35,137.091,0.6468,0.42,70.02,44.371,22.7,,
TAMIL NADU,Karur,KARUR,3,60.041,0.2399,1.091,40.711,0.0,19.33,,
TAMIL NADU,Namakkal,NAMAKKAL,0,0.0,0.0,13.653,0.0,0.0,0.0,,
TAMIL NADU,Namakkal,MOHANUR,2,14.698,0.0558,4.768,14.698,0.0,0.0,,
TAMIL NADU,Karur,THANTHONI,1,12.705,0.0348,5.266,12.705,0.0,0.0,,
TAMIL NADU,Karur,KADAVUR,1,0.218,0.0005,13.226,0.218,0.0,0.0,,
TAMIL NADU,Dindigul,GUZILIAMPARAI,1,17.654,0.0431,9.018,17.654,0.0,0.0,,
TAMIL NADU,Karur,ARAVAKURICHI,8,39.185,0.0886,9.048,39.185,0.0,0.0,,
TAMIL NADU,Dindigul,VEDASANDUR,2,11.999,0.034,5.395,11.999,0.0,0.0,,
TAMIL NADU,Karur,K.PARAMATHY,8,58.776,0.107,6.395,45.223,0.0,4.809,,
TAMIL NADU,Tiruppur,VELLAKOIL,19,111.226,0.3145,0.541,65.267,30.844,11.368,,
TAMIL NADU,Tiruppur,KANGAYAM,10,72.15,0.1937,0.203,49.036,17.542,5.572,,
TAMIL NADU,Tiruppur,MULANUR,0,0.0,0.0,12.213,0.0,0.0,0.0,,
TAMIL NADU,Dindigul,THOPPAMPATTI,12,55.51,0.0927,3.877,35.213,16.163,4.133,,
TAMIL NADU,Tiruppur,DHARAPURAM,37,118.664,0.2838,0.365,35.897,33.195,49.572,,
TAMIL NADU,Tiruppur,MADATHUKULAM,44,157.716,0.7702,0.149,88.173,34.545,34.997,,
TAMIL NADU,Tiruppur,KUNDADAM,36,137.018,0.2454,1.744,11.655,36.453,88.91,,
TAMIL NADU,Tiruppur,PONGALUR,22,122.959,0.3502,0.021,61.32,49.124,12.515,,
TAMIL NADU,Tiruppur,TIRUPPUR,4,9.586,0.0331,9.907,0.0,9.278,0.307,,
TAMIL NADU,Tiruppur,UTTUKKULI,0,0.0,0.0,15.066,0.0,0.0,0.0,,
TAMIL NADU,Erode,MODAKURICHI,62,239.486,0.5949,0.873,60.894,74.729,103.863,,
TAMIL NADU,Erode,CHENNIMALAI,12,56.901,0.1999,7.133,33.49,12.013,11.397,,
TAMIL NADU,Erode,ERODE,26,108.715,0.6951,0.227,28.126,23.062,57.527,,
TAMIL NADU,Namakkal,PALLIPALAYAM,5,34.863,0.2129,0.222,19.17,15.693,0.0,,
TAMIL NADU,Erode,BHAVANI,27,76.185,0.3349,0.983,11.279,25.679,39.228,,
TAMIL NADU,Erode,GOPICHETTIPALAIYAM,39,181.165,0.8331,0.721,88.015,36.896,56.255,,
TAMIL NADU,Erode,PERUNDURAI,19,69.421,0.2426,2.039,30.315,24.825,14.281,,
TAMIL NADU,Erode,NAMBIYUR,19,58.346,0.1993,5.875,25.149,20.054,13.142,,
TAMIL NADU,Erode,THOOCKANAICKENPALAIYAM,17,108.947,0.6897,0.143,91.226,7.038,10.683,,
TAMIL NADU,Salem,ANDIYUR,3,4.486,0.0058,13.799,4.486,0.0,0.0,,
TAMIL NADU,Salem,KOLATHUR,2,22.402,0.0569,1.803,22.402,0.0,0.0,,
TAMIL NADU,Erode,AMMAPET,11,52.014,0.1032,4.306,38.637,2.141,11.235,,
TAMIL NADU,Salem,SANKARI,4,37.785,0.1256,4.897,23.921,11.688,2.176,,
TAMIL NADU,Salem,IDAPPADI,2,16.327,0.0817,4.607,14.228,2.099,0.0,,
TAMIL NADU,Salem,TARAMANGALAM,0,0.0,0.0,16.329,0.0,0.0,0.0,,
TAMIL NADU,Salem,MACDONALDS CHOULTRY,0,0.0,0.0,19.867,0.0,0.0,0.0,,
TAMIL NADU,Salem,KONGANAPURAM,0,0.0,0.0,12.672,0.0,0.0,0.0,,
TAMIL NADU,Salem,VEERAPANDI,0,0.0,0.0,29.055,0.0,0.0,0.0,,
TAMIL NADU,Namakkal,VENNANDUR,0,0.0,0.0,31.538,0.0,0.0,0.0,,
TAMIL NADU,Salem,PANAMARATHUPATTI,0,0.0,0.0,20.66,0.0,0.0,0.0,,
TAMIL NADU,Salem,SALEM,0,0.0,0.0,23.92,0.0,0.0,0.0,,
TAMIL NADU,Salem,OMALUR,0,0.0,0.0,16.586,0.0,0.0,0.0,,
TAMIL NADU,Salem,KADAIYAMPATTY,1,2.302,0.0069,6.44,0.0,0.0,2.302,,
TAMIL NADU,Salem,MECHERI,1,22.015,0.1045,3.475,0.0,0.0,22.015,,
TAMIL NADU,Salem,NANGAVALLI,0,0.0,0.0,6.147,0.0,0.0,0.0,,
TAMIL NADU,Dharmapuri,PENNAGARAM,0,0.0,0.0,24.246,0.0,0.0,0.0,,
TAMIL NADU,Dharmapuri,NALLAMPALLI,2,18.494,0.0392,11.692,18.242,0.0,0.252,,
TAMIL NADU,Dharmapuri,DHARMAPURI,0,0.0,0.0,21.01,0.0,0.0,0.0,,
TAMIL NADU,Dharmapuri,KARIMANGALAM,1,4.118,0.0125,3.623,4.118,0.0,0.0,,
TAMIL NADU,Dharmapuri,PALAKKODU,2,16.517,0.0391,4.393,16.517,0.0,0.0,,
TAMIL NADU,Krishnagiri,THALLY,0,0.0,0.0,23.047,0.0,0.0,0.0,,
KARNATAKA,Chamarajanagara,KOLLEGALA,48,173.954,0.0874,16.154,68.776,55.876,45.177,,
KARNATAKA,Chamarajanagara,Hanuru,11,61.566,0.0764,9.281,49.01,7.852,4.704,,
KARNATAKA,Mandya,MALVALLI,55,288.025,0.3555,0.897,107.83,76.22,29.372,,
KARNATAKA,Chamarajanagara,YELANDUR,23,84.714,0.3169,4.504,11.889,39.744,33.082,,
KARNATAKA,Mysuru,TIRUMAKUDAL-NARSIPUR,128,521.936,0.8681,0.435,280.281,120.266,110.792,,
KARNATAKA,Mysuru,MYSURU,78,335.97,0.4169,4.609,175.403,89.913,70.619,,
KARNATAKA,Mandya,SHRIRANGAPATTANA,41,297.961,0.8313,0.799,214.358,68.066,15.537,,
KARNATAKA,Mysuru,NANJANGUD,96,554.206,0.5673,0.473,347.675,126.254,62.083,,
KARNATAKA,Chamarajanagara,GUNDLUPET,4,28.537,0.0207,7.857,28.537,0.0,0.0,,
TAMIL NADU,The Nilgiris,GUDALUR,0,0.0,0.0,26.726,0.0,0.0,0.0,,
TAMIL NADU,Erode,TALAVADI,0,0.0,0.0,20.669,0.0,0.0,0.0,,
KARNATAKA,Chamarajanagara,CHAMARAJANAGAR,40,152.754,0.1247,5.877,95.729,29.969,27.056,,
TAMIL NADU,Erode,SATYAMANGALAM,15,44.441,0.0605,5.085,13.341,19.264,11.837,,
TAMIL NADU,Erode,BHAVANISAGAR,4,16.176,0.0405,6.045,11.765,3.563,0.849,,
TAMIL NADU,The Nilgiris,KOTAGIRI,0,0.0,0.0,22.441,0.0,0.0,0.0,,
TAMIL NADU,Coimbatore,KARAMADAI,0,0.0,0.0,34.233,0.0,0.0,0.0,,
TAMIL NADU,Coimbatore,PERIYANAYAKKANPALAYAM,0,0.0,0.0,35.621,0.0,0.0,0.0,,
TAMIL NADU,Coimbatore,SARCARSAMAKULAM,0,0.0,0.0,20.14,0.0,0.0,0.0,,
TAMIL NADU,Coimbatore,SULUR,0,0.0,0.0,8.574,0.0,0.0,0.0,,
TAMIL NADU,Coimbatore,ANNUR,0,0.0,0.0,21.857,0.0,0.0,0.0,,
TAMIL NADU,Tiruppur,AVANASHI,0,0.0,0.0,17.248,0.0,0.0,0.0,,
TAMIL NADU,Tiruppur,PALLADAM,9,44.883,0.1449,2.166,28.136,14.888,1.859,,
TAMIL NADU,Coimbatore,SULTANPET,14,64.306,0.219,4.752,25.518,20.426,18.362,,
TAMIL NADU,Tiruppur,GUDIMANGALAM,29,110.017,0.3483,0.439,5.059,59.482,44.386,,
TAMIL NADU,Coimbatore,POLLACHI NORTH,11,55.008,0.1757,4.881,27.553,22.492,4.964,,
TAMIL NADU,Coimbatore,POLLACHI SOUTH,18,87.277,0.4627,0.758,28.861,41.166,17.25,,
TAMIL NADU,Coimbatore,KINATHUKADAVU,5,33.518,0.1015,1.913,2.067,31.45,0.0,,
TAMIL NADU,Coimbatore,MADUKKARAI,0,0.0,0.0,15.582,0.0,0.0,0.0,,
TAMIL NADU,Coimbatore,THONDAMUTHUR,0,0.0,0.0,15.79,0.0,0.0,0.0,,
KERALA,Palakkad,MALAMPUZHA,22,84.334,0.1814,4.249,72.356,0.332,11.646,,
KERALA,Palakkad,CHITTUR,72,168.925,0.6042,0.332,161.607,0.0,7.317,,
KERALA,Palakkad,KOLLENGODE,23,83.914,0.2436,1.691,78.108,0.0,2.2,,
KERALA,Palakkad,KUZHALMANNAM,18,100.482,0.5259,0.725,93.759,0.0,6.723,,
KERALA,Palakkad,ALATHUR,16,111.376,0.2963,0.121,106.608,0.0,4.141,,
KERALA,Palakkad,PALAKKAD,23,98.878,0.4041,1.91,92.983,0.0,5.896,,
KERALA,Palakkad,MANNARKAD,14,66.22,0.1401,0.287,48.229,6.221,11.77,,
KERALA,Malappuram,KALIKAVU,0,0.0,0.0,21.2,0.0,0.0,0.0,,
KERALA,Palakkad,ATTAPPADI,0,0.0,0.0,11.0,0.0,0.0,0.0,,
TAMIL NADU,The Nilgiris,COONOOR,0,0.0,0.0,40.73,0.0,0.0,0.0,,
TAMIL NADU,The Nilgiris,UDHAGAMANDALAM,0,0.0,0.0,44.289,0.0,0.0,0.0,,
KERALA,Malappuram,NILAMBUR,0,0.0,0.0,27.646,0.0,0.0,0.0,,
KERALA,Kozhikode,KODUVALLY,0,0.0,0.0,17.041,0.0,0.0,0.0,,
KERALA,Malappuram,AREAKODE,0,0.0,0.0,23.806,0.0,0.0,0.0,,
KERALA,Malappuram,KONDOTTY,0,0.0,0.0,17.848,0.0,0.0,0.0,,
KERALA,Malappuram,VENGARA,0,0.0,0.0,32.689,0.0,0.0,0.0,,
KERALA,Malappuram,MALAPPURAM,0,0.0,0.0,32.738,0.0,0.0,0.0,,
KERALA,Malappuram,WANDOOR,0,0.0,0.0,33.544,0.0,0.0,0.0,,
KERALA,Malappuram,PERINTHALMANNA,0,0.0,0.0,12.081,0.0,0.0,0.0,,
KERALA,Palakkad,PATTAMBI,2,1.692,0.0074,8.561,1.692,0.0,0.0,,
KERALA,Palakkad,SREEKRISHNAPURAM,20,73.974,0.3099,0.434,54.537,3.584,15.854,,
KERALA,Palakkad,OTTAPPALAM,12,49.219,0.2311,1.556,40.302,0.0,8.917,,
KERALA,Thrissur,PAZHAYANNUR,11,37.707,0.1659,4.124,33.168,0.0,4.539,,
KERALA,Thrissur,PUZHAKKAL,4,18.096,0.1243,4.117,18.096,0.0,0.0,,
KERALA,Thrissur,WADAKKANCHERY,8,62.317,0.1887,1.462,49.06,0.0,13.257,,
KERALA,Palakkad,TRITHALA,0,0.0,0.0,11.692,0.0,0.0,0.0,,
KERALA,Thrissur,MULLASSERY,0,0.0,0.0,9.219,0.0,0.0,0.0,,
KERALA,Thrissur,CHOWANNUR,1,4.964,0.0378,6.457,4.964,0.0,0.0,,
KERALA,Thrissur,CHAVAKKAD,0,0.0,0.0,10.414,0.0,0.0,0.0,,
KERALA,Malappuram,PERUMPADAPPU,0,0.0,0.0,15.998,0.0,0.0,0.0,,
KERALA,Malappuram,PONNANI,0,0.0,0.0,23.867,0.0,0.0,0.0,,
KERALA,Malappuram,TIRUR,0,0.0,0.0,31.913,0.0,0.0,0.0,,
KERALA,Malappuram,KUTTIPPURAM,0,0.0,0.0,22.519,0.0,0.0,0.0,,
KERALA,Malappuram,MANKADA,0,0.0,0.0,22.718,0.0,0.0,0.0,,
KERALA,Malappuram,TANUR,0,0.0,0.0,36.791,0.0,0.0,0.0,,
KERALA,Malappuram,TIRURANGADI,0,0.0,0.0,27.293,0.0,0.0,0.0,,
KERALA,Kozhikode,KOZHIKODE,1,1.684,0.0095,8.955,1.684,0.0,0.0,,
KERALA,Kozhikode,CHELANNUR,2,18.989,0.1334,1.959,16.247,2.742,0.0,,
KERALA,Kozhikode,KUNNAMANGALAM,1,3.275,0.011,2.984,3.275,0.0,0.0,,
KERALA,Kozhikode,BALUSSERI,5,19.328,0.0779,4.054,17.629,1.699,0.0,,
KERALA,Kozhikode,PANTHALAYANI,4,29.776,0.3876,0.087,29.776,0.0,0.0,,
KERALA,Kozhikode,MELDAY,3,22.255,0.2685,2.055,22.255,0.0,0.0,,
KERALA,Kozhikode,THODANNUR,3,10.993,0.1372,0.758,10.993,0.0,0.0,,
KERALA,Kozhikode,THUNERI,3,7.762,0.0539,2.869,7.762,0.0,0.0,,
KERALA,Kozhikode,VADAKARA,3,7.581,0.0836,0.894,7.581,0.0,0.0,,
PUDUCHERRY,Mahe,MAHE,0,0.0,0.0,7.557,0.0,0.0,0.0,,
KERALA,Kannur,PANOOR,1,2.825,0.042,2.448,2.825,0.0,0.0,,
KERALA,Kannur,THALASSERY,2,8.298,0.0803,5.315,8.298,0.0,0.0,,
KERALA,Kannur,EDAKKAD,6,34.528,0.1971,2.697,34.528,0.0,0.0,,
KERALA,Kannur,KUTHUPARAMBA,1,16.168,0.0578,11.791,16.168,0.0,0.0,,
KERALA,Kannur,PERAVOOR,0,0.0,0.0,18.574,0.0,0.0,0.0,,
KERALA,Kozhikode,KUNNUMMAL,4,28.037,0.1058,1.952,27.687,0.0,0.35,,
KERALA,Kozhikode,PERAMBRA,8,36.322,0.1134,0.987,36.322,0.0,0.0,,
KERALA,Wayanad,KALPETTA,3,28.203,0.0454,8.202,27.805,0.0,0.397,,
KERALA,Wayanad,SULTHAN BATHERY,5,17.315,0.0296,10.898,14.337,2.161,0.817,60.31,93.9
KARNATAKA,Mysuru,SARAGURU,10,72.295,0.1322,6.383,60.902,9.716,1.676,,
KERALA,Wayanad,PANAMARAM,1,8.43,0.0317,10.417,8.43,0.0,0.0,,
KERALA,Wayanad,MANANTHAVADY,0,0.0,0.0,16.516,0.0,0.0,0.0,,
KARNATAKA,Kodagu,PONNAMPET,0,0.0,0.0,20.976,0.0,0.0,0.0,,
KARNATAKA,Mysuru,HEGGADADEVANKOTE,37,297.437,0.2763,0.29,209.52,23.718,7.396,,
KARNATAKA,Mysuru,HUNSUR,135,577.645,0.643,0.517,285.877,84.242,71.06,,
KARNATAKA,Mysuru,PIRIYAPATNA,84,282.882,0.348,7.847,105.809,118.519,58.555,,
KARNATAKA,Kodagu,KUSHALANAGAR,1,23.404,0.2207,2.351,23.404,0.0,0.0,,
KARNATAKA,Kodagu,VIRAJPET,0,0.0,0.0,19.102,0.0,0.0,0.0,,
KERALA,Kannur,IRITTY,4,13.033,0.0328,13.714,13.033,0.0,0.0,,
KERALA,Kannur,IRIKKUR,3,19.429,0.0449,7.988,19.429,0.0,0.0,,
KARNATAKA,Kodagu,MADIKERI,0,0.0,0.0,28.749,0.0,0.0,0.0,,
KARNATAKA,Kodagu,SOMVARPET,34,70.301,0.0785,10.977,38.455,28.864,2.982,,
KARNATAKA,Hassan,SAKALESHPUR,0,0.0,0.0,27.137,0.0,0.0,0.0,,
KARNATAKA,Chikkamagaluru,MUDIGERE,0,0.0,0.0,30.337,0.0,0.0,0.0,,
KARNATAKA,Chikkamagaluru,CHIKKAMAGALURU,0,0.0,0.0,26.975,0.0,0.0,0.0,,
KARNATAKA,Hassan,BELUR,12,67.575,0.0803,0.982,39.906,26.464,1.204,,
KARNATAKA,Hassan,ALUR,23,105.581,0.246,0.507,70.456,32.882,2.232,,
KARNATAKA,Hassan,HASSAN,14,147.106,0.1582,7.042,95.531,35.667,0.54,,
KARNATAKA,Hassan,ARSIKERE,0,0.0,0.0,30.816,0.0,0.0,0.0,,
KARNATAKA,Hassan,HOLENARSIPUR,94,568.485,0.9552,0.515,355.039,163.388,50.057,,
KARNATAKA,Hassan,ARKALGUD,124,480.411,0.7145,0.461,201.899,217.859,59.748,,
KARNATAKA,Mysuru,SALIGRAMA,99,382.772,1.1379,0.754,201.781,120.763,58.97,,
KARNATAKA,Mysuru,KRISHNARAJANAGARA,43,294.414,1.0824,0.183,157.623,57.138,74.062,,
KARNATAKA,Mandya,KRISHNARAJPET,82,579.442,0.6473,0.248,207.859,240.819,130.764,,
KARNATAKA,Mandya,NAGAMANGALA,77,343.606,0.3331,0.957,89.254,146.371,88.702,,
KARNATAKA,Mandya,PANDAVAPURA,58,321.794,0.6077,0.582,140.271,141.371,40.152,,
KARNATAKA,Mandya,MANDYA,130,484.249,0.6801,0.14,150.709,243.398,74.512,,
KARNATAKA,Mandya,MADDUR,57,328.922,0.5356,1.749,163.858,80.283,33.395,,
KARNATAKA,Ramanagara,CHANNAPATNA,10,51.484,0.0957,1.44,51.484,0.0,0.0,,
KARNATAKA,Ramanagara,RAMANAGARA,6,83.624,0.1332,3.484,78.605,5.019,0.0,,
KARNATAKA,Tumakuru,KUNIGAL,41,242.556,0.2481,6.196,143.459,36.893,40.523,,
KARNATAKA,Ramanagara,MAGADI,2,5.107,0.0065,15.156,5.107,0.0,0.0,,
KARNATAKA,Bengaluru Rural,NELAMANGALA,0,0.0,0.0,30.559,0.0,0.0,0.0,,
KARNATAKA,Tumakuru,TUMAKURU,11,76.472,0.0748,7.51,44.233,31.404,0.836,,
KARNATAKA,Tumakuru,GUBBI,46,234.432,0.1931,1.116,60.202,140.553,19.461,,
KARNATAKA,Tumakuru,TURUVEKERE,82,317.014,0.4101,0.711,42.49,150.604,103.634,,
KARNATAKA,Hassan,CHANNARAYAPATNA,60,301.238,0.2896,3.723,157.624,121.06,18.573,,
KARNATAKA,Tumakuru,TIPTUR,21,150.017,0.1912,2.066,67.013,73.286,0.901,,
KARNATAKA,Tumakuru,CHIKNAYAKANHALLI,0,0.0,0.0,26.255,0.0,0.0,0.0,,
KARNATAKA,Tumakuru,KORATAGERE,2,18.848,0.0293,0.192,18.848,0.0,0.0,,
KARNATAKA,Tumakuru,MADHUGIRI,1,0.086,0.0001,12.009,0.086,0.0,0.0,,
ANDHRA PRADESH,Sri Sathya Sai,ROLLA,1,9.024,0.0562,2.421,9.024,0.0,0.0,,
ANDHRA PRADESH,Sri Sathya Sai,AGALI,1,8.579,0.0704,3.897,8.579,0.0,0.0,,
KARNATAKA,Tumakuru,SIRA,3,16.315,0.0106,10.077,11.982,4.333,0.0,,
ANDHRA PRADESH,Sri Sathya Sai,AMARAPURAM,0,0.0,0.0,18.591,0.0,0.0,0.0,,
ANDHRA PRADESH,Sri Sathya Sai,GUDIBANDA,1,25.577,0.1111,2.875,25.577,0.0,0.0,,
ANDHRA PRADESH,Sri Sathya Sai,MADAKASIRA,1,44.058,0.1332,1.724,44.058,0.0,0.0,,
KARNATAKA,Tumakuru,PAVAGADA,1,1.74,0.0013,12.313,1.74,0.0,0.0,,
ANDHRA PRADESH,Anantapur,KUNDURPI,0,0.0,0.0,17.777,0.0,0.0,0.0,,
KARNATAKA,Chitradurga,HIRIYUR,11,165.397,0.098,1.177,144.228,0.715,20.454,,
KARNATAKA,Chitradurga,CHITRADURGA,1,7.307,0.0053,7.474,0.0,7.307,0.0,,
KARNATAKA,Chitradurga,HOLALKERE,0,0.0,0.0,13.451,0.0,0.0,0.0,,
KARNATAKA,Chitradurga,HOSDURGA,0,0.0,0.0,26.442,0.0,0.0,0.0,,
KARNATAKA,Chikkamagaluru,KADUR,0,0.0,0.0,31.801,0.0,0.0,0.0,,
KARNATAKA,Chikkamagaluru,AJJAMPURA,1,0.576,0.0011,12.024,0.576,0.0,0.0,,
KARNATAKA,Chikkamagaluru,TARIKERE,34,141.175,0.1724,2.036,70.067,54.744,16.364,,
KARNATAKA,Chikkamagaluru,NARASIMHARAJAPURA,1,0.042,0.0001,26.572,0.042,0.0,0.0,,
KARNATAKA,Shivamogga,SHIVAMOGGA,141,302.431,0.2741,0.297,184.785,92.611,25.036,,
KARNATAKA,Shivamogga,BHADRAVATI,98,439.374,0.646,0.372,222.007,156.59,60.776,,
KARNATAKA,Davangere,CHANNAGIRI,91,285.888,0.2386,6.429,138.727,69.803,77.358,,
KARNATAKA,Davangere,HONNALI,107,273.415,0.5476,0.194,100.625,103.415,69.375,,
KARNATAKA,Davangere,NYAMATHI,50,101.686,0.2848,5.759,44.409,23.386,33.891,,
KARNATAKA,Haveri,RATTIHALLI,53,167.607,0.4136,0.268,71.677,13.975,63.07,,
KARNATAKA,Davangere,HARIHARA,100,320.857,0.6698,0.242,98.621,87.527,134.708,,
KARNATAKA,Haveri,RANEBENNUR,125,382.788,0.4306,4.048,36.367,103.094,220.506,,
KARNATAKA,Haveri,HAVERI,74,232.125,0.2957,0.267,51.391,62.948,117.786,,
KARNATAKA,Gadag,LAXMESHWAR,0,0.0,0.0,23.491,0.0,0.0,0.0,,
KARNATAKA,Gadag,SHIRAHATTI,26,45.517,0.0962,11.067,27.945,15.556,2.016,,
KARNATAKA,Gadag,MUNDARAGI,4,8.357,0.0095,16.904,8.357,0.0,0.0,,
KARNATAKA,Vijayanagar,HADAGALLI,1,7.759,0.0084,5.642,7.759,0.0,0.0,,
KARNATAKA,Vijayanagar,HAGARIBOMMANAHALLI,28,73.609,0.0854,0.029,49.647,4.969,18.993,,
KARNATAKA,Vijayanagar,KOTTUR,0,0.0,0.0,21.277,0.0,0.0,0.0,,
KARNATAKA,Vijayanagar,HARAPPANAHALLI,12,49.256,0.0347,12.549,21.88,23.435,3.941,,
KARNATAKA,Davangere,DAVANAGERE,150,475.407,0.5021,2.194,104.457,164.616,206.334,,
KARNATAKA,Davangere,JAGALUR,0,0.0,0.0,35.01,0.0,0.0,0.0,,
KARNATAKA,Vijayanagar,KUDLIGI,0,0.0,0.0,39.274,0.0,0.0,0.0,,
KARNATAKA,Chitradurga,MOLAKALMURU,0,0.0,0.0,20.031,0.0,0.0,0.0,,
KARNATAKA,Chitradurga,CHALLAKERE,16,116.205,0.0567,3.412,97.099,19.106,0.0,,
ANDHRA PRADESH,Anantapur,BRAHMASAMUDRAM,13,41.92,0.1486,3.458,30.07,9.953,1.896,,
ANDHRA PRADESH,Anantapur,SETTUR,0,0.0,0.0,18.558,0.0,0.0,0.0,,
ANDHRA PRADESH,Anantapur,KAMBADUR,4,2.913,0.0075,7.981,1.84,1.073,0.0,,
ANDHRA PRADESH,Anantapur,KALYANDRUG,5,35.198,0.0731,2.386,35.198,0.0,0.0,,
ANDHRA PRADESH,Anantapur,BELUGUPPA,10,54.751,0.1638,1.087,32.438,20.091,2.221,,
ANDHRA PRADESH,Anantapur,GUMMAGATTA,12,44.866,0.1935,2.203,25.095,13.479,6.291,,
ANDHRA PRADESH,Anantapur,RAYADURG,0,0.0,0.0,8.94,0.0,0.0,0.0,,
ANDHRA PRADESH,Anantapur,D.HIREHAL,3,13.683,0.0412,0.926,9.05,4.633,0.0,,
ANDHRA PRADESH,Anantapur,BOMMANAHAL,24,103.921,0.3466,2.397,22.524,39.522,41.875,,
ANDHRA PRADESH,Anantapur,KANEKAL,25,106.434,0.2584,1.255,37.205,45.08,24.148,,
ANDHRA PRADESH,Anantapur,URAVAKONDA,11,95.788,0.2546,0.162,56.004,36.973,2.811,,
ANDHRA PRADESH,Anantapur,VIDAPANAKAL,55,139.784,0.3763,0.073,44.246,55.305,40.233,,
ANDHRA PRADESH,Kurnool,CHIPPAGIRI,26,83.576,0.2833,1.48,34.599,42.418,6.56,,
ANDHRA PRADESH,Kurnool,HALAHARVI,19,46.291,0.1698,0.614,24.528,19.921,1.842,,
KARNATAKA,Ballari,BALLARI,251,566.776,0.5023,0.504,98.935,152.945,314.897,,
KARNATAKA,Ballari,SANDUR,14,45.79,0.0374,6.69,36.664,7.129,1.997,,
KARNATAKA,Vijayanagar,HOSAPETE,18,162.269,0.2393,8.041,141.873,2.185,8.697,,
KARNATAKA,Koppal,GANGAVATHI,50,191.718,0.4393,0.99,81.497,55.52,54.701,,
KARNATAKA,Koppal,KANAKAGIRI,9,20.369,0.042,8.933,9.074,9.138,2.158,,
KARNATAKA,Koppal,KARATAGI,42,177.374,0.4551,0.781,11.815,56.561,108.997,,
KARNATAKA,Raichur,SINDHANUR,112,477.447,0.3906,0.842,16.33,168.36,292.757,,
KARNATAKA,Ballari,KAMPLI,57,233.143,0.6695,0.234,73.716,92.019,67.407,,
KARNATAKA,Ballari,KURUGODU,143,314.987,0.6861,0.018,47.629,121.918,145.44,,
ANDHRA PRADESH,Kurnool,HOLAGUNDA,29,85.551,0.2603,4.859,51.457,26.193,7.901,,
ANDHRA PRADESH,Kurnool,ALUR,6,13.126,0.037,10.474,8.767,4.359,0.0,,
ANDHRA PRADESH,Kurnool,ADONI,25,92.353,0.1685,5.963,43.173,34.262,14.764,,
KARNATAKA,Ballari,SIRUGUPPA,163,468.193,0.4585,0.467,74.256,174.714,214.969,,
KARNATAKA,Raichur,MANVI,81,287.863,0.377,1.777,9.986,91.547,186.329,,
ANDHRA PRADESH,Kurnool,KOWTHALAM,28,121.679,0.3311,0.797,15.225,81.874,24.581,,
ANDHRA PRADESH,Kurnool,KOSIGI,30,110.513,0.4797,0.186,36.158,23.867,40.557,,
KARNATAKA,Raichur,SIRAWARA,53,228.254,0.3227,0.18,30.74,118.211,79.303,,
KARNATAKA,Raichur,MASKI,81,292.394,0.2517,0.495,84.787,153.025,54.582,,
KARNATAKA,Raichur,LINGSUGUR,156,508.908,0.3563,2.682,52.946,213.286,242.677,,
KARNATAKA,Bagalkote,HUNGUND,163,346.252,0.5063,0.95,128.97,120.002,97.28,,
KARNATAKA,Bagalkote,ILKAL,10,35.69,0.0551,3.182,24.0,5.385,6.306,,
KARNATAKA,Koppal,KUSHTAGI,8,30.299,0.0227,18.625,18.492,0.0,11.807,,
KARNATAKA,Koppal,KOPPAL,119,280.584,0.2064,6.695,113.768,119.987,46.829,,
KARNATAKA,Koppal,KUKUNOOR,2,0.604,0.0009,11.678,0.604,0.0,0.0,,
KARNATAKA,Koppal,YELBURGA,0,0.0,0.0,19.917,0.0,0.0,0.0,,
KARNATAKA,Gadag,GAJENDRAGAD,4,7.639,0.0235,13.717,0.0,2.295,5.344,,
KARNATAKA,Gadag,GADAG,20,29.003,0.027,19.657,14.845,7.241,6.917,,
KARNATAKA,Gadag,RON,156,445.045,0.4722,0.87,81.211,153.511,210.322,,
KARNATAKA,Bagalkote,BADAMI,141,387.148,0.3789,5.525,77.644,129.488,180.017,,
KARNATAKA,Bagalkote,GULEDAGUDDA,27,108.876,0.3251,0.137,30.933,64.016,13.927,,
KARNATAKA,Bagalkote,BAGALKOT,142,373.827,0.4126,3.504,122.636,163.33,87.861,,
KARNATAKA,Bagalkote,BILAGI,64,216.392,0.2842,0.153,94.779,73.609,48.004,,
KARNATAKA,Vijayapura,BABALESHWAR,33,109.342,0.134,7.346,34.888,57.421,17.032,,
KARNATAKA,Vijayapura,KOLHAR,39,126.85,0.2882,3.401,35.456,48.102,43.292,,
KARNATAKA,Vijayapura,NIDAGUNDI,36,103.743,0.2848,0.321,24.84,39.891,39.012,,
KARNATAKA,Vijayapura,MUDDEBIHAL,79,238.79,0.2634,4.15,70.637,95.603,57.727,,
KARNATAKA,Vijayapura,THALIKOTI,26,206.094,0.2934,5.546,31.036,18.165,0.0,,
KARNATAKA,Vijayapura,BASAVANA BAGEWADI,0,0.0,0.0,21.851,0.0,0.0,0.0,,
KARNATAKA,Vijayapura,DEVARA HIPPARAGI,41,128.231,0.1776,10.435,49.544,35.205,25.364,,
KARNATAKA,Vijayapura,SINDAGI,179,570.9,0.6861,1.447,115.552,196.128,259.22,,
KARNATAKA,Vijayapura,ALMEL,153,429.928,0.8181,0.791,10.907,109.873,309.148,,
KARNATAKA,Vijayapura,INDI,204,588.971,0.3937,4.871,56.746,165.475,366.75,,
KARNATAKA,Vijayapura,VIJAYAPURA,1,9.47,0.0101,4.741,9.47,0.0,0.0,,
KARNATAKA,Vijayapura,THIKOTA,0,0.0,0.0,21.142,0.0,0.0,0.0,,
KARNATAKA,Vijayapura,CHADACHAN,115,299.614,0.4522,6.115,33.564,93.889,172.161,,
MAHARASHTRA,Solapur,SOUTH SOLAPUR,89,257.538,0.2216,2.884,111.337,96.998,49.203,,
MAHARASHTRA,Solapur,MOHOL,181,495.838,0.3865,2.995,193.264,209.006,90.003,,
MAHARASHTRA,Solapur,SOLAPUR NORTH,51,223.179,0.3339,4.642,105.525,40.948,32.333,,
MAHARASHTRA,Osmanabad,TULJAPUR,10,55.772,0.0383,5.369,47.339,5.39,3.043,,
MAHARASHTRA,Solapur,AKKALKOT,0,0.0,0.0,18.884,0.0,0.0,0.0,,
KARNATAKA,Kalaburagi,AFZALPUR,195,465.495,0.3655,0.097,145.538,173.82,146.138,,
KARNATAKA,Kalaburagi,KALABURAGI,1,0.991,0.0008,14.658,0.991,0.0,0.0,,
KARNATAKA,Kalaburagi,ALAND,40,103.374,0.067,6.368,69.399,32.82,1.155,,
MAHARASHTRA,Osmanabad,OMERGA,11,86.803,0.0899,1.543,82.412,0.0,4.391,,
MAHARASHTRA,Osmanabad,LOHARA,18,43.973,0.0827,13.753,20.295,0.0,9.794,,
MAHARASHTRA,Latur,NILANGA,33,137.687,0.1308,1.114,108.472,0.0,29.215,,
KARNATAKA,Bidar,BASAVAKALYAN,2,18.152,0.0188,14.065,18.152,0.0,0.0,,
KARNATAKA,Bidar,HULASURU,2,20.103,0.0965,4.445,20.103,0.0,0.0,,
KARNATAKA,Bidar,BHALKI,151,371.34,0.342,2.787,200.759,166.195,4.386,,
KARNATAKA,Bidar,HUMNABAD,3,7.506,0.0153,14.232,6.458,0.0,1.048,,
KARNATAKA,Bidar,CHITTAGUPPA,0,0.0,0.0,13.31,0.0,0.0,0.0,,
KARNATAKA,Kalaburagi,KAMALAPUR,25,129.408,0.193,4.342,93.373,32.908,3.126,,
KARNATAKA,Kalaburagi,KALAGI,46,196.57,0.263,4.15,145.542,49.562,1.467,,
KARNATAKA,Kalaburagi,SEDAM,2,9.796,0.0098,19.599,9.773,0.0,0.023,,
KARNATAKA,Yadgir,YADGIR,6,30.456,0.03,11.137,26.517,0.0,3.939,,
KARNATAKA,Kalaburagi,CHITAPUR,12,76.997,0.0738,12.762,41.824,14.174,20.999,,
KARNATAKA,Kalaburagi,SHABAD,0,0.0,0.0,11.376,0.0,0.0,0.0,,
KARNATAKA,Kalaburagi,JEVARGI,321,892.984,0.8623,0.36,29.908,251.878,611.198,,
KARNATAKA,Kalaburagi,YADRAMI,186,500.893,0.6579,1.904,84.567,194.76,221.566,,
KARNATAKA,Yadgir,SHAHAPUR,195,543.161,0.5562,1.558,66.834,224.769,251.103,,
KARNATAKA,Yadgir,SHORAPUR,190,590.333,0.6068,0.899,68.337,191.658,329.321,,
KARNATAKA,Yadgir,HUNASAGI,215,598.859,0.7237,0.509,82.296,228.417,252.199,,
KARNATAKA,Raichur,DEVADURGA,415,1206.545,0.8198,0.021,61.083,423.82,721.642,,
KARNATAKA,Yadgir,WADAGERA,92,256.031,0.3704,0.261,20.599,125.943,109.489,,
TELANGANA,Narayanpet,Krishna,17,61.061,0.3532,0.627,23.228,23.45,14.383,,
TELANGANA,Narayanpet,UTKOOR,0,0.0,0.0,11.886,0.0,0.0,0.0,,
TELANGANA,Narayanpet,MAGANOOR,39,98.175,0.5118,0.095,12.882,45.259,40.033,,
TELANGANA,Narayanpet,DHANWADA,7,22.93,0.1671,3.867,6.216,0.0,0.0,,
TELANGANA,Narayanpet,Marikal,14,73.984,0.477,0.088,20.009,0.0,0.0,,
TELANGANA,Narayanpet,NARVA,47,141.88,0.6961,0.908,60.333,63.771,6.389,,
TELANGANA,Wanaparthy,Amarachintha,13,45.467,0.4523,0.515,16.439,28.7,0.328,,
TELANGANA,Narayanpet,MAKTHAL,65,183.748,0.5363,0.294,80.554,64.957,36.42,,
TELANGANA,Jogulamba Gadwal,DHARUR,38,122.074,0.5293,0.219,38.606,39.137,28.617,,
TELANGANA,Wanaparthy,ATMAKUR,26,63.28,0.5293,0.229,12.596,32.37,16.374,,
TELANGANA,Wanaparthy,Madanapur,26,59.808,0.6511,0.636,34.315,17.321,6.257,,
TELANGANA,Wanaparthy,PEDDAMANDADI,10,25.69,0.1478,4.94,16.353,8.091,1.246,,
TELANGANA,Wanaparthy,KOTHAKOTA,54,118.752,0.7082,0.203,50.879,40.736,24.68,,
TELANGANA,Wanaparthy,PANGAL,46,147.68,0.7661,0.199,29.475,24.709,27.815,,
TELANGANA,Wanaparthy,GOPALPETA,14,46.731,0.3952,1.003,14.972,0.0,21.031,,
TELANGANA,Wanaparthy,WANAPARTHY,15,42.464,0.2072,2.947,24.237,13.091,2.345,,
TELANGANA,Wanaparthy,GHANPUR,0,0.0,0.0,11.442,0.0,0.0,0.0,,
TELANGANA,Nagarkurnool,BIJINAPALLE,55,112.721,0.4404,0.095,37.37,2.303,26.697,123.05,
TELANGANA,Nagarkurnool,THIMMAJIPETA,20,77.186,0.3696,0.62,41.902,6.535,19.464,8287.11,
TELANGANA,Mahabubnagar,BHOOTHPUR,3,15.993,0.0883,5.921,3.375,12.618,0.0,7885.41,
TELANGANA,Mahabubnagar,MAHBUBNAGAR RURAL,1,4.314,0.0381,5.499,0.0,4.314,0.0,1954.24,
TELANGANA,Mahabubnagar,Moosapet,1,1.203,0.0116,4.788,0.0,1.203,0.0,544.78,
TELANGANA,Mahabubnagar,ADDAKAL,2,1.868,0.0218,5.317,1.448,0.42,0.0,,
TELANGANA,Mahabubnagar,CHINNACHINTAKUNTA,10,20.653,0.1112,3.434,2.671,3.932,0.0,,
TELANGANA,Mahabubnagar,DEVARAKADARA,15,51.356,0.2068,1.447,8.767,4.021,28.148,,
TELANGANA,Mahabubnagar,HANWADA,1,23.173,0.1351,1.151,23.173,0.0,0.0,15936.61,
TELANGANA,Mahabubnagar,KOILKONDA,3,10.739,0.0473,7.071,7.34,0.0,0.0,1847.55,
TELANGANA,Mahabubnagar,GANDEED,2,15.621,0.0724,6.375,6.225,9.396,0.0,8860.39,
TELANGANA,Mahabubnagar,Mahabubnagar Urban,2,23.758,0.2352,1.939,13.865,9.894,0.0,14016.56,
TELANGANA,Mahabubnagar,JADCHERLA,3,45.796,0.1628,2.791,36.438,0.0,0.0,14726.33,
TELANGANA,Mahabubnagar,Rajapur,0,0.0,0.0,9.911,0.0,0.0,0.0,,
TELANGANA,Mahabubnagar,BALANAGAR,1,4.235,0.0248,5.19,4.235,0.0,0.0,2986.91,
TELANGANA,Mahabubnagar,NAWABPET,6,46.41,0.2121,1.89,26.246,0.0,0.0,13509.61,
TELANGANA,Ranga Reddy,FAROOQNAGAR,2,35.134,0.1301,0.622,35.134,0.0,0.0,25248.31,
TELANGANA,Ranga Reddy,SHABAD,2,23.41,0.1064,2.511,5.751,17.658,0.0,4458.51,
TELANGANA,Ranga Reddy,KONDURG,1,9.281,0.0758,0.046,9.281,0.0,0.0,7194.47,
TELANGANA,Ranga Reddy,Jilled Chowdergudem,3,37.637,0.3467,1.107,24.957,0.0,0.0,12475.82,
TELANGANA,Vikarabad,KULKACHARLA,4,57.213,0.2084,2.433,44.192,13.021,0.0,21534.83,
TELANGANA,Vikarabad,DOMA,2,25.366,0.1719,3.23,25.366,0.0,0.0,8804.06,
TELANGANA,Vikarabad,PARGI,6,39.054,0.1752,0.457,38.588,0.0,0.0,16274.55,
TELANGANA,Vikarabad,BOMRASPETA,1,15.401,0.0636,5.468,15.401,0.0,0.0,8708.12,
TELANGANA,Vikarabad,KODANGAL,1,15.058,0.065,4.419,15.058,0.0,0.0,8514.25,
TELANGANA,Vikarabad,DOULATABAD,1,47.923,0.2416,0.705,47.923,0.0,0.0,27096.74,
TELANGANA,Narayanpet,KOSGI,2,17.525,0.0966,2.049,17.525,0.0,0.0,11882.75,
TELANGANA,Narayanpet,NARAYANPET,1,5.161,0.0246,3.066,5.161,0.0,0.0,3549.2,
TELANGANA,Narayanpet,MADDUR,2,26.128,0.1185,2.285,26.128,0.0,0.0,16700.25,
TELANGANA,Narayanpet,DAMARAGIDDA,2,27.64,0.1336,0.784,27.64,0.0,0.0,15931.06,
KARNATAKA,Yadgir,GURUMITKAL,0,0.0,0.0,19.659,0.0,0.0,0.0,,
TELANGANA,Vikarabad,BASHEERABAD,0,0.0,0.0,8.791,0.0,0.0,0.0,,
TELANGANA,Vikarabad,YALAL,5,14.528,0.0733,6.349,8.602,0.0,5.927,,
TELANGANA,Vikarabad,Kotepally,1,23.059,0.2345,0.162,23.059,0.0,0.0,6983.14,
TELANGANA,Vikarabad,PEDDEMUL,17,61.208,0.2782,0.768,31.703,24.97,4.534,4353.97,
TELANGANA,Vikarabad,TANDUR,2,3.583,0.0148,7.265,3.552,0.031,0.0,1075.79,
TELANGANA,Vikarabad,BANTWARAM,1,14.297,0.1499,3.272,14.297,0.0,0.0,4329.77,
TELANGANA,Sangareddy,KOHIR,0,0.0,0.0,8.396,0.0,0.0,0.0,,
TELANGANA,Sangareddy,ZAHIRABAD,0,0.0,0.0,19.089,0.0,0.0,0.0,,
TELANGANA,Sangareddy,Mogudampally,0,0.0,0.0,10.07,0.0,0.0,0.0,,
KARNATAKA,Kalaburagi,CHINCHOLI,25,144.152,0.1234,0.996,109.882,5.625,28.646,,
KARNATAKA,Bidar,BIDAR,18,46.21,0.0525,11.758,29.245,14.129,2.837,,
TELANGANA,Sangareddy,Nagalgidda,0,0.0,0.0,11.851,0.0,0.0,0.0,,
TELANGANA,Sangareddy,MANOOR,0,0.0,0.0,14.964,0.0,0.0,0.0,,
TELANGANA,Sangareddy,NYALKAL,0,0.0,0.0,7.42,0.0,0.0,0.0,,
TELANGANA,Sangareddy,JHARASANGAM,0,0.0,0.0,21.238,0.0,0.0,0.0,,
TELANGANA,Sangareddy,MUNIPALLY,2,3.136,0.0148,6.818,2.534,0.602,0.0,,
TELANGANA,Sangareddy,SADASIVPET,4,11.138,0.0461,5.877,8.752,2.386,0.0,,
TELANGANA,Medak,Vatpally,0,0.0,0.0,9.706,0.0,0.0,0.0,,
TELANGANA,Sangareddy,RAIKODE,0,0.0,0.0,18.745,0.0,0.0,0.0,,
TELANGANA,Sangareddy,REGODE,0,0.0,0.0,18.19,0.0,0.0,0.0,,
TELANGANA,Sangareddy,NARAYANKHED,0,0.0,0.0,11.414,0.0,0.0,0.0,,
TELANGANA,Medak,SHANKARAMPET[A],0,0.0,0.0,10.088,0.0,0.0,0.0,,
TELANGANA,Medak,ALLADURG,0,0.0,0.0,14.56,0.0,0.0,0.0,,
TELANGANA,Medak,TEKMAL,0,0.0,0.0,10.16,0.0,0.0,0.0,,
TELANGANA,Medak,PAPANNAPET,5,25.835,0.1422,0.122,12.594,10.89,2.351,,
TELANGANA,Medak,KULCHARAM,1,9.3,0.0622,3.139,9.3,0.0,0.0,,
TELANGANA,Medak,KOWDIPALLI,0,0.0,0.0,13.539,0.0,0.0,0.0,,
TELANGANA,Medak,Chilpched,0,0.0,0.0,8.339,0.0,0.0,0.0,,
TELANGANA,Sangareddy,ANDOLE,5,20.79,0.1199,0.79,8.729,12.061,0.0,,
TELANGANA,Sangareddy,PULKAL,16,77.774,0.3176,0.498,39.128,38.646,0.0,,
TELANGANA,Sangareddy,HATHNOORA,0,0.0,0.0,4.196,0.0,0.0,0.0,,
TELANGANA,Sangareddy,Kandi,0,0.0,0.0,11.283,0.0,0.0,0.0,,
TELANGANA,Sangareddy,PATANCHERU,0,0.0,0.0,16.367,0.0,0.0,0.0,,
TELANGANA,Ranga Reddy,SHANKARPALLY,0,0.0,0.0,23.54,0.0,0.0,0.0,,
TELANGANA,Sangareddy,KONDAPUR,0,0.0,0.0,16.516,0.0,0.0,0.0,,
TELANGANA,Sangareddy,SANGAREDDY,0,0.0,0.0,7.039,0.0,0.0,0.0,,
TELANGANA,Vikarabad,MARPALLY,1,14.596,0.0662,1.549,14.596,0.0,0.0,10746.8,
TELANGANA,Vikarabad,MOMINPET,1,16.619,0.0909,5.822,16.619,0.0,0.0,12236.78,
TELANGANA,Vikarabad,NAWABPET,1,5.024,0.0326,10.558,5.024,0.0,0.0,3699.01,
TELANGANA,Vikarabad,VIKARABAD,4,51.223,0.2099,1.093,51.223,0.0,0.0,24492.3,
TELANGANA,Vikarabad,DHARUR,15,48.852,0.2213,4.249,41.527,6.791,0.534,4234.99,
TELANGANA,Vikarabad,PUDUR,1,24.755,0.114,0.199,24.755,0.0,0.0,18227.06,
TELANGANA,Ranga Reddy,CHEVELLA,0,0.0,0.0,12.839,0.0,0.0,0.0,,
TELANGANA,Ranga Reddy,MOINABAD,0,0.0,0.0,22.397,0.0,0.0,0.0,,
TELANGANA,Ranga Reddy,Gandipet,0,0.0,0.0,26.944,0.0,0.0,0.0,,
TELANGANA,Hyderabad,GOLCONDA,0,0.0,0.0,24.409,0.0,0.0,0.0,,
TELANGANA,Hyderabad,SHAIKPET,0,0.0,0.0,28.563,0.0,0.0,0.0,,
TELANGANA,Hyderabad,ASIFNAGAR,0,0.0,0.0,25.29,0.0,0.0,0.0,,
TELANGANA,Ranga Reddy,RAJENDRANAGAR,0,0.0,0.0,19.741,0.0,0.0,0.0,,
TELANGANA,Ranga Reddy,SHAMSHABAD,0,0.0,0.0,10.719,0.0,0.0,0.0,,
TELANGANA,Ranga Reddy,SAROORNAGAR,0,0.0,0.0,14.32,0.0,0.0,0.0,,
TELANGANA,Ranga Reddy,HAYATHNAGAR,0,0.0,0.0,24.416,0.0,0.0,0.0,,
TELANGANA,Ranga Reddy,Abdullapurmet,0,0.0,0.0,29.465,0.0,0.0,0.0,,
TELANGANA,Medchal Malkajgiri,Uppal,0,0.0,0.0,29.866,0.0,0.0,0.0,,
TELANGANA,Hyderabad,SAIDABAD,0,0.0,0.0,23.583,0.0,0.0,0.0,,
TELANGANA,Ranga Reddy,Balapur,0,0.0,0.0,21.994,0.0,0.0,0.0,,
TELANGANA,Hyderabad,CHARMINAR,0,0.0,0.0,21.969,0.0,0.0,0.0,,
TELANGANA,Hyderabad,BANDLAGUDA,0,0.0,0.0,18.991,0.0,0.0,0.0,,
TELANGANA,Hyderabad,BAHADURPURA,0,0.0,0.0,21.993,0.0,0.0,0.0,,
TELANGANA,Hyderabad,NAMPALLY,0,0.0,0.0,26.06,0.0,0.0,0.0,,
TELANGANA,Hyderabad,AMBERPET,0,0.0,0.0,25.925,0.0,0.0,0.0,,
TELANGANA,Hyderabad,HIMAYATHNAGAR,0,0.0,0.0,27.188,0.0,0.0,0.0,,
TELANGANA,Hyderabad,MUSHEERABAD,0,0.0,0.0,29.307,0.0,0.0,0.0,,
TELANGANA,Hyderabad,SECUNDERABAD,0,0.0,0.0,31.31,0.0,0.0,0.0,,
TELANGANA,Hyderabad,TIRUMALAGIRY,0,0.0,0.0,34.055,0.0,0.0,0.0,,
TELANGANA,Medchal Malkajgiri,Alwal,0,0.0,0.0,38.624,0.0,0.0,0.0,,
TELANGANA,Medchal Malkajgiri,Malkajgiri,0,0.0,0.0,35.916,0.0,0.0,0.0,,
TELANGANA,Hyderabad,MARREDPALLY,0,0.0,0.0,32.238,0.0,0.0,0.0,,
TELANGANA,Medchal Malkajgiri,Medipally,0,0.0,0.0,31.921,0.0,0.0,0.0,,
TELANGANA,Medchal Malkajgiri,KEESARA,0,0.0,0.0,41.475,0.0,0.0,0.0,,
TELANGANA,Medchal Malkajgiri,Kapra,0,0.0,0.0,39.173,0.0,0.0,0.0,,
TELANGANA,Medchal Malkajgiri,Muduchinthalapally,0,0.0,0.0,33.117,0.0,0.0,0.0,,
TELANGANA,Medchal Malkajgiri,SHAMIRPET,0,0.0,0.0,40.415,0.0,0.0,0.0,,
TELANGANA,Medchal Malkajgiri,MEDCHAL,0,0.0,0.0,37.189,0.0,0.0,0.0,,
TELANGANA,Medchal Malkajgiri,Dundigal Gandimaisamma,0,0.0,0.0,30.575,0.0,0.0,0.0,,
TELANGANA,Medchal Malkajgiri,QUTHBULLAPUR,0,0.0,0.0,36.605,0.0,0.0,0.0,,
TELANGANA,Medchal Malkajgiri,Kukatpally,0,0.0,0.0,35.887,0.0,0.0,0.0,,
TELANGANA,Medchal Malkajgiri,Balanagar,0,0.0,0.0,34.463,0.0,0.0,0.0,,
TELANGANA,Hyderabad,AMEERPET,0,0.0,0.0,31.757,0.0,0.0,0.0,,
TELANGANA,Hyderabad,KHAIRTHABAD,0,0.0,0.0,29.976,0.0,0.0,0.0,,
TELANGANA,Ranga Reddy,Serilingampally,0,0.0,0.0,31.725,0.0,0.0,0.0,,
TELANGANA,Medchal Malkajgiri,Bachupally,0,0.0,0.0,29.797,0.0,0.0,0.0,,
TELANGANA,Sangareddy,RAMCHANDRAPURAM,0,0.0,0.0,25.681,0.0,0.0,0.0,,
TELANGANA,Sangareddy,Ameenpur,0,0.0,0.0,23.012,0.0,0.0,0.0,,
TELANGANA,Sangareddy,JINNARAM,0,0.0,0.0,22.594,0.0,0.0,0.0,,
TELANGANA,Medak,NARSAPUR,0,0.0,0.0,13.297,0.0,0.0,0.0,,
TELANGANA,Sangareddy,Gummadidala,0,0.0,0.0,24.048,0.0,0.0,0.0,,
TELANGANA,Medak,SHIVAMPET,0,0.0,0.0,25.345,0.0,0.0,0.0,,
TELANGANA,Medak,MEDAK,1,18.75,0.1188,1.153,18.75,0.0,0.0,,
TELANGANA,Medak,RAMAYAMPET,0,0.0,0.0,19.309,0.0,0.0,0.0,,
TELANGANA,Medak,Narsingi,0,0.0,0.0,15.847,0.0,0.0,0.0,,
TELANGANA,Medak,SHANKARAMPET[R],0,0.0,0.0,11.413,0.0,0.0,0.0,,
TELANGANA,Medak,YELDURTHY,0,0.0,0.0,10.992,0.0,0.0,0.0,,
TELANGANA,Medak,CHEGUNTA,0,0.0,0.0,21.937,0.0,0.0,0.0,,
TELANGANA,Medak,Nizampet,0,0.0,0.0,16.008,0.0,0.0,0.0,,
TELANGANA,Siddipet,MIRDODDI,0,0.0,0.0,17.953,0.0,0.0,0.0,,
TELANGANA,Siddipet,DOULTABAD,0,0.0,0.0,23.423,0.0,0.0,0.0,,
TELANGANA,Siddipet,Raipole,0,0.0,0.0,20.359,0.0,0.0,0.0,,
TELANGANA,Siddipet,WARGAL,0,0.0,0.0,29.931,0.0,0.0,0.0,,
TELANGANA,Medak,TUPRAN,0,0.0,0.0,27.704,0.0,0.0,0.0,,
TELANGANA,Medak,Manoharabad,0,0.0,0.0,35.313,0.0,0.0,0.0,,
TELANGANA,Siddipet,MULUG,0,0.0,0.0,31.227,0.0,0.0,0.0,,
TELANGANA,Siddipet,Markook,0,0.0,0.0,19.315,0.0,0.0,0.0,,
TELANGANA,Yadadri Bhuvanagiri,THURKAPALLY,0,0.0,0.0,21.193,0.0,0.0,0.0,,
TELANGANA,Siddipet,JAGDEVPUR,0,0.0,0.0,9.537,0.0,0.0,0.0,,
TELANGANA,Siddipet,GAJWEL,0,0.0,0.0,15.547,0.0,0.0,0.0,,
TELANGANA,Siddipet,THOGUTA,1,1.116,0.0063,6.855,0.0,1.116,0.0,,
TELANGANA,Siddipet,Siddipet urban,3,9.739,0.0774,2.384,0.0,0.0,9.739,,
TELANGANA,Siddipet,KONDAPAK,20,75.802,0.365,0.046,2.821,25.486,47.494,,
TELANGANA,Siddipet,Komuravelli,28,60.899,0.7778,0.08,16.652,19.819,21.774,,
TELANGANA,Siddipet,CHERIYAL,50,146.056,0.7876,0.737,25.646,32.278,83.47,,
TELANGANA,Siddipet,NANGANOOR,0,0.0,0.0,5.284,0.0,0.0,0.0,,
TELANGANA,Siddipet,MADDUR,48,91.157,0.5373,0.558,7.128,15.157,68.871,,
TELANGANA,Jangoan,BACHANNAPETA,51,144.651,0.6645,1.491,22.365,30.885,74.185,,
TELANGANA,Yadadri Bhuvanagiri,RAJAPET,0,0.0,0.0,7.54,0.0,0.0,0.0,,
TELANGANA,Jangoan,JANGAON,68,148.374,0.7779,1.281,35.405,33.531,79.438,,
TELANGANA,Yadadri Bhuvanagiri,ALAIR,17,46.824,0.2897,0.105,16.947,8.1,21.777,,
TELANGANA,Yadadri Bhuvanagiri,Motakonduru,0,0.0,0.0,8.781,0.0,0.0,0.0,,
TELANGANA,Yadadri Bhuvanagiri,Bhongir,0,0.0,0.0,14.836,0.0,0.0,0.0,,
TELANGANA,Yadadri Bhuvanagiri,YADAGIRIGUTTA,0,0.0,0.0,13.198,0.0,0.0,0.0,,
TELANGANA,Yadadri Bhuvanagiri,BOMMALA RAMARAM,0,0.0,0.0,30.72,0.0,0.0,0.0,,
TELANGANA,Medchal Malkajgiri,GHATKESAR,0,0.0,0.0,34.027,0.0,0.0,0.0,,
TELANGANA,Yadadri Bhuvanagiri,BIBINAGAR,0,0.0,0.0,22.315,0.0,0.0,0.0,,
TELANGANA,Yadadri Bhuvanagiri,B.POCHAMPALLY,0,0.0,0.0,21.548,0.0,0.0,0.0,,
TELANGANA,Yadadri Bhuvanagiri,CHOUTUPPAL,0,0.0,0.0,16.653,0.0,0.0,0.0,,
TELANGANA,Yadadri Bhuvanagiri,VALIGONDA,1,4.809,0.0166,3.707,4.809,0.0,0.0,,
TELANGANA,Yadadri Bhuvanagiri,RAMANNAPETA,4,53.133,0.2352,0.889,45.715,0.0,7.419,,
TELANGANA,Nalgonda,CHITYALA,3,18.384,0.0798,3.647,4.454,0.0,13.931,,
TELANGANA,Nalgonda,MUNUGODE,1,12.921,0.0541,6.861,0.0,0.0,12.921,,
TELANGANA,Nalgonda,CHANDUR,0,0.0,0.0,10.531,0.0,0.0,0.0,,
TELANGANA,Nalgonda,GURRAMPODE,97,165.426,0.5469,0.677,26.595,64.373,74.459,,
TELANGANA,Nalgonda,NAMPALLY,0,0.0,0.0,13.645,0.0,0.0,0.0,,
TELANGANA,Nalgonda,CHINTHA PALLY,0,0.0,0.0,12.684,0.0,0.0,0.0,,
TELANGANA,Ranga Reddy,MADGUL,1,9.226,0.0341,7.221,9.226,0.0,0.0,2863.46,
TELANGANA,Ranga Reddy,YACHARAM,1,4.553,0.0151,5.262,4.553,0.0,0.0,3529.39,
TELANGANA,Nalgonda,MARRIGUDA,0,0.0,0.0,18.06,0.0,0.0,0.0,,
TELANGANA,Yadadri Bhuvanagiri,NARAYANAPUR,0,0.0,0.0,21.501,0.0,0.0,0.0,,
TELANGANA,Ranga Reddy,MANCHAL,0,0.0,0.0,18.864,0.0,0.0,0.0,,
TELANGANA,Ranga Reddy,IBRAHIMPATNAM,0,0.0,0.0,12.174,0.0,0.0,0.0,,
TELANGANA,Ranga Reddy,Kadthal,1,8.446,0.0416,8.5,8.446,0.0,0.0,2621.61,
TELANGANA,Ranga Reddy,KANDUKUR,1,20.892,0.0702,1.14,20.892,0.0,0.0,16195.24,
TELANGANA,Ranga Reddy,MAHESHWARAM,1,27.946,0.1146,0.35,27.946,0.0,0.0,21663.57,
TELANGANA,Ranga Reddy,KOTHUR,1,7.945,0.0762,8.142,7.945,0.0,0.0,6159.08,
TELANGANA,Ranga Reddy,Nandigama,1,11.49,0.1224,3.177,11.49,0.0,0.0,8906.9,
TELANGANA,Ranga Reddy,KESHAMPETA,1,20.68,0.0927,1.76,20.68,0.0,0.0,14586.18,
TELANGANA,Ranga Reddy,TALAKONDAPALLE,2,23.396,0.0988,3.12,23.396,0.0,0.0,15359.03,
TELANGANA,Mahabubnagar,MIDJIL,11,63.413,0.3957,0.545,43.723,18.571,1.119,7531.08,
TELANGANA,Mahabubnagar,Urkonda,12,45.106,0.3008,0.251,31.074,13.02,1.011,5305.66,
TELANGANA,Ranga Reddy,AMANGAL,1,13.207,0.0987,1.384,13.207,0.0,0.0,4099.11,
TELANGANA,Nagarkurnool,VELDANDA,1,28.938,0.1146,2.716,28.938,0.0,0.0,8981.86,
TELANGANA,Nagarkurnool,Charakonda,0,0.0,0.0,8.503,0.0,0.0,0.0,,
TELANGANA,Nagarkurnool,UPPUNUNTHALA,41,104.151,0.4506,0.97,7.233,0.0,0.538,,
TELANGANA,Nagarkurnool,VANGOOR,2,1.083,0.0044,6.737,0.077,0.0,0.0,,
TELANGANA,Nagarkurnool,KALWAKURTHY,26,99.644,0.3821,0.629,49.559,4.422,45.663,4050.78,
TELANGANA,Nagarkurnool,TADOOR,109,209.004,0.9424,0.276,16.119,3.609,130.973,,
TELANGANA,Nagarkurnool,TELKAPALLE,59,151.844,0.645,0.819,0.0,0.621,10.121,,
TELANGANA,Nagarkurnool,NAGARKURNOOL,77,172.86,0.7658,0.475,8.975,0.0,52.634,,
TELANGANA,Wanaparthy,Revally,38,82.438,0.6785,0.592,10.288,0.0,26.033,,
TELANGANA,Nagarkurnool,KODAIR,38,145.636,0.7203,0.173,16.399,2.413,16.668,,
TELANGANA,Nagarkurnool,PEDDAKOTHAPALLE,36,105.395,0.4061,1.82,10.524,0.0,23.28,,
TELANGANA,Nagarkurnool,LINGAL,12,36.337,0.1933,1.187,0.0,0.0,16.563,,
TELANGANA,Nagarkurnool,BALMOOR,15,35.242,0.1907,2.076,0.0,0.0,0.833,,
TELANGANA,Nagarkurnool,AMRABAD,0,0.0,0.0,23.827,0.0,0.0,0.0,,
TELANGANA,Nagarkurnool,ACHAMPETA,3,9.494,0.0287,7.174,0.0,0.0,0.589,,
TELANGANA,Nalgonda,GUNDLAPALLY (DINDI),56,108.518,0.4281,0.097,31.636,69.333,7.533,,
TELANGANA,Nalgonda,DEVARAKONDA,4,6.587,0.0273,5.344,0.999,5.588,0.0,,
TELANGANA,Nalgonda,CHANDAMPET,1,5.676,0.0161,12.875,5.676,0.0,0.0,,
TELANGANA,Nalgonda,Konda Mallepally,22,42.873,0.3495,2.8,18.592,21.829,2.452,,
TELANGANA,Nalgonda,PEDDA ADISERLAPALLY,121,229.979,0.4369,0.278,46.447,77.37,105.717,,
TELANGANA,Nalgonda,Neredugommu,0,0.0,0.0,5.176,0.0,0.0,0.0,,
TELANGANA,Nagarkurnool,Padara,0,0.0,0.0,27.013,0.0,0.0,0.0,,
ANDHRA PRADESH,Nandyal,SRISAILAM,2,0.599,0.0072,4.844,0.0,0.0,0.0,,
ANDHRA PRADESH,Nandyal,ATMAKUR,45,102.569,0.1233,5.53,33.328,21.83,19.762,,
ANDHRA PRADESH,Prakasam,DORNALA,4,70.685,0.0417,3.476,28.378,0.0,0.0,,
ANDHRA PRADESH,Prakasam,ARDHAVEEDU,2,19.75,0.0285,11.594,15.061,0.0,0.0,,
ANDHRA PRADESH,Prakasam,CUMBUM,6,44.75,0.3318,1.945,22.229,0.0,0.0,,
ANDHRA PRADESH,Prakasam,BESTAVARIPETA,3,33.008,0.0572,9.504,30.299,0.0,0.0,,
ANDHRA PRADESH,Prakasam,KOMAROLU,0,0.0,0.0,11.398,0.0,0.0,0.0,,
ANDHRA PRADESH,Prakasam,RACHERLA,2,10.665,0.0332,7.335,10.665,0.0,0.0,,
ANDHRA PRADESH,Prakasam,GIDDALURU,1,4.932,0.0066,9.259,4.932,0.0,0.0,,
ANDHRA PRADESH,Nandyal,VELUGODU,19,59.527,0.1669,3.627,17.602,28.694,9.409,,
ANDHRA PRADESH,Nandyal,BANDI ATMAKUR,46,173.197,0.252,2.881,48.535,52.332,58.867,,
ANDHRA PRADESH,Nandyal,MAHANANDI,34,93.335,0.9774,0.217,9.452,43.823,38.942,,
ANDHRA PRADESH,Nandyal,SIRIVEL,50,125.962,0.7434,1.039,7.397,25.436,46.637,,
ANDHRA PRADESH,Nandyal,NANDYAL,39,93.879,0.4389,1.114,10.732,7.121,40.238,,
ANDHRA PRADESH,Nandyal,GOSPADU,29,83.499,0.6298,0.657,13.396,0.0,4.293,,
ANDHRA PRADESH,Nandyal,PANYAM,55,170.617,0.3917,0.382,36.101,31.354,102.019,,
ANDHRA PRADESH,Nandyal,GADIVEMULA,8,30.056,0.106,2.023,22.476,3.364,2.327,,
ANDHRA PRADESH,Nandyal,MIDTHUR,2,20.304,0.0677,6.613,19.501,0.0,0.0,,
ANDHRA PRADESH,Nandyal,NANDIKOTKUR,12,63.072,0.361,0.018,37.192,6.407,9.932,,
ANDHRA PRADESH,Nandyal,PAGIDYALA,4,28.878,0.1954,0.291,17.798,0.0,0.0,,
ANDHRA PRADESH,Nandyal,JUPADU BUNGALOW,6,30.86,0.1399,3.734,19.977,0.0,2.745,,
ANDHRA PRADESH,Nandyal,PAMULAPADU,10,77.809,0.4049,0.095,54.6,0.0,1.106,,
ANDHRA PRADESH,Nandyal,KOTHAPALLE,3,9.816,0.0213,7.852,7.836,0.0,1.98,,
TELANGANA,Nagarkurnool,KOLLAPUR,53,124.456,0.2197,3.714,19.073,13.208,14.805,,
TELANGANA,Nagarkurnool,Pentlavelli,3,2.903,0.0854,2.806,0.778,0.179,1.947,,
TELANGANA,Wanaparthy,WEEPANGANDLA,66,169.675,1.0279,0.262,65.848,52.967,45.352,,
TELANGANA,Wanaparthy,Srirangapur,35,62.486,0.7871,0.88,27.756,22.988,11.742,,
TELANGANA,Wanaparthy,Chinnambavi,100,193.186,0.7441,0.638,41.067,68.003,79.372,,
TELANGANA,Jogulamba Gadwal,ALAMPUR,1,5.008,0.0233,4.988,5.008,0.0,0.0,,
ANDHRA PRADESH,Kurnool,KURNOOL,19,107.213,0.3004,1.109,84.522,8.061,14.63,,
TELANGANA,Jogulamba Gadwal,Undavelly,2,15.581,0.1033,2.135,9.02,6.561,0.0,,
TELANGANA,Jogulamba Gadwal,MANOPADU,24,69.946,0.4289,0.089,14.01,32.683,17.381,,
ANDHRA PRADESH,Kurnool,GUDUR,20,73.064,0.4492,1.044,36.003,9.622,27.438,,
TELANGANA,Jogulamba Gadwal,WADDEPALLE,17,59.201,0.4419,0.826,28.794,17.725,12.682,,
TELANGANA,Jogulamba Gadwal,ITIKYAL,55,126.912,0.4266,0.056,24.756,41.015,55.056,,
TELANGANA,Wanaparthy,PEBBAIR,88,139.525,0.7249,0.052,16.643,51.141,56.605,,
TELANGANA,Jogulamba Gadwal,GADWAL,39,94.594,0.3522,2.391,31.136,51.739,11.073,,
TELANGANA,Jogulamba Gadwal,MALDAKAL,23,96.807,0.4186,0.562,17.691,49.622,29.493,,
TELANGANA,Jogulamba Gadwal,GHATTU,3,37.712,0.1559,0.046,24.476,13.235,0.0,,
TELANGANA,Jogulamba Gadwal,Kaloor Thimmandoddi,8,38.954,0.2336,2.509,19.834,15.274,3.846,,
KARNATAKA,Raichur,RAICHUR,93,341.588,0.2255,3.816,73.507,142.808,125.273,,
ANDHRA PRADESH,Kurnool,MANTRALAYAM,21,74.408,0.416,0.711,37.709,14.2,22.499,,
ANDHRA PRADESH,Kurnool,PEDDAKADABUR,18,76.076,0.3334,0.082,19.367,29.388,27.32,,
ANDHRA PRADESH,Kurnool,NANDAVARAM,44,127.505,0.5036,0.485,39.356,45.251,42.897,,
TELANGANA,Jogulamba Gadwal,IEEJA,20,75.421,0.261,1.69,29.093,42.143,4.185,,
TELANGANA,Jogulamba Gadwal,Rajoli,14,50.484,0.3839,0.091,1.489,34.586,14.408,,
ANDHRA PRADESH,Kurnool,C.BELAGAL,33,86.001,0.4094,0.919,11.928,31.013,43.012,,
ANDHRA PRADESH,Kurnool,DEVANAKONDA,13,57.855,0.1226,0.484,35.544,20.784,1.527,,
ANDHRA PRADESH,Kurnool,GONEGANDLA,52,128.808,0.466,0.154,42.629,49.272,34.391,,
ANDHRA PRADESH,Kurnool,YEMMIGANUR,26,89.932,0.2989,0.102,27.347,47.378,15.207,,
ANDHRA PRADESH,Kurnool,ASPARI,0,0.0,0.0,11.79,0.0,0.0,0.0,,
ANDHRA PRADESH,Kurnool,PATTIKONDA,5,37.82,0.1312,1.214,34.848,0.0,1.119,,
ANDHRA PRADESH,Kurnool,TUGGALI,3,2.946,0.008,13.031,0.0,0.0,2.946,,
ANDHRA PRADESH,Nandyal,DHONE ALIAS DRONACHALAM,0,0.0,0.0,13.088,0.0,0.0,0.0,,
ANDHRA PRADESH,Kurnool,KRISHNAGIRI,43,129.335,0.3265,1.862,68.777,41.968,18.208,,
ANDHRA PRADESH,Kurnool,KODUMUR,39,99.612,0.4219,1.286,19.814,50.195,28.882,,
ANDHRA PRADESH,Kurnool,KALLUR,13,53.996,0.1666,2.424,24.686,10.491,18.819,,
ANDHRA PRADESH,Kurnool,VELDURTHI,1,3.847,0.011,7.651,3.847,0.0,0.0,,
ANDHRA PRADESH,Kurnool,ORVAKAL,0,0.0,0.0,12.723,0.0,0.0,0.0,,
ANDHRA PRADESH,Nandyal,BETHAMCHERLA,0,0.0,0.0,14.992,0.0,0.0,0.0,,
ANDHRA PRADESH,Nandyal,BANAGANAPALLE,83,235.737,0.4937,0.033,63.931,45.596,125.465,,
ANDHRA PRADESH,Nandyal,OWK,47,136.488,0.245,2.954,49.605,16.683,67.48,,
ANDHRA PRADESH,Nandyal,KOLIMIGUNDLA,2,12.624,0.038,10.799,12.624,0.0,0.0,,
ANDHRA PRADESH,Anantapur,TADIPATRI,2,6.853,0.019,9.932,6.853,0.0,0.0,,
ANDHRA PRADESH,Anantapur,PEDDAPAPPUR,4,28.3,0.1299,0.198,28.3,0.0,0.0,,
ANDHRA PRADESH,Anantapur,YADIKI,6,27.932,0.0828,1.563,26.17,0.0,1.762,,
ANDHRA PRADESH,Nandyal,PEAPULLY,0,0.0,0.0,15.973,0.0,0.0,0.0,,
ANDHRA PRADESH,Anantapur,GOOTY,6,26.302,0.091,5.009,1.9,21.952,2.45,,
ANDHRA PRADESH,Kurnool,MADDIKERA (EAST),1,17.896,0.0768,3.864,17.896,0.0,0.0,,
ANDHRA PRADESH,Anantapur,GUNTAKAL,13,57.574,0.1551,3.905,39.75,17.394,0.43,,
ANDHRA PRADESH,Anantapur,PAMIDI,10,63.435,0.2232,0.403,42.333,20.43,0.163,,
ANDHRA PRADESH,Anantapur,VAJRAKARUR,12,51.446,0.1258,1.614,36.448,14.998,0.0,,
ANDHRA PRADESH,Anantapur,GARLADINNE,11,66.67,0.2221,0.281,24.517,23.69,17.852,,
ANDHRA PRADESH,Anantapur,PEDDAVADUGUR,10,54.249,0.1724,4.268,47.5,6.227,0.523,,
ANDHRA PRADESH,Anantapur,SINGANAMALA,5,18.475,0.0569,2.897,0.0,16.942,1.533,,
ANDHRA PRADESH,Anantapur,BUKKARAYASAMUDRAM,24,80.957,0.3394,1.111,26.39,37.61,16.956,,
ANDHRA PRADESH,Anantapur,ANANTAPUR,3,23.057,0.0806,6.11,21.868,0.0,1.189,,
ANDHRA PRADESH,Anantapur,KUDAIR,6,67.087,0.1691,2.588,62.612,0.0,4.475,,
ANDHRA PRADESH,Anantapur,ATMAKUR,3,44.292,0.153,2.402,43.777,0.0,0.515,,
ANDHRA PRADESH,Sri Sathya Sai,KANAGANAPALLE,10,83.414,0.1886,0.165,65.898,14.693,2.697,,
ANDHRA PRADESH,Anantapur,RAPTADU,3,28.857,0.1086,2.128,27.941,0.0,0.916,,
ANDHRA PRADESH,Sri Sathya Sai,DHARMAVARAM,2,5.215,0.0156,5.616,5.215,0.0,0.0,,
ANDHRA PRADESH,Sri Sathya Sai,TADIMARRI,4,23.742,0.0844,3.1,13.14,0.0,10.032,,
ANDHRA PRADESH,Sri Sathya Sai,BATHALAPALLE,1,12.721,0.0571,8.199,12.721,0.0,0.0,,
ANDHRA PRADESH,Anantapur,NARPALA,7,43.258,0.1638,0.771,30.458,6.074,6.725,,
ANDHRA PRADESH,Anantapur,PUTLUR,9,67.499,0.1997,0.135,49.887,6.885,10.727,,
ANDHRA PRADESH,Anantapur,YELLANUR,21,80.448,0.268,0.768,21.228,3.996,27.881,,
ANDHRA PRADESH,Y.S.R.,KONDAPURAM,16,75.012,0.2044,2.455,9.648,13.739,20.298,,
ANDHRA PRADESH,Y.S.R.,SIMHADRIPURAM,54,172.348,0.585,0.771,10.329,57.854,75.449,,
ANDHRA PRADESH,Y.S.R.,LINGALA,27,81.926,0.2801,2.353,38.87,31.974,8.569,,
ANDHRA PRADESH,Sri Sathya Sai,MUDIGUBBA,46,101.663,0.2098,2.193,50.4,32.738,18.477,,
ANDHRA PRADESH,Y.S.R.,PULIVENDLA,27,70.956,0.3828,1.083,20.224,32.629,18.102,,
ANDHRA PRADESH,Y.S.R.,VEMULA,17,73.301,0.329,0.05,29.553,39.923,3.825,,
ANDHRA PRADESH,Y.S.R.,THONDUR,34,86.957,0.3377,2.663,2.047,28.867,47.271,,
ANDHRA PRADESH,Y.S.R.,VEMPALLE,10,37.99,0.1766,0.578,18.188,19.802,0.0,,
ANDHRA PRADESH,Y.S.R.,PENDLIMARRI,1,0.446,0.0008,14.348,0.446,0.0,0.0,,
ANDHRA PRADESH,Y.S.R.,KAMALAPURAM,3,13.808,0.0787,6.456,8.211,5.597,0.0,,
ANDHRA PRADESH,Y.S.R.,VEERAPANAYANI PALLE,6,38.75,0.1353,0.268,12.678,0.0,0.0,,
ANDHRA PRADESH,Y.S.R.,YERRAGUNTLA,10,50.784,0.2102,0.97,28.014,18.074,2.942,,
ANDHRA PRADESH,Y.S.R.,CHAPADU,17,52.513,0.4113,0.762,10.668,0.0,22.935,,
ANDHRA PRADESH,Y.S.R.,PRODDATUR,15,50.904,0.2997,1.741,23.999,4.564,15.446,,
ANDHRA PRADESH,Y.S.R.,MUDDANUR,4,47.527,0.1471,0.02,31.895,0.0,9.935,,
ANDHRA PRADESH,Y.S.R.,JAMMALAMADUGU,9,48.506,0.1707,1.028,37.142,4.368,6.996,,
ANDHRA PRADESH,Y.S.R.,PEDDAMUDIUM,17,86.275,0.3562,1.018,47.355,8.285,9.651,,
ANDHRA PRADESH,Y.S.R.,MYLAVARAM,17,107.697,0.2626,1.581,75.757,13.927,13.596,,
ANDHRA PRADESH,Nandyal,SANJAMALA,67,161.925,0.6492,0.133,20.764,25.983,115.179,,
ANDHRA PRADESH,Nandyal,KOILAKUNTLA,33,97.351,0.4635,1.717,0.0,19.436,59.31,,
ANDHRA PRADESH,Nandyal,DORNIPADU,12,44.754,0.4152,1.009,7.939,0.0,17.102,,
ANDHRA PRADESH,Nandyal,UYYALAWADA,24,70.381,0.2983,1.855,17.055,9.291,22.318,,
ANDHRA PRADESH,Nandyal,RUDRAVARAM,76,265.85,0.4737,0.443,29.144,107.977,128.729,,
ANDHRA PRADESH,Nandyal,ALLAGADDA,38,126.418,0.3788,1.153,18.124,36.772,50.823,,
ANDHRA PRADESH,Nandyal,CHAGALAMARRI,45,130.919,0.3642,0.265,26.956,59.938,37.883,,
ANDHRA PRADESH,Y.S.R.,RAJUPALEM,19,76.894,0.3962,1.587,33.756,13.04,22.767,,
ANDHRA PRADESH,Y.S.R.,DUVVUR,26,91.453,0.4577,1.455,38.096,6.796,25.375,,
ANDHRA PRADESH,Y.S.R.,MYDUKUR,30,123.675,0.2921,0.187,82.478,0.065,25.312,,
ANDHRA PRADESH,Y.S.R.,SRI AVADUTHA KASINAYANA,30,101.297,0.2629,2.815,27.977,30.866,42.454,,
ANDHRA PRADESH,Y.S.R.,KALASAPADU,13,38.662,0.1131,4.945,22.066,3.684,12.911,,
ANDHRA PRADESH,Y.S.R.,PORUMAMILLA,18,57.802,0.1605,2.267,23.464,18.722,15.616,,
ANDHRA PRADESH,Y.S.R.,BRAHMAMGARIMATHAM.,54,150.212,0.4837,0.089,56.49,46.681,47.041,,
ANDHRA PRADESH,Y.S.R.,B.KODUR,18,80.675,0.6173,0.837,36.746,20.542,23.387,,
ANDHRA PRADESH,Y.S.R.,BADVEL,23,61.326,0.2597,0.387,24.384,17.602,19.34,,
ANDHRA PRADESH,Y.S.R.,KHAJIPET,22,91.482,0.3892,1.548,29.704,0.0,34.039,,
ANDHRA PRADESH,Y.S.R.,Kadapa,3,12.88,0.1451,2.347,7.543,2.099,3.238,,
ANDHRA PRADESH,Y.S.R.,CHENNUR,11,31.082,0.3255,0.345,9.96,13.062,6.906,,
ANDHRA PRADESH,Y.S.R.,VALLUR,4,8.473,0.0594,4.931,3.3,0.0,3.273,,
ANDHRA PRADESH,Y.S.R.,CHINTAKOMMA DINNE,20,55.325,0.1687,0.481,24.12,27.39,3.815,,
ANDHRA PRADESH,Y.S.R.,SIDHOUT,0,0.0,0.0,9.878,0.0,0.0,0.0,,
ANDHRA PRADESH,Y.S.R.,ATLUR,22,60.223,0.3413,2.078,23.953,14.505,21.764,,
ANDHRA PRADESH,Y.S.R.,VONTIMITTA,0,0.0,0.0,16.552,0.0,0.0,0.0,,
ANDHRA PRADESH,Y.S.R.,GOPAVARAM,22,83.326,0.1573,0.736,21.033,24.263,38.03,,
ANDHRA PRADESH,Spsr Nellore,MARRIPADU,6,12.747,0.0207,12.739,7.946,2.596,2.205,,
ANDHRA PRADESH,Spsr Nellore,ANANTHASAGARAM,19,72.592,0.239,1.986,37.913,20.499,14.18,,
ANDHRA PRADESH,Spsr Nellore,ATMAKUR,15,48.77,0.1648,2.186,16.581,16.832,15.357,,
ANDHRA PRADESH,Spsr Nellore,CHEJERLA,41,104.924,0.3431,0.921,31.937,48.774,15.527,,
ANDHRA PRADESH,Spsr Nellore,KALUVOYA,23,110.384,0.2943,3.003,75.66,17.784,5.156,,
ANDHRA PRADESH,Spsr Nellore,PODALAKUR,65,184.643,0.4266,0.143,50.73,95.679,26.316,,
ANDHRA PRADESH,Spsr Nellore,NELLORE RURAL,10,99.724,0.2848,3.158,54.277,6.244,0.0,,
ANDHRA PRADESH,Spsr Nellore,KOVUR,3,25.605,0.2972,1.518,0.0,0.0,0.0,,
ANDHRA PRADESH,Spsr Nellore,BUTCHIREDDIPALEM,16,61.799,0.5311,1.088,0.0,0.0,0.0,,
ANDHRA PRADESH,Spsr Nellore,DAGADARTHI,20,89.726,0.3622,0.647,19.966,21.628,10.169,,
ANDHRA PRADESH,Spsr Nellore,KODAVALUR,14,46.162,0.4216,0.867,0.0,0.5,0.814,,
ANDHRA PRADESH,Spsr Nellore,BOGOLE,6,31.132,0.1733,3.627,1.192,16.562,13.378,,
ANDHRA PRADESH,Spsr Nellore,SANGAM,8,40.253,0.193,1.249,14.935,0.0,1.785,,
ANDHRA PRADESH,Spsr Nellore,ANUMASAMUDRAMPETA,3,23.288,0.0794,2.913,14.455,6.222,2.611,,
ANDHRA PRADESH,Spsr Nellore,KONDAPURAM,27,60.073,0.1729,1.834,34.584,0.0,24.428,,
ANDHRA PRADESH,Spsr Nellore,KALIGIRI,3,20.279,0.051,3.42,19.819,0.461,0.0,,
ANDHRA PRADESH,Spsr Nellore,JALADANKI,9,68.635,0.2272,1.426,21.338,36.573,10.724,,
ANDHRA PRADESH,Spsr Nellore,KAVALI,5,15.214,0.047,6.038,3.757,5.925,0.0,,
ANDHRA PRADESH,Spsr Nellore,GUDLURU,8,33.496,0.1375,3.29,24.384,0.0,0.0,,
ANDHRA PRADESH,Spsr Nellore,ULAVAPADU,1,12.634,0.0686,0.808,12.634,0.0,0.0,,
ANDHRA PRADESH,Prakasam,SINGARAYAKONDA,9,15.783,0.1445,1.436,8.941,5.922,0.92,,
ANDHRA PRADESH,Spsr Nellore,KANDUKUR,3,7.525,0.0346,6.166,7.257,0.0,0.0,,
ANDHRA PRADESH,Spsr Nellore,LINGASAMUDRAM,13,28.778,0.1249,3.186,24.956,0.0,0.892,,
ANDHRA PRADESH,Spsr Nellore,VOLETIVARI PALEM,2,14.708,0.0582,7.57,0.0,0.0,0.0,,
ANDHRA PRADESH,Prakasam,PEDACHERLO PALLE,0,0.0,0.0,19.525,0.0,0.0,0.0,,
ANDHRA PRADESH,Prakasam,PAMUR,40,53.052,0.1302,3.534,23.615,0.0,29.438,,
ANDHRA PRADESH,Spsr Nellore,VINJAMUR,1,0.022,0.0001,12.568,0.0,0.0,0.022,,
ANDHRA PRADESH,Spsr Nellore,DUTTALUR,1,6.675,0.0248,3.554,6.675,0.0,0.0,,
ANDHRA PRADESH,Spsr Nellore,VARIKUNTAPADU,19,76.682,0.2289,0.604,36.01,40.624,0.047,,
ANDHRA PRADESH,Spsr Nellore,UDAYAGIRI,13,52.392,0.1418,1.276,36.042,15.955,0.0,,
ANDHRA PRADESH,Spsr Nellore,SEETHARAMAPURAM,1,3.468,0.0101,6.663,3.468,0.0,0.0,,
ANDHRA PRADESH,Prakasam,CHANDRA SEKHARA PURAM,5,58.152,0.1034,0.48,52.947,5.206,0.0,,
ANDHRA PRADESH,Prakasam,HANUMANTHUNI PADU,5,38.538,0.0966,3.432,28.793,9.745,0.0,,
ANDHRA PRADESH,Prakasam,VELIGANDLA,6,39.444,0.1029,4.427,32.417,7.028,0.0,,
ANDHRA PRADESH,Prakasam,KANIGIRI,1,1.487,0.0029,16.743,1.487,0.0,0.0,,
ANDHRA PRADESH,Prakasam,KONAKANAMITTLA,2,21.811,0.0476,2.132,21.811,0.0,0.0,,
ANDHRA PRADESH,Prakasam,MARKAPUR,10,38.082,0.1264,4.753,23.379,10.047,0.0,,
ANDHRA PRADESH,Prakasam,TARLUPADU,2,31.344,0.1196,2.007,31.344,0.0,0.0,,
ANDHRA PRADESH,Prakasam,PEDA ARAVEEDU,4,13.738,0.0517,2.64,9.058,2.544,0.0,,
ANDHRA PRADESH,Prakasam,YERRAGONDAPALEM,1,16.717,0.0557,4.412,16.717,0.0,0.0,,
ANDHRA PRADESH,Prakasam,PULLALACHERUVU,7,23.688,0.0349,13.4,10.408,9.917,3.363,,
ANDHRA PRADESH,Prakasam,KURICHEDU,29,82.38,0.3027,0.145,37.107,36.339,8.934,,
ANDHRA PRADESH,Prakasam,TRIPURANTHAKAM,31,110.964,0.4124,0.528,28.943,47.341,34.679,,
ANDHRA PRADESH,Prakasam,DONAKONDA,7,25.856,0.0758,0.759,18.966,6.504,0.386,,
ANDHRA PRADESH,Prakasam,MUNDLAMURU,51,145.238,0.4489,0.858,11.114,66.045,68.08,,
ANDHRA PRADESH,Palnadu,NUZENDLA,57,172.665,0.4986,1.215,11.299,65.259,96.108,,
ANDHRA PRADESH,Palnadu,BOLLAPALLE,18,72.835,0.1052,6.878,23.653,31.611,17.571,,
ANDHRA PRADESH,Palnadu,IPUR,34,114.355,0.5722,0.485,31.284,39.801,37.353,,
ANDHRA PRADESH,Palnadu,VINUKONDA,35,115.463,0.4188,0.476,0.0,49.787,65.675,,
ANDHRA PRADESH,Palnadu,SAVALYAPURAM,25,69.715,0.4827,0.697,16.94,32.933,19.842,,
ANDHRA PRADESH,Palnadu,NARASARAOPETA,35,96.145,0.4162,0.638,2.177,36.444,57.524,,
ANDHRA PRADESH,Bapatla,SANTHAMAGULURU,38,103.096,0.5044,0.539,8.436,54.995,39.665,,
ANDHRA PRADESH,Bapatla,BALLIKURAVA,32,97.389,0.4409,0.95,12.945,42.92,41.523,,
ANDHRA PRADESH,Bapatla,ADDANKI,25,79.614,0.3123,1.046,0.0,35.2,44.414,,
ANDHRA PRADESH,Prakasam,MADDIPADU,50,123.003,0.7496,0.169,24.703,57.966,40.333,,
ANDHRA PRADESH,Prakasam,CHIMAKURTHI,43,122.752,0.4347,0.536,11.827,40.057,70.867,,
ANDHRA PRADESH,Prakasam,TALLUR,36,106.731,0.5566,0.045,9.184,47.624,46.175,,
ANDHRA PRADESH,Prakasam,DARSI,53,139.795,0.3892,0.942,28.198,67.673,42.886,,
ANDHRA PRADESH,Prakasam,PODILI,0,0.0,0.0,10.043,0.0,0.0,0.0,,
ANDHRA PRADESH,Prakasam,MARRIPUDI,0,0.0,0.0,13.795,0.0,0.0,0.0,,
ANDHRA PRADESH,Prakasam,PONNALURU,0,0.0,0.0,14.298,0.0,0.0,0.0,,
ANDHRA PRADESH,Prakasam,ZARUGUMILLI,2,7.021,0.0389,5.141,5.074,1.946,0.0,,
ANDHRA PRADESH,Prakasam,KONDAPI,0,0.0,0.0,7.446,0.0,0.0,0.0,,
ANDHRA PRADESH,Prakasam,SANTHANUTHALA PADU,33,91.616,0.4412,0.498,14.302,13.109,64.205,,
ANDHRA PRADESH,Prakasam,TANGUTUR,8,28.666,0.1445,2.702,11.232,0.0,17.434,,
ANDHRA PRADESH,Prakasam,ONGOLE,33,103.936,0.5197,1.846,21.73,37.746,44.46,,
ANDHRA PRADESH,Prakasam,KOTHA PATNAM,6,21.655,0.1327,3.124,1.471,6.251,13.934,,
ANDHRA PRADESH,Bapatla,CHINAGANJAM,19,74.339,0.4421,1.603,16.992,49.85,7.497,,
ANDHRA PRADESH,Prakasam,NAGULUPPALA PADU,87,195.29,0.7761,0.339,18.872,84.55,91.867,,
ANDHRA PRADESH,Bapatla,KORISAPADU,14,37.337,0.2543,2.891,6.566,18.018,12.753,,
ANDHRA PRADESH,Bapatla,JANAKAVARAM PONGULURU,27,84.681,0.5102,1.122,0.334,28.203,56.144,,
ANDHRA PRADESH,Bapatla,KARAMCHEDU,28,125.596,0.7894,0.671,20.379,45.029,60.187,,
ANDHRA PRADESH,Bapatla,INKOLLU,31,85.063,0.5987,0.296,0.0,19.488,65.576,,
ANDHRA PRADESH,Bapatla,YDDANA PUDI,3,8.966,0.0868,3.91,5.357,1.692,1.917,,
ANDHRA PRADESH,Bapatla,MARTUR,27,90.569,0.5108,1.276,19.177,48.342,23.05,,
ANDHRA PRADESH,Palnadu,CHILAKALURIPET,14,33.392,0.1617,1.69,0.0,9.79,23.602,,
ANDHRA PRADESH,Palnadu,NADENDLA,21,76.175,0.4686,0.718,15.154,22.747,38.274,,
ANDHRA PRADESH,Palnadu,EDLAPADU,18,58.881,0.3315,0.431,11.881,30.972,16.029,,
ANDHRA PRADESH,Guntur,PEDANANDIPADU,12,40.487,0.2927,0.366,11.215,17.947,11.324,,
ANDHRA PRADESH,Guntur,PRATHIPADU,17,49.699,0.4125,1.588,3.801,24.583,21.315,,
ANDHRA PRADESH,Guntur,VATTICHERUKURU,23,71.817,0.6277,0.534,9.793,48.689,13.335,,
ANDHRA PRADESH,Guntur,KAKUMANU,28,97.657,0.5555,0.151,22.754,61.228,13.195,,
ANDHRA PRADESH,Bapatla,BAPATLA,15,71.834,0.2757,0.584,3.233,41.55,26.79,,
ANDHRA PRADESH,Bapatla,PARCHUR,19,55.276,0.253,1.134,21.408,27.968,5.9,,
ANDHRA PRADESH,Bapatla,CHIRALA,5,11.922,0.1156,1.877,0.0,11.922,0.0,,
ANDHRA PRADESH,Bapatla,VETAPALEM,1,4.755,0.0526,4.336,0.0,4.755,0.0,,
ANDHRA PRADESH,Bapatla,NIZAMPATNAM,24,57.149,0.3125,1.422,0.469,34.72,21.96,,
ANDHRA PRADESH,Bapatla,PITTALAVANIPALEM,20,57.144,0.8166,0.778,8.835,35.331,12.978,,
ANDHRA PRADESH,Bapatla,KARLAPALEM,12,43.101,0.4187,1.602,0.0,17.601,25.499,,
ANDHRA PRADESH,Guntur,PONNUR,20,93.417,0.5536,0.29,5.33,65.83,22.256,,
ANDHRA PRADESH,Guntur,CHEBROLE,19,69.349,0.542,1.151,17.757,48.614,2.978,,
ANDHRA PRADESH,Bapatla,TSUNDUR,17,78.519,0.7597,0.083,11.358,51.373,15.788,,
ANDHRA PRADESH,Bapatla,AMRUTHALUR,35,128.761,1.0555,0.294,41.149,63.47,23.681,,
ANDHRA PRADESH,Bapatla,VEMURU,22,68.492,0.6872,0.428,0.0,28.186,40.307,,
ANDHRA PRADESH,Bapatla,CHERUKUPALLE,28,73.497,0.7696,1.546,14.635,36.336,22.526,,
ANDHRA PRADESH,Bapatla,NAGARAM,37,116.171,0.8291,0.617,2.906,31.568,81.697,,
ANDHRA PRADESH,Bapatla,BHATTIPROLU,23,78.435,0.8375,0.19,11.411,31.323,35.701,,
ANDHRA PRADESH,Bapatla,KOLLUR,14,54.653,0.4731,0.033,13.934,28.21,12.509,,
ANDHRA PRADESH,Krishna,GHANTASALA,21,80.668,0.6998,0.018,7.195,33.762,39.711,,
ANDHRA PRADESH,Krishna,CHALLAPALLI,15,58.157,0.636,0.517,7.32,26.869,23.968,,
ANDHRA PRADESH,Krishna,MOPIDEVI,15,65.179,0.7821,0.014,6.029,35.078,24.072,,
ANDHRA PRADESH,Krishna,AVANIGADDA,16,66.931,0.9127,0.211,13.687,45.534,7.71,,
ANDHRA PRADESH,Bapatla,REPALLE,26,134.425,0.5136,0.159,22.885,92.272,19.268,,
ANDHRA PRADESH,Krishna,NAGAYALANKA,27,111.604,0.2725,0.745,17.83,35.52,58.254,,
ANDHRA PRADESH,Spsr Nellore,ALLUR,1,9.314,0.05,2.777,0.0,0.0,0.0,,
ANDHRA PRADESH,Spsr Nellore,VIDAVALUR,4,30.261,0.1849,0.394,0.0,0.0,0.0,,
ANDHRA PRADESH,Spsr Nellore,INDUKURPET,1,8.361,0.0598,3.039,8.361,0.0,0.0,,
ANDHRA PRADESH,Spsr Nellore,THOTAPALLIGUDUR,1,2.252,0.0147,6.363,0.0,0.0,0.0,,
ANDHRA PRADESH,Krishna,KODURU,47,150.103,0.7068,0.009,17.42,72.595,60.088,,
ANDHRA PRADESH,Krishna,MACHILIPATNAM,21,97.729,0.2458,0.279,9.207,37.23,51.293,,
ANDHRA PRADESH,Krishna,GUDURU,18,75.586,0.6047,1.637,7.656,45.705,22.225,,
ANDHRA PRADESH,Krishna,GUDLAVALLERU,21,78.925,0.6437,0.357,9.644,51.403,17.879,,
ANDHRA PRADESH,Krishna,GUDIVADA,26,82.521,0.7765,0.123,0.0,16.443,66.078,,
ANDHRA PRADESH,Eluru,MUDINEPALLE,32,116.19,0.6751,0.658,0.0,43.305,72.886,,
ANDHRA PRADESH,Krishna,PEDANA,15,62.238,0.4499,2.741,10.188,34.645,17.405,,
ANDHRA PRADESH,Krishna,KRUTTIVENNU,11,50.812,0.2807,0.319,18.907,22.61,9.296,,
ANDHRA PRADESH,Krishna,BANTUMILLI,22,81.041,0.6527,0.12,7.281,45.324,28.436,,
ANDHRA PRADESH,Eluru,KAIKALUR,17,76.906,0.4839,0.928,0.0,5.608,68.454,,
ANDHRA PRADESH,Eluru,KALIDINDI,34,122.549,0.7058,0.932,0.008,23.379,99.088,,
ANDHRA PRADESH,West Godavari,AKIVIDU,42,91.693,0.8479,0.519,19.359,0.0,0.428,,
ANDHRA PRADESH,Eluru,ELURU,11,38.432,0.168,2.917,11.111,15.728,3.204,,
ANDHRA PRADESH,Eluru,MANDAVALLI,23,65.721,0.3801,1.715,0.0,21.194,44.527,,
ANDHRA PRADESH,Krishna,NANDIVADA,21,74.9,0.5009,0.158,0.0,27.655,47.244,,
ANDHRA PRADESH,Eluru,PEDAPADU,13,39.185,0.2348,0.998,16.509,20.388,2.288,,
ANDHRA PRADESH,Eluru,DENDULURU,9,52.082,0.2882,3.47,16.406,0.844,0.0,,
ANDHRA PRADESH,Eluru,PEDAVEGI,2,30.438,0.1203,2.47,23.819,6.62,0.0,,
ANDHRA PRADESH,Eluru,LINGAPALEM,8,36.889,0.1822,1.06,2.22,33.136,1.533,,
ANDHRA PRADESH,Eluru,CHINTALAPUDI,9,68.332,0.2046,0.456,53.14,15.192,0.0,,
ANDHRA PRADESH,Eluru,T.NARASAPURAM,4,41.948,0.1513,0.196,41.948,0.0,0.0,,
ANDHRA PRADESH,Eluru,KAMAVARAPUKOTA,12,21.698,0.1048,4.57,16.264,3.45,1.983,,
ANDHRA PRADESH,Eluru,JANGAREDDIGUDEM,36,63.174,0.3066,0.257,28.441,17.044,17.689,,
ANDHRA PRADESH,Eluru,KOYYALAGUDEM,8,31.33,0.1779,1.315,16.453,12.305,2.572,,
ANDHRA PRADESH,East Godavari,NALLAJERLA,25,71.79,0.3062,0.349,44.017,17.009,10.764,,
ANDHRA PRADESH,Eluru,UNGUTURU,36,121.801,0.6169,0.349,32.875,17.168,14.287,,
ANDHRA PRADESH,Eluru,DWARAKATIRUMALA,16,48.325,0.2004,7.94,30.922,13.883,3.521,,
ANDHRA PRADESH,Eluru,BHIMADOLE,16,63.508,0.3019,0.503,20.772,3.946,0.448,,
ANDHRA PRADESH,Eluru,NIDAMARRU,9,24.275,0.1987,3.674,3.78,0.0,0.0,,
ANDHRA PRADESH,West Godavari,PENTAPADU,21,75.373,0.6816,0.648,17.184,0.0,1.157,,
ANDHRA PRADESH,Eluru,GANAPAVARAM,16,71.738,0.7016,0.3,12.335,0.0,8.034,,
ANDHRA PRADESH,West Godavari,TADEPALLIGUDEM,33,94.764,0.4477,0.172,33.961,20.68,31.523,,
ANDHRA PRADESH,East Godavari,NIDADAVOLE,27,86.895,0.678,0.089,18.578,5.194,4.64,,
ANDHRA PRADESH,East Godavari,GOPALAPURAM,32,132.276,0.6686,0.518,73.034,32.167,27.075,,
ANDHRA PRADESH,East Godavari,THALLAPUDI,6,20.433,0.2358,2.905,6.173,8.018,0.52,,
ANDHRA PRADESH,East Godavari,DEVARAPALLE,26,101.602,0.4783,0.175,60.803,21.743,19.055,,
ANDHRA PRADESH,East Godavari,CHAGALLU,18,42.189,0.4026,0.151,14.044,12.213,15.313,,
ANDHRA PRADESH,East Godavari,KOVVUR,8,12.165,0.1226,0.234,3.174,0.0,4.589,,
ANDHRA PRADESH,East Godavari,SEETHANAGARAM,16,70.132,0.3437,0.217,43.685,0.748,19.181,,
ANDHRA PRADESH,East Godavari,KORUKONDA,23,95.786,0.5305,0.586,47.459,31.767,12.003,,
ANDHRA PRADESH,East Godavari,RAJAHMUNDRY RURAL,11,28.268,0.2925,0.19,22.489,5.779,0.0,,
ANDHRA PRADESH,East Godavari,RAJAHMUNDRY URBAN,1,2.777,0.0479,3.967,2.777,0.0,0.0,,
ANDHRA PRADESH,East Godavari,KADIAM,14,35.867,0.5578,1.89,23.087,0.0,0.0,,
ANDHRA PRADESH,Konaseema,ATREYAPURAM,12,86.562,0.6662,0.022,34.222,0.0,51.718,,
ANDHRA PRADESH,East Godavari,PERAVALI,20,78.346,1.015,0.0,12.47,0.0,0.0,,
ANDHRA PRADESH,East Godavari,UNDRAJAVARAM,14,75.247,0.9519,0.26,4.74,0.0,0.0,,
ANDHRA PRADESH,West Godavari,TANUKU,20,62.752,0.8337,0.143,2.329,0.0,0.0,,
ANDHRA PRADESH,Konaseema,ALAMURU,10,53.102,0.6901,0.57,19.09,0.0,0.44,,
ANDHRA PRADESH,Konaseema,RAVULAPALEM,13,49.122,0.5269,0.062,25.648,0.0,20.419,,
ANDHRA PRADESH,West Godavari,PENUGONDA,15,60.197,0.912,0.491,4.436,0.0,0.0,,
ANDHRA PRADESH,West Godavari,ELAMANCHILI,7,30.882,0.3882,1.718,0.0,0.0,0.0,,
ANDHRA PRADESH,West Godavari,ACHANTA,8,43.694,0.6609,0.64,0.0,0.0,0.0,,
ANDHRA PRADESH,West Godavari,PODURU,8,45.392,0.5079,1.53,8.594,0.0,0.0,,
ANDHRA PRADESH,West Godavari,PALACOLE,9,46.201,0.5485,0.298,7.66,0.0,0.0,,
ANDHRA PRADESH,West Godavari,PENUMANTRA,14,53.869,0.674,0.518,1.96,0.0,0.0,,
ANDHRA PRADESH,West Godavari,IRAGAVARAM,19,64.122,0.8262,0.399,5.965,0.0,0.0,,
ANDHRA PRADESH,West Godavari,ATTILI,15,62.311,0.7492,0.319,0.0,0.0,0.0,,
ANDHRA PRADESH,West Godavari,UNDI,28,86.023,0.6789,0.626,0.792,0.0,15.634,,
ANDHRA PRADESH,West Godavari,KALLA,33,105.154,0.6526,0.807,2.275,0.0,0.0,,
ANDHRA PRADESH,West Godavari,BHIMAVARAM,28,105.947,0.5804,1.062,0.0,0.0,0.0,,
ANDHRA PRADESH,West Godavari,PALAKODERU,24,93.256,1.0799,0.05,0.0,0.0,7.063,,
ANDHRA PRADESH,West Godavari,VEERAVASARAM,12,54.445,0.5503,0.814,0.0,0.0,0.0,,
ANDHRA PRADESH,West Godavari,MOGALTHUR,13,34.562,0.2539,1.239,4.643,0.0,0.0,,
ANDHRA PRADESH,West Godavari,NARSAPUR,16,84.15,0.5481,0.37,11.478,0.0,0.0,,
ANDHRA PRADESH,Konaseema,SAKHINETIPALLE,17,69.974,0.591,0.852,3.906,0.0,9.782,,
ANDHRA PRADESH,Konaseema,MALIKIPURAM,19,51.75,0.5612,0.442,5.869,0.0,7.485,,
ANDHRA PRADESH,Konaseema,RAZOLE,22,80.832,0.9558,0.635,9.486,0.0,8.633,,
ANDHRA PRADESH,Konaseema,ALLAVARAM,11,53.755,0.5059,0.756,0.0,0.0,23.761,,
ANDHRA PRADESH,Konaseema,MAMIDIKUDURU,22,51.514,0.5262,0.247,0.0,0.0,2.381,,
ANDHRA PRADESH,Konaseema,P.GANNAVARAM,7,36.737,0.3278,0.769,20.393,0.0,0.944,,
ANDHRA PRADESH,Konaseema,KOTHAPETA,9,43.423,0.5197,1.058,26.449,0.0,16.974,,
ANDHRA PRADESH,Konaseema,AMBAJIPETA,12,34.688,0.4967,0.058,9.486,0.0,21.297,,
ANDHRA PRADESH,Konaseema,AINAVILLI,12,48.473,0.508,0.338,16.433,0.0,30.742,,
ANDHRA PRADESH,Konaseema,MUMMIDIVARAM,16,68.311,0.7048,0.207,15.737,0.0,30.84,,
ANDHRA PRADESH,Konaseema,AMALAPURAM,12,29.83,0.4923,1.32,6.999,0.0,12.876,,
ANDHRA PRADESH,Konaseema,UPPALAGUPTAM,20,78.645,0.6734,0.012,7.574,0.0,52.98,,
ANDHRA PRADESH,Konaseema,KATRENIKONA,15,64.124,0.3864,0.118,8.174,0.0,42.98,,
ANDHRA PRADESH,Konaseema,I. POLAVARAM,13,62.645,0.3097,0.603,0.0,0.0,41.906,,
ANDHRA PRADESH,Kakinada,U.KOTHAPALLE,2,2.585,0.0246,3.155,1.15,0.0,1.435,,
ANDHRA PRADESH,Kakinada,PITHAPURAM,30,39.018,0.3187,0.561,7.57,0.0,2.579,,
ANDHRA PRADESH,Kakinada,SAMALKOTA,6,47.034,0.3283,0.869,29.322,0.0,9.325,,
ANDHRA PRADESH,Kakinada,KAKINADA URBAN,8,10.375,0.2625,0.97,4.572,0.0,4.09,,
ANDHRA PRADESH,Kakinada,KAKINADA RURAL,7,15.095,0.2166,0.982,4.941,0.0,10.154,,
ANDHRA PRADESH,Kakinada,THALLAREVU,17,52.836,0.2141,2.939,8.896,0.0,39.748,,
PUDUCHERRY,Yanam,YANAM,3,0.491,0.0133,1.9,0.0,0.0,0.491,,
ANDHRA PRADESH,Kakinada,KAJULURU,23,84.045,0.7525,0.546,12.909,0.0,32.4,,
ANDHRA PRADESH,Kakinada,KARAPA,19,59.959,0.5895,0.654,4.416,0.0,7.713,,
ANDHRA PRADESH,Kakinada,PEDAPUDI,11,63.235,0.6112,0.509,10.346,0.0,6.62,,
ANDHRA PRADESH,Konaseema,RAYAVARAM,19,54.308,0.726,0.409,4.95,0.0,3.079,,
ANDHRA PRADESH,Konaseema,RAMACHANDRAPURAM,30,86.755,0.8247,0.502,9.003,0.0,14.478,,
ANDHRA PRADESH,Konaseema,PAMARRU,16,63.746,0.5156,0.968,18.745,0.0,24.165,,
ANDHRA PRADESH,Konaseema,KAPILESWARAPURAM,20,59.023,0.5088,0.249,18.567,0.0,9.019,,
ANDHRA PRADESH,East Godavari,ANAPARTHY,19,57.366,1.0008,0.835,10.884,0.0,0.0,,
ANDHRA PRADESH,Konaseema,MANDAPETA,30,111.471,1.0433,0.712,18.525,0.0,7.686,,
ANDHRA PRADESH,East Godavari,RAJANAGARAM,21,73.217,0.3348,0.961,43.626,16.645,12.947,,
ANDHRA PRADESH,East Godavari,BICCAVOLU,21,68.437,0.6916,1.035,19.56,0.0,12.795,,
ANDHRA PRADESH,East Godavari,RANGAMPETA,23,79.555,0.5392,0.755,43.789,0.0,23.508,,
ANDHRA PRADESH,Kakinada,PEDDAPURAM,17,35.928,0.2438,0.162,0.0,0.0,0.0,,
ANDHRA PRADESH,Kakinada,GANDEPALLE,33,111.502,0.7502,0.515,41.31,35.199,24.551,,
ANDHRA PRADESH,East Godavari,GOKAVARAM,27,88.552,0.455,0.555,45.553,23.029,13.192,,
ANDHRA PRADESH,Kakinada,JAGGAMPETA,35,113.102,0.6367,0.042,37.708,32.751,31.857,,
ANDHRA PRADESH,Kakinada,YELESWARAM,10,17.712,0.154,0.836,13.633,1.2,1.049,,
ANDHRA PRADESH,Alluri Sitharama Raju,GANGAVARAM,26,75.731,0.2267,0.21,39.625,27.292,8.815,,
ANDHRA PRADESH,Alluri Sitharama Raju,ADDATEEGALA,9,29.493,0.0611,2.755,16.895,12.598,0.0,,
ANDHRA PRADESH,Alluri Sitharama Raju,RAJAVOMMANGI,1,3.804,0.0082,14.767,3.804,0.0,0.0,,
ANDHRA PRADESH,Kakinada,PRATHIPADU,13,84.643,0.3194,0.127,37.231,7.1,34.256,,
ANDHRA PRADESH,Kakinada,KIRLAMPUDI,32,57.043,0.7464,0.191,17.62,0.316,4.649,,
ANDHRA PRADESH,Kakinada,GOLLAPROLU,15,65.933,0.5275,1.775,30.724,25.343,9.532,,
ANDHRA PRADESH,Kakinada,THONDANGI,34,85.35,0.5042,0.033,29.032,31.593,16.838,,
ANDHRA PRADESH,Kakinada,SANKHAVARAM,16,48.633,0.2145,2.375,26.208,0.685,20.105,,
ANDHRA PRADESH,Kakinada,TUNI,13,52.374,0.2481,1.21,31.934,7.173,4.31,,
ANDHRA PRADESH,Anakapalli,NAKKAPALLE,1,17.696,0.08,2.926,17.696,0.0,0.0,,
ANDHRA PRADESH,Anakapalli,PAYAKARAOPETA,2,3.391,0.0314,5.973,2.632,0.0,0.76,,
ANDHRA PRADESH,Anakapalli,S.RAYAVARAM,1,7.679,0.0473,5.386,7.679,0.0,0.0,,
ANDHRA PRADESH,Anakapalli,MAKAVARAPALEM,1,20.123,0.124,0.001,20.123,0.0,0.0,,
ANDHRA PRADESH,Anakapalli,KOTAURATLA,17,34.298,0.1501,1.344,4.484,11.103,18.711,,
ANDHRA PRADESH,Anakapalli,NARSIPATNAM,13,25.382,0.2573,2.586,6.711,7.064,11.606,,
ANDHRA PRADESH,Anakapalli,NATHAVARAM,49,137.713,0.4834,0.583,58.906,33.331,45.476,,
ANDHRA PRADESH,Kakinada,KOTANANDURU,23,52.997,0.4916,1.964,9.622,13.975,29.401,,
ANDHRA PRADESH,Kakinada,Routhulapudi,8,27.06,0.1657,1.954,18.172,0.0,8.888,,
ANDHRA PRADESH,Anakapalli,GOLUGONDA,6,6.796,0.0286,5.426,2.948,1.404,2.443,,
ANDHRA PRADESH,Anakapalli,ROLUGUNTA,0,0.0,0.0,6.081,0.0,0.0,0.0,,
ANDHRA PRADESH,Anakapalli,RAVIKAMATHAM,10,46.137,0.2035,0.64,31.276,7.07,3.091,,
ANDHRA PRADESH,Anakapalli,MADUGULA,10,49.841,0.2828,0.345,20.245,6.529,0.0,,
ANDHRA PRADESH,Alluri Sitharama Raju,PADERU,0,0.0,0.0,13.799,0.0,0.0,0.0,,
ANDHRA PRADESH,Alluri Sitharama Raju,HUKUMPETA,0,0.0,0.0,25.535,0.0,0.0,0.0,,
ANDHRA PRADESH,Alluri Sitharama Raju,G.MADUGULA,3,1.58,0.0023,18.342,0.446,0.0,0.0,,
ANDHRA PRADESH,Alluri Sitharama Raju,CHINTAPALLE,0,0.0,0.0,32.746,0.0,0.0,0.0,,
ANDHRA PRADESH,Alluri Sitharama Raju,GUDEM KOTHA VEEDHI,0,0.0,0.0,30.919,0.0,0.0,0.0,,
ANDHRA PRADESH,Alluri Sitharama Raju,KOYYURU,0,0.0,0.0,26.082,0.0,0.0,0.0,,
ANDHRA PRADESH,Alluri Sitharama Raju,Y. RAMAVARAM,0,0.0,0.0,27.064,0.0,0.0,0.0,,
ODISHA,Malkangiri,KALIMELA,131,406.578,0.3472,1.858,95.268,66.745,244.564,,
ODISHA,Malkangiri,PODIA,66,186.947,0.2505,1.327,2.619,74.041,110.288,,
ANDHRA PRADESH,Alluri Sitharama Raju,CHINTOOR,0,0.0,0.0,12.78,0.0,0.0,0.0,,
ANDHRA PRADESH,Alluri Sitharama Raju,MAREDUMILLI,0,0.0,0.0,24.605,0.0,0.0,0.0,,
ANDHRA PRADESH,Alluri Sitharama Raju,RAMPACHODAVARAM,17,81.349,0.1787,0.875,41.213,31.713,8.424,,
ANDHRA PRADESH,Alluri Sitharama Raju,DEVIPATNAM,23,63.552,0.1909,8.045,27.454,11.32,12.073,,
ANDHRA PRADESH,Eluru,POLAVARAM,18,41.975,0.101,6.843,18.713,13.776,5.125,,
ANDHRA PRADESH,Alluri Sitharama Raju,VARARAMACHANDRAPURAM,0,0.0,0.0,16.394,0.0,0.0,0.0,,
ANDHRA PRADESH,Alluri Sitharama Raju,KUNAVARAM,0,0.0,0.0,13.658,0.0,0.0,0.0,,
ANDHRA PRADESH,Eluru,VELAIRPAD,30,65.067,0.1897,2.826,29.721,33.64,1.707,,
ANDHRA PRADESH,Eluru,BUTTAYAGUDEM,10,44.856,0.0866,5.346,28.179,12.224,4.453,,
TELANGANA,Bhadradri Kothagudem,ASWARAOPETA,39,135.437,0.2058,1.1,9.343,64.827,61.267,,
ANDHRA PRADESH,Eluru,JEELUGUMILLI,1,19.757,0.0942,2.967,19.757,0.0,0.0,,
TELANGANA,Bhadradri Kothagudem,DAMMAPETA,42,159.085,0.3325,0.785,6.846,76.855,75.384,,
ANDHRA PRADESH,Eluru,KUKKUNUR,11,19.717,0.0849,7.561,7.523,12.194,0.0,,
ANDHRA PRADESH,Alluri Sitharama Raju,NELLIPAKA,0,0.0,0.0,10.174,0.0,0.0,0.0,,
TELANGANA,Bhadradri Kothagudem,DUMMUGUDEM,38,91.465,0.2932,2.36,25.966,39.619,25.879,,
TELANGANA,Bhadradri Kothagudem,CHERLA,37,94.023,0.1989,0.234,33.924,31.81,28.289,,
TELANGANA,Bhadradri Kothagudem,MANUGUR,0,0.0,0.0,11.952,0.0,0.0,0.0,,
TELANGANA,Bhadradri Kothagudem,BURGAMPAHAD,28,85.835,0.3389,0.322,21.058,24.575,40.202,,
TELANGANA,Bhadradri Kothagudem,ASWAPURAM,8,31.352,0.0918,4.351,20.238,3.517,4.137,,
TELANGANA,Bhadradri Kothagudem,PALWANCHA,23,50.016,0.1574,1.588,19.333,18.347,12.336,,
TELANGANA,Bhadradri Kothagudem,Laxmidevipalli,13,28.399,0.1013,4.692,4.695,3.985,19.719,,
TELANGANA,Bhadradri Kothagudem,Allapalli,0,0.0,0.0,25.375,0.0,0.0,0.0,,
TELANGANA,Bhadradri Kothagudem,Karakagudem,0,0.0,0.0,17.561,0.0,0.0,0.0,,
TELANGANA,Bhadradri Kothagudem,PINAPAKA,0,0.0,0.0,9.153,0.0,0.0,0.0,,
TELANGANA,Bhadradri Kothagudem,GUNDALA,0,0.0,0.0,33.859,0.0,0.0,0.0,,
TELANGANA,Mahabubabad,KOTHAGUDEM,1,0.029,0.0,10.177,0.029,0.0,0.0,,
TELANGANA,Mahabubabad,Gangaram,0,0.0,0.0,27.259,0.0,0.0,0.0,,
TELANGANA,Bhadradri Kothagudem,YELLANDU,0,0.0,0.0,21.831,0.0,0.0,0.0,,
TELANGANA,Bhadradri Kothagudem,TEKULAPALLY,12,49.64,0.1198,5.386,0.0,29.065,20.574,,
TELANGANA,Bhadradri Kothagudem,Sujathanagar,23,68.214,0.3733,0.065,0.0,23.716,44.498,,
TELANGANA,Khammam,SINGARENI,4,5.95,0.0287,6.405,0.0,1.928,4.022,,
TELANGANA,Mahabubabad,BAYYARAM,0,0.0,0.0,9.624,0.0,0.0,0.0,,
TELANGANA,Mahabubabad,GARLA,3,8.474,0.0773,4.42,0.0,7.412,1.062,,
TELANGANA,Mahabubabad,DORNAKAL,20,62.435,0.4653,0.088,0.0,43.648,18.787,,
TELANGANA,Khammam,KAMEPALLY,29,98.181,0.5533,2.08,0.0,14.713,83.468,,
TELANGANA,Khammam,Raghunadhapalem,36,93.723,0.5649,0.089,3.527,0.0,89.616,,
TELANGANA,Khammam,KHAMMAM (RURAL),78,142.536,0.6495,0.009,16.96,37.786,87.79,,
TELANGANA,Khammam,KHAMMAM (URBAN),7,30.801,0.4046,1.456,8.047,8.807,13.948,,
TELANGANA,Khammam,KONIJERLA,31,129.214,0.5112,0.832,37.177,56.994,35.043,,
TELANGANA,Khammam,ENKOOR,31,109.654,0.5586,0.354,18.902,45.012,45.74,,
TELANGANA,Khammam,THALLADA,49,115.32,0.6179,1.631,4.389,53.699,55.906,,
TELANGANA,Khammam,PENUBALLY,55,155.865,0.5998,0.251,32.796,55.646,67.423,,
TELANGANA,Bhadradri Kothagudem,CHANDRUGONDA,12,34.814,0.3145,1.732,6.953,15.794,12.067,,
TELANGANA,Khammam,JULURUPADU,40,125.007,0.3741,1.707,25.49,28.285,71.232,,
TELANGANA,Bhadradri Kothagudem,KOTHAGUDEM,0,0.0,0.0,2.635,0.0,0.0,0.0,,
TELANGANA,Bhadradri Kothagudem,Chunchupalli,1,1.835,0.0208,3.412,0.0,1.835,0.0,,
TELANGANA,Bhadradri Kothagudem,MULAKALAPALLY,44,161.258,0.2901,1.11,39.689,64.323,57.246,,
TELANGANA,Bhadradri Kothagudem,Annapureddypalli,33,100.798,0.7393,0.593,24.324,45.156,31.318,,
TELANGANA,Khammam,SATHUPALLY,42,109.784,0.395,1.309,20.895,32.552,56.337,,
ANDHRA PRADESH,Eluru,CHATRAI,7,49.659,0.2161,0.518,19.93,23.555,6.174,,
ANDHRA PRADESH,Ntr,VISSANNAPET,12,34.436,0.1705,0.086,17.981,16.364,0.092,,
TELANGANA,Khammam,VEMSOOR,68,183.147,0.9044,0.049,16.269,31.682,132.965,,
TELANGANA,Khammam,KALLUR,41,113.217,0.4562,0.997,36.224,51.185,25.808,,
ANDHRA PRADESH,Ntr,TIRUVURU,17,46.448,0.2436,0.03,4.148,39.16,3.14,,
ANDHRA PRADESH,Ntr,A.KONDURU,11,55.517,0.2841,0.298,13.224,37.372,4.92,,
ANDHRA PRADESH,Ntr,REDDIGUDEM,11,46.939,0.2736,2.476,23.288,20.282,3.369,,
TELANGANA,Khammam,YERRUPALEM,17,64.512,0.25,0.337,17.58,34.648,12.284,,
ANDHRA PRADESH,Ntr,MYLAVARAM,11,55.682,0.2885,1.777,9.964,36.361,9.357,,
ANDHRA PRADESH,Eluru,MUSUNURU,5,30.642,0.1484,4.804,0.0,10.995,19.647,,
ANDHRA PRADESH,Eluru,NUZVID,13,54.836,0.1995,1.053,15.564,24.699,14.572,,
ANDHRA PRADESH,Krishna,BAPULAPADU,21,77.873,0.3579,1.451,33.76,36.833,7.281,,
ANDHRA PRADESH,Eluru,AGIRIPALLI,9,56.057,0.2634,2.003,24.581,31.476,0.0,,
ANDHRA PRADESH,Krishna,GANNAVARAM,6,48.099,0.2411,1.229,30.738,14.231,3.131,,
ANDHRA PRADESH,Krishna,UNGUTURU,20,65.841,0.4553,0.229,7.888,39.256,18.698,,
ANDHRA PRADESH,Krishna,PEDAPARUPUDI,22,59.766,0.6157,1.329,0.0,23.14,36.627,,
ANDHRA PRADESH,Krishna,VUYYURU,21,59.566,0.7123,0.793,5.891,27.541,26.135,,
ANDHRA PRADESH,Krishna,PAMARRU,22,90.925,0.7666,0.408,28.135,51.191,11.599,,
ANDHRA PRADESH,Krishna,MOVVA,21,85.095,0.6102,1.004,5.828,35.64,43.301,,
ANDHRA PRADESH,Krishna,PAMIDIMUKKALA,25,79.381,0.6801,0.415,16.636,28.598,33.889,,
ANDHRA PRADESH,Krishna,THOTLAVALLURU,12,54.026,0.4446,0.037,35.191,5.27,13.565,,
ANDHRA PRADESH,Krishna,KANKIPADU,24,92.203,0.9775,0.018,16.071,53.881,21.905,,
ANDHRA PRADESH,Guntur,KOLLIPARA,14,61.29,0.5643,0.033,15.525,30.226,15.539,,
ANDHRA PRADESH,Guntur,TENALI,30,110.582,0.9771,0.249,40.466,53.199,16.916,,
ANDHRA PRADESH,Guntur,DUGGIRALA,27,102.529,0.7152,0.093,28.814,48.515,22.75,,
ANDHRA PRADESH,Guntur,PEDAKAKANI,23,75.203,0.6419,0.326,25.487,46.283,3.432,,
ANDHRA PRADESH,Guntur,MANGALAGIRI,12,43.681,0.3158,3.492,24.007,15.521,3.548,,
ANDHRA PRADESH,Guntur,TADEPALLE,3,22.859,0.3193,0.073,15.001,7.858,0.0,,
ANDHRA PRADESH,Ntr,VIJAYAWADA URBAN,4,18.142,0.3513,0.572,18.142,0.0,0.0,,
ANDHRA PRADESH,Krishna,PENAMALURU,18,41.923,0.4884,0.163,25.205,15.718,0.942,,
ANDHRA PRADESH,Ntr,VIJAYAWADA RURAL,6,39.853,0.2171,0.157,27.691,12.162,0.0,,
ANDHRA PRADESH,Ntr,G.KONDURU,10,48.328,0.204,1.543,9.953,17.668,20.707,,
ANDHRA PRADESH,Ntr,IBRAHIMPATNAM,2,9.756,0.0641,4.734,7.744,0.0,2.012,,
ANDHRA PRADESH,Ntr,KANCHIKACHERLA,14,44.949,0.2427,0.137,17.169,24.101,3.679,,
ANDHRA PRADESH,Palnadu,AMARAVATHI,18,50.615,0.243,2.622,0.0,23.783,26.832,,
ANDHRA PRADESH,Guntur,THULLUR,6,20.508,0.113,4.987,0.0,0.0,20.508,,
ANDHRA PRADESH,Guntur,TADIKONDA,24,80.655,0.4404,0.948,0.0,18.541,62.114,,
ANDHRA PRADESH,Guntur,GUNTUR,20,60.731,0.3211,2.902,8.446,23.422,28.862,,
ANDHRA PRADESH,Guntur,MEDIKONDURU,31,74.699,0.5581,1.705,5.008,38.451,31.239,,
ANDHRA PRADESH,Palnadu,SATTENAPALLE,47,116.916,0.5031,1.242,5.271,54.247,56.642,,
ANDHRA PRADESH,Guntur,PHIRANGIPURAM,32,77.769,0.5392,0.568,12.025,49.345,16.399,,
ANDHRA PRADESH,Palnadu,MUPPALLA,33,82.129,0.6341,0.185,18.163,45.857,15.913,,
ANDHRA PRADESH,Palnadu,KROSURU,28,86.845,0.5421,1.1,5.244,27.839,53.762,,
ANDHRA PRADESH,Palnadu,PEDAKURAPADU,26,74.577,0.5456,0.381,0.0,21.785,52.792,,
ANDHRA PRADESH,Ntr,CHANDARLAPADU,21,73.95,0.3151,0.21,0.0,23.766,50.184,,
ANDHRA PRADESH,Palnadu,ATCHEMPET,17,77.24,0.3728,0.674,20.49,42.05,14.701,,
ANDHRA PRADESH,Ntr,JAGGAYYAPETA,29,69.584,0.2529,4.497,16.948,41.425,11.21,,
ANDHRA PRADESH,Ntr,PENUGANCHIPROLU,32,106.215,0.6615,1.129,20.054,43.408,42.753,,
ANDHRA PRADESH,Ntr,NANDIGAMA,23,75.564,0.4201,1.954,19.657,27.807,28.099,,
ANDHRA PRADESH,Ntr,VEERULLAPADU,14,60.893,0.3003,0.076,15.699,39.402,5.792,,
TELANGANA,Khammam,MADHIRA,16,48.961,0.2384,0.054,15.784,27.982,5.195,,
ANDHRA PRADESH,Ntr,GAMPALAGUDEM,17,63.033,0.292,0.05,12.566,42.832,7.636,,
TELANGANA,Khammam,WYRA,66,135.173,0.882,0.858,36.301,81.627,17.245,,
TELANGANA,Khammam,CHINTHAKANI,24,76.514,0.4413,0.501,8.047,31.362,37.104,,
TELANGANA,Khammam,BONAKAL,20,65.695,0.449,0.458,17.103,39.031,9.561,,
ANDHRA PRADESH,Ntr,VATSAVAI,32,105.181,0.5845,0.572,42.43,36.621,26.13,,
TELANGANA,Khammam,MUDIGONDA,48,103.911,0.5007,0.104,14.849,14.45,74.612,,
TELANGANA,Khammam,NELAKONDAPALLY,31,95.97,0.5652,0.732,43.441,37.917,14.612,,
TELANGANA,Suryapet,KODAD,7,39.813,0.2366,1.487,0.0,33.29,6.523,,
TELANGANA,Suryapet,Ananthagiri,10,35.369,0.3163,0.435,0.563,21.501,13.305,,
TELANGANA,Suryapet,CHILKUR,19,51.857,0.4348,0.627,18.187,26.062,7.608,,
TELANGANA,Suryapet,NADIGUDEM,14,54.974,0.4902,1.252,14.513,20.729,19.732,,
TELANGANA,Suryapet,MUNAGALA,47,92.295,0.5889,0.299,14.998,2.649,74.649,,
TELANGANA,Suryapet,CHIVVEMLA,50,110.431,0.7675,0.418,20.967,0.863,88.602,,
TELANGANA,Suryapet,PENPAHAD,71,150.125,0.808,0.981,23.725,29.29,97.11,,
TELANGANA,Suryapet,GARIDE PALLY,30,85.412,0.4589,0.477,16.81,36.848,30.747,,
TELANGANA,Suryapet,NEREDUCHERLA,28,73.912,0.598,1.117,18.941,38.119,16.15,,
TELANGANA,Nalgonda,DAMERACHERLA,17,60.034,0.2992,0.605,0.0,13.703,46.331,,
TELANGANA,Suryapet,Palakeedu,9,30.094,0.2296,0.521,5.675,22.293,2.126,,
TELANGANA,Suryapet,MATTAM PALLY,9,31.008,0.1424,0.479,0.773,23.378,6.857,,
TELANGANA,Suryapet,HUZURNAGAR,14,49.33,0.3996,0.896,7.183,27.143,15.004,,
TELANGANA,Suryapet,MELLA CHERVU,13,47.904,0.3549,0.621,16.049,26.842,5.013,,
TELANGANA,Suryapet,Chinthalapalem Mallareddygudem,13,40.072,0.2128,3.736,10.187,21.027,8.858,,
ANDHRA PRADESH,Palnadu,BELLAMKONDA,12,41.191,0.1227,6.83,16.0,16.154,9.038,,
ANDHRA PRADESH,Palnadu,MACHAVARAM,25,61.116,0.2896,1.246,0.0,11.661,49.455,,
ANDHRA PRADESH,Palnadu,RAJUPALEM,47,87.835,0.5448,1.951,9.263,38.357,40.047,,
ANDHRA PRADESH,Palnadu,NEKARIKALLU,63,145.734,0.5654,2.753,46.717,53.155,43.236,,
ANDHRA PRADESH,Palnadu,ROMPICHERLA,45,117.417,0.557,0.672,1.227,59.057,56.663,,
ANDHRA PRADESH,Palnadu,PIDUGURALLA,34,94.42,0.3688,0.483,17.692,39.618,36.854,,
ANDHRA PRADESH,Palnadu,KAREMPUDI,57,109.521,0.5047,0.657,21.055,31.721,56.745,,
ANDHRA PRADESH,Palnadu,GURAZALA,84,152.701,0.5966,1.457,3.855,43.161,105.684,,
ANDHRA PRADESH,Palnadu,DACHEPALLE,48,99.193,0.354,0.65,17.155,49.78,32.258,,
TELANGANA,Nalgonda,Adavidevulapalli,13,40.498,0.3196,0.544,0.0,10.667,29.832,,
ANDHRA PRADESH,Palnadu,RENTACHINTALA,27,64.032,0.3298,0.105,0.338,21.286,42.409,,
ANDHRA PRADESH,Palnadu,DURGI,7,17.128,0.0382,16.24,7.505,5.358,4.265,,
ANDHRA PRADESH,Palnadu,VELDURTHY,0,0.0,0.0,20.881,0.0,0.0,0.0,,
ANDHRA PRADESH,Palnadu,MACHERLA,25,64.82,0.2184,1.319,27.956,16.375,20.162,,
TELANGANA,Nalgonda,Tirumalagiri Sagar,28,68.319,0.3048,3.074,11.261,27.119,29.94,,
TELANGANA,Nalgonda,PEDDAVOORA,136,231.99,0.7138,0.297,55.191,83.743,91.374,,
TELANGANA,Nalgonda,ANUMULA,73,140.807,0.7615,0.466,27.52,56.229,57.058,,
TELANGANA,Nalgonda,MIRYALAGUDA,63,148.623,0.6159,0.839,12.901,59.323,76.107,,
TELANGANA,Nalgonda,TRIPURARAM,64,108.526,0.6262,0.682,9.123,32.141,67.262,,
TELANGANA,Nalgonda,NIDAMANOOR,99,179.926,0.789,0.891,27.4,65.763,86.656,,
TELANGANA,Nalgonda,THIPPARTHI,74,146.631,0.7358,0.644,10.655,43.119,92.857,,
TELANGANA,Nalgonda,Madugulapally,75,137.844,0.6959,0.291,36.731,44.905,56.209,,
TELANGANA,Nalgonda,VEMULA PALLY,51,90.29,0.7977,0.447,19.213,43.215,27.861,,
TELANGANA,Suryapet,SURYAPET,87,153.409,0.6972,0.021,34.731,44.384,74.294,,
TELANGANA,Nalgonda,KETHE PALLY,98,157.395,1.0284,0.177,35.819,57.433,64.144,,
TELANGANA,Nalgonda,NAKREKAL,34,73.935,0.5183,0.43,17.858,10.793,45.284,,
TELANGANA,Nalgonda,NALGONDA,73,128.71,0.4203,0.195,40.597,37.474,50.639,,
TELANGANA,Nalgonda,KANAGAL,105,156.435,0.68,0.889,24.734,55.324,76.377,,
TELANGANA,Nalgonda,NARKETPALLY,14,82.175,0.3616,0.517,25.537,0.0,56.638,,
TELANGANA,Nalgonda,KATTANGOOR,20,55.498,0.3067,0.882,11.71,6.542,37.246,,
TELANGANA,Yadadri Bhuvanagiri,ATMAKUR(M),1,0.016,0.0001,8.946,0.0,0.0,0.016,,
TELANGANA,Jangoan,LINGALAGHANPUR,69,165.232,0.9128,0.229,22.464,63.498,79.27,,
TELANGANA,Jangoan,GUNDALA,51,125.191,0.6324,0.404,23.438,11.546,90.206,,
TELANGANA,Jangoan,DEVARUPPULA,50,106.771,0.5973,0.768,0.0,33.743,73.028,,
TELANGANA,Yadadri Bhuvanagiri,MOTHKUR,6,8.924,0.0613,4.895,2.944,0.0,5.979,,
TELANGANA,Suryapet,THIRUMALAGIRI,28,80.222,0.6108,0.069,12.24,23.699,44.284,,
TELANGANA,Jangoan,KODAKANDLA,26,69.714,0.6323,0.644,18.697,17.306,33.712,,
TELANGANA,Jangoan,Peddavangara,17,31.82,0.4017,0.318,7.698,1.425,22.696,,
TELANGANA,Suryapet,JAJI REDDI GUDEM (ARVAPALLY),40,93.583,0.7012,0.231,16.073,0.0,77.509,,
TELANGANA,Suryapet,Nagaram,35,89.052,0.6898,0.914,18.18,10.794,60.078,,
TELANGANA,Yadadri Bhuvanagiri,Addaguduru,0,0.0,0.0,5.727,0.0,0.0,0.0,,
TELANGANA,Nalgonda,SHALI GOURARAM,0,0.0,0.0,8.39,0.0,0.0,0.0,,
TELANGANA,Suryapet,ATMAKUR(S),70,154.051,0.7608,0.259,4.39,0.0,149.661,,
TELANGANA,Suryapet,NUTHANKAL,18,49.915,0.4122,0.259,0.0,4.061,45.854,,
TELANGANA,Suryapet,Maddirala,21,45.48,0.515,0.666,0.0,5.146,40.334,,
TELANGANA,Suryapet,MOTHEY,61,126.769,0.676,0.065,0.0,0.0,126.769,,
TELANGANA,Khammam,KUSUMANCHI,85,139.995,0.6615,0.294,24.198,14.237,96.889,,
TELANGANA,Khammam,THIRUMALAYAPALEM,90,160.454,0.6963,0.246,0.0,15.089,145.365,,
TELANGANA,Mahabubabad,MARIPEDA,42,103.504,0.4559,0.081,0.0,14.874,88.63,,
TELANGANA,Mahabubabad,Chinnagudur,12,17.421,0.3626,0.812,0.0,7.509,9.913,,
TELANGANA,Mahabubabad,KURAVI,48,117.652,0.481,0.461,0.0,79.93,37.723,,
TELANGANA,Mahabubabad,MAHBUBABAD,31,80.917,0.3448,0.091,0.0,61.844,19.073,,
TELANGANA,Mahabubabad,NALLIKUDUR,19,57.986,0.2676,0.228,0.0,43.86,14.127,,
TELANGANA,Mahabubabad,NARSIMHULAPET,19,38.803,0.3578,1.225,0.0,10.178,28.625,,
TELANGANA,Mahabubabad,Danthalapalle,28,56.216,0.5562,1.272,0.0,10.679,45.537,,
TELANGANA,Suryapet,THUNGATHURTHI,40,93.26,0.4942,0.004,0.0,10.694,82.566,,
TELANGANA,Mahabubabad,THORRUR,65,155.465,0.7033,0.594,7.746,36.426,111.292,,
TELANGANA,Warangal,PARVATHAGIRI,23,78.466,0.4963,0.228,7.389,60.632,10.444,,
TELANGANA,Warangal,SANGEM,39,90.996,0.5773,0.261,11.63,25.524,53.841,,
TELANGANA,Mahabubabad,KESAMUDRAM,13,58.391,0.2823,0.843,0.0,57.654,0.737,,
TELANGANA,Mahabubabad,GUDUR,11,32.482,0.1049,4.157,0.0,16.429,16.053,,
TELANGANA,Warangal,NEKKONDA,20,53.306,0.3476,1.256,0.0,41.51,11.796,,
TELANGANA,Warangal,CHENNARAOPET,25,71.152,0.4596,0.909,0.0,16.592,45.853,,
TELANGANA,Warangal,NARSAMPET,10,46.269,0.4206,2.806,7.497,2.949,25.279,,
TELANGANA,Warangal,KHANAPUR,24,81.538,0.6916,0.146,24.84,23.085,10.582,,
TELANGANA,Warangal,NALLA BELLI,12,29.127,0.2171,2.788,0.0,8.438,20.689,,
TELANGANA,Hanumakonda,ATMAKUR,16,39.469,0.4461,0.781,1.189,7.36,30.92,,
TELANGANA,Warangal,DUGGONDI,23,63.879,0.5432,0.564,0.0,13.067,50.812,,
TELANGANA,Warangal,GEESUGONDA,14,49.29,0.346,1.256,15.774,13.792,19.724,,
TELANGANA,Hanumakonda,Warangal,4,10.808,0.2846,0.357,7.974,2.732,0.102,,
TELANGANA,Hanumakonda,Damera,18,57.372,0.6922,0.703,1.479,13.714,35.701,,
TELANGANA,Hanumakonda,HANAMKONDA,6,14.398,0.3191,0.656,7.013,7.385,0.0,,
TELANGANA,Hanumakonda,HASANPARTHY,34,88.283,0.5467,0.455,12.8,24.162,34.167,,
TELANGANA,Hanumakonda,ELKATHURTHI,40,92.833,0.7294,0.046,11.515,46.2,35.117,,
TELANGANA,Hanumakonda,DHARMASAGAR,19,59.225,0.3401,0.407,15.413,15.51,8.675,,
TELANGANA,Hanumakonda,Khazipet,16,42.438,0.4889,1.595,19.636,15.284,7.518,,
TELANGANA,Hanumakonda,Khila Warangal,6,7.033,0.1422,2.57,0.0,0.0,7.033,,
TELANGANA,Hanumakonda,Inavole,55,128.865,0.8481,0.527,18.154,40.435,70.277,,
TELANGANA,Warangal,WARDHANNA PET,35,85.929,0.5471,1.098,13.451,20.243,52.234,,
TELANGANA,Warangal,RAIPARTHY,56,111.988,0.5301,0.125,13.33,20.701,77.957,,
TELANGANA,Jangoan,PALAKURTHI,57,159.644,0.6442,0.511,7.483,51.785,100.376,,
TELANGANA,Jangoan,ZAFFERGADH,34,100.723,0.6408,0.067,25.861,24.752,50.109,,
TELANGANA,Jangoan,GHANPUR(STATION),33,85.475,0.5118,0.235,23.835,3.475,51.5,,
TELANGANA,Jangoan,RAGHUNATHPALLE,77,173.36,0.6895,0.843,38.82,32.452,99.867,,
TELANGANA,Jangoan,NARMETTA,52,103.258,0.8741,0.565,14.943,13.984,59.147,,
TELANGANA,Jangoan,Tharigoppula,6,16.558,0.1938,1.524,0.0,0.0,16.558,,
TELANGANA,Jangoan,Chilpur,10,63.618,0.4278,0.514,10.657,37.222,2.987,,
TELANGANA,Hanumakonda,Velair,6,27.815,0.3518,1.267,7.134,17.185,0.0,,
TELANGANA,Hanumakonda,BHEEMADEVARAPALLI,15,52.522,0.322,2.657,19.109,32.556,0.858,,
TELANGANA,Siddipet,Akkannapet,10,39.737,0.2265,0.008,16.699,22.529,0.51,,
TELANGANA,Karimnagar,CHIGURUMAMIDI,12,54.962,0.3778,0.792,18.312,25.528,11.122,,
TELANGANA,Siddipet,HUSNABAD,2,10.922,0.0943,1.336,0.0,10.922,0.0,,
TELANGANA,Karimnagar,V. SAIDAPUR,14,46.807,0.3108,0.589,5.476,24.792,16.539,,
TELANGANA,Karimnagar,SHANKARAPATNAM,37,80.651,0.632,0.39,6.626,23.367,50.657,,
TELANGANA,Karimnagar,THIMMAPUR (L.M.D.),19,41.126,0.2767,3.717,18.85,9.451,12.824,,
TELANGANA,Karimnagar,Karimnagar Rural I,12,36.714,0.3565,1.573,0.0,27.733,8.982,,
TELANGANA,Karimnagar,CHOPPADANDI,26,66.874,0.5632,0.082,15.08,30.016,21.778,,
TELANGANA,Peddapalli,SULTHANABAD,36,86.142,0.545,0.322,0.0,14.692,71.45,,
TELANGANA,Peddapalli,ELIGAID,20,48.612,0.6723,0.124,0.0,6.882,41.731,,
TELANGANA,Karimnagar,MANAKONDUR,48,135.178,0.6602,0.052,22.27,45.259,67.649,,
TELANGANA,Karimnagar,VEENAVANKA,35,78.984,0.5382,0.737,0.0,26.513,52.472,,
TELANGANA,Peddapalli,ODELA,38,89.877,0.6162,0.317,0.0,13.596,76.281,,
TELANGANA,Peddapalli,SRIRAMPUR,26,75.75,0.3933,1.257,0.0,10.344,65.406,,
TELANGANA,Karimnagar,Ellandakunta,21,54.462,0.5989,0.213,0.0,15.541,38.921,,
TELANGANA,Karimnagar,JAMMIKUNTA,25,65.906,0.5011,0.209,0.0,13.291,52.614,,
TELANGANA,Karimnagar,HUZURABAD,28,73.308,0.5561,0.181,18.674,27.226,27.408,,
TELANGANA,Hanumakonda,KAMALAPUR,20,64.674,0.4184,0.285,0.0,34.882,29.792,,
TELANGANA,Hanumakonda,PARKAL,12,28.271,0.3726,1.555,0.0,3.744,19.548,,
TELANGANA,Hanumakonda,Nadikuda,17,44.77,0.4614,0.213,0.0,11.794,32.976,,
TELANGANA,Jayashankar Bhupalapally,MOGULLAPALLE,31,70.152,0.554,0.686,0.0,19.658,50.494,,
TELANGANA,Jayashankar Bhupalapally,REGONDA,34,104.656,0.4728,0.824,8.706,24.277,68.043,,
TELANGANA,Hanumakonda,Shayampet,19,53.654,0.4387,1.697,6.406,0.0,36.506,,
TELANGANA,Mulugu,MULUG,6,33.568,0.1002,4.289,0.0,8.175,15.777,,
TELANGANA,Mulugu,VENKATAPUR,8,53.138,0.1446,2.424,19.996,12.823,0.0,,
TELANGANA,Jayashankar Bhupalapally,GHANAPUR (MULUG),1,5.913,0.0483,3.838,0.0,0.0,5.913,,
TELANGANA,Jayashankar Bhupalapally,BHUPALPALLE,5,14.458,0.0414,5.605,0.0,0.0,2.97,,
TELANGANA,Jayashankar Bhupalapally,MALHAR RAO,19,29.579,0.0955,6.284,12.376,9.867,7.336,,
TELANGANA,Jayashankar Bhupalapally,CHITYAL,29,74.607,0.3784,0.23,0.0,9.835,64.773,,
TELANGANA,Jayashankar Bhupalapally,Tekumatla,14,40.153,0.404,0.365,0.0,9.031,31.122,,
TELANGANA,Peddapalli,MUTHARAM (MANTHANI),25,53.962,0.354,1.618,8.342,9.946,35.661,,
TELANGANA,Peddapalli,MANTHANI,21,70.615,0.2283,0.912,0.0,14.854,55.761,,
TELANGANA,Mancherial,JAIPUR,0,0.0,0.0,9.108,0.0,0.0,0.0,,
TELANGANA,Mancherial,CHENNUR,28,50.6,0.1542,1.858,12.332,3.068,35.201,,
TELANGANA,Jayashankar Bhupalapally,KATARAM,44,109.04,0.402,0.674,51.105,37.893,1.259,,
TELANGANA,Jayashankar Bhupalapally,MAHADEVPUR,14,51.913,0.1676,2.59,8.152,30.496,0.0,,
TELANGANA,Mancherial,KOTAPALLY,5,10.913,0.027,8.298,3.441,6.713,0.759,,
TELANGANA,Mancherial,Bheemaram,16,25.166,0.1563,1.906,13.225,0.0,11.941,,
TELANGANA,Mancherial,NENNEL,0,0.0,0.0,16.869,0.0,0.0,0.0,,
TELANGANA,Mancherial,BELLAMPALLY,0,0.0,0.0,20.244,0.0,0.0,0.0,,
TELANGANA,Mancherial,MANCHERIAL,1,0.584,0.0177,2.77,0.584,0.0,0.0,,
TELANGANA,Mancherial,Naspur,0,0.0,0.0,4.788,0.0,0.0,0.0,,
TELANGANA,Mancherial,MANDAMARRI,0,0.0,0.0,8.967,0.0,0.0,0.0,,
TELANGANA,Peddapalli,Ramagiri,13,31.553,0.2291,2.806,0.0,7.873,14.748,,
TELANGANA,Peddapalli,KAMANPUR,15,36.184,0.6059,1.204,0.0,3.177,24.982,,
TELANGANA,Peddapalli,PEDDAPALLI,48,136.108,0.5649,0.121,0.0,22.059,113.172,,
TELANGANA,Peddapalli,Palakurthy,17,50.606,0.4378,0.568,0.0,0.0,45.766,,
TELANGANA,Peddapalli,RAMAGUNDAM,3,5.318,0.0516,4.707,0.0,0.0,1.084,,
TELANGANA,Peddapalli,Anthergaon,10,46.559,0.3737,0.557,0.0,0.0,44.366,,
TELANGANA,Peddapalli,DHARMARAM,38,121.649,0.5354,0.675,3.992,17.635,79.505,,
TELANGANA,Peddapalli,JULAPALLI,35,72.965,0.8272,0.045,0.0,9.495,63.47,,
TELANGANA,Jagitial,VELGATOOR,38,107.21,0.5896,0.046,0.0,17.013,87.046,,
TELANGANA,Mancherial,LUXETTIPET,26,80.633,0.5373,0.523,7.661,29.565,43.408,,
TELANGANA,Mancherial,Hajipur,40,72.001,0.2892,4.56,25.019,24.671,22.311,,
TELANGANA,Mancherial,KASIPET,0,0.0,0.0,10.357,0.0,0.0,0.0,,
TELANGANA,Mancherial,DANDEPALLY,43,117.604,0.5432,0.238,16.09,55.937,45.578,,
TELANGANA,Kumuram Bheem Asifabad,TIRYANI,10,40.292,0.0689,3.764,17.46,16.057,6.774,,
TELANGANA,Mancherial,TANDUR,0,0.0,0.0,10.725,0.0,0.0,0.0,,
TELANGANA,Kumuram Bheem Asifabad,REBBENA,17,43.0,0.1733,2.001,5.886,24.656,12.457,,
TELANGANA,Kumuram Bheem Asifabad,KAGAZNAGAR,40,115.163,0.2508,2.941,44.301,55.707,15.155,,
TELANGANA,Kumuram Bheem Asifabad,SIRPUR (T),11,24.224,0.0744,0.304,11.676,1.915,10.632,,
TELANGANA,Kumuram Bheem Asifabad,WANKIDI,32,81.953,0.2376,2.628,27.717,24.537,29.7,,
TELANGANA,Kumuram Bheem Asifabad,ASIFABAD,68,146.812,0.4147,1.17,32.013,68.214,46.585,,
MAHARASHTRA,Chandrapur,RAJURA,29,87.793,0.0785,0.41,9.975,22.394,55.423,,
MAHARASHTRA,Chandrapur,BALLARPUR,0,0.0,0.0,16.124,0.0,0.0,0.0,,
MAHARASHTRA,Chandrapur,GONDPIPRI,41,63.075,0.0778,7.781,23.79,3.241,35.969,,
MAHARASHTRA,Chandrapur,POMBHURNA,21,53.926,0.1913,1.497,14.831,14.429,24.666,,
MAHARASHTRA,Gadchiroli,MULCHERA,0,0.0,0.0,11.578,0.0,0.0,0.0,,
MAHARASHTRA,Gadchiroli,CHAMORSHI,43,193.931,0.1472,4.548,69.221,40.597,84.113,,
TELANGANA,Kumuram Bheem Asifabad,BEJJUR,0,0.0,0.0,14.934,0.0,0.0,0.0,,
TELANGANA,Kumuram Bheem Asifabad,Chintalamanepally,0,0.0,0.0,20.942,0.0,0.0,0.0,,
TELANGANA,Kumuram Bheem Asifabad,KOUTHALA,0,0.0,0.0,7.2,0.0,0.0,0.0,,
TELANGANA,Kumuram Bheem Asifabad,DAHEGAON,37,102.497,0.2879,0.491,41.21,50.545,10.742,,
TELANGANA,Mancherial,BHEEMINI,0,0.0,0.0,6.327,0.0,0.0,0.0,,
TELANGANA,Mancherial,Kannepally,3,7.046,0.0555,7.422,4.915,2.131,0.0,,
TELANGANA,Mancherial,VEMANPALLY,37,62.283,0.235,3.313,31.691,28.563,2.029,,
TELANGANA,Kumuram Bheem Asifabad,Penchicalpet,0,0.0,0.0,5.403,0.0,0.0,0.0,,
MAHARASHTRA,Gadchiroli,AHERI,0,0.0,0.0,26.149,0.0,0.0,0.0,,
MAHARASHTRA,Gadchiroli,ETAPALLI,0,0.0,0.0,32.515,0.0,0.0,0.0,,
CHHATTISGARH,Kanker,KOILEBEDA,13,91.06,0.0491,10.468,61.901,14.894,14.265,,
MAHARASHTRA,Gadchiroli,BHAMARAGAD,0,0.0,0.0,60.157,0.0,0.0,0.0,,
CHHATTISGARH,Bijapur,BIJAPUR,0,0.0,0.0,52.442,0.0,0.0,0.0,,
CHHATTISGARH,Bijapur,BHOPAL PATNAM,0,0.0,0.0,44.596,0.0,0.0,0.0,,
MAHARASHTRA,Gadchiroli,SIRONCHA,0,0.0,0.0,21.901,0.0,0.0,0.0,,
TELANGANA,Jayashankar Bhupalapally,Palimela,0,0.0,0.0,9.178,0.0,0.0,0.0,,
TELANGANA,Mulugu,Kannaigudem,1,13.786,0.0353,8.751,0.0,0.0,0.0,,
TELANGANA,Jayashankar Bhupalapally,MUTHARAM (MAHADEVPUR),22,67.254,0.1259,1.693,18.928,20.484,0.0,,
TELANGANA,Mulugu,GOVINDARAOPET,20,71.636,0.2503,0.592,38.071,29.217,4.349,,
TELANGANA,Mulugu,TADVAI,0,0.0,0.0,14.477,0.0,0.0,0.0,,
TELANGANA,Mulugu,ETURNAGARAM,0,0.0,0.0,8.987,0.0,0.0,0.0,,
TELANGANA,Mulugu,MANGAPET,7,15.866,0.0411,0.746,7.18,4.37,4.316,,
TELANGANA,Mulugu,VENKATAPURAM,12,23.06,0.0396,6.942,7.015,0.0,16.044,,
TELANGANA,Mulugu,WAZEED,20,42.85,0.0729,4.414,13.532,9.657,19.662,,
CHHATTISGARH,Bijapur,USOOR,0,0.0,0.0,30.227,0.0,0.0,0.0,,
CHHATTISGARH,Sukma,KONTA,0,0.0,0.0,25.354,0.0,0.0,0.0,,
CHHATTISGARH,Dantewada,KUWAKONDA,0,0.0,0.0,50.952,0.0,0.0,0.0,,
CHHATTISGARH,Bijapur,BHAIRAMGARH,0,0.0,0.0,74.575,0.0,0.0,0.0,,
CHHATTISGARH,Dantewada,GEEDAM,0,0.0,0.0,51.16,0.0,0.0,0.0,,
CHHATTISGARH,Dantewada,DANTEWADA,0,0.0,0.0,53.143,0.0,0.0,0.0,,
CHHATTISGARH,Dantewada,KATEKALYAN,0,0.0,0.0,11.491,0.0,0.0,0.0,,
CHHATTISGARH,Bastar,BASTANAR,0,0.0,0.0,30.992,0.0,0.0,0.0,,
CHHATTISGARH,Sukma,CHHINDGARH,9,32.365,0.0345,12.532,15.049,6.607,10.708,,
CHHATTISGARH,Sukma,SUKMA,0,0.0,0.0,26.25,0.0,0.0,0.0,,
ODISHA,Malkangiri,KORUKONDA,77,241.663,0.2479,0.407,98.768,7.826,126.593,,
ODISHA,Malkangiri,MALKANGIRI,35,80.941,0.1396,7.363,25.3,19.061,36.581,,
ODISHA,Malkangiri,MATHILI,0,0.0,0.0,25.793,0.0,0.0,0.0,,
ODISHA,Malkangiri,KHAIRAPUT,0,0.0,0.0,37.878,0.0,0.0,0.0,,
ODISHA,Malkangiri,CHITRAKONDA,0,0.0,0.0,13.961,0.0,0.0,0.0,,
ANDHRA PRADESH,Alluri Sitharama Raju,PEDA BAYALU,0,0.0,0.0,38.781,0.0,0.0,0.0,,
ANDHRA PRADESH,Alluri Sitharama Raju,DUMBRIGUDA,0,0.0,0.0,37.219,0.0,0.0,0.0,,
ODISHA,Koraput,NANDAPUR,0,0.0,0.0,39.997,0.0,0.0,0.0,,
ANDHRA PRADESH,Alluri Sitharama Raju,MUNCHINGI PUTTU,0,0.0,0.0,43.643,0.0,0.0,0.0,,
ODISHA,Koraput,LAMTAPUT,0,0.0,0.0,20.833,0.0,0.0,0.0,,
ODISHA,Koraput,JEYPORE,92,283.162,0.607,0.123,39.128,109.209,133.365,,
ODISHA,Koraput,KUNDURA,15,24.736,0.0678,7.173,0.0,5.78,18.956,,
ODISHA,Koraput,KOTPAD,80,255.561,0.5567,0.637,46.318,89.454,119.789,,
ODISHA,Koraput,BOIPARIGUDA,1,1.33,0.0013,18.88,0.0,0.0,1.33,,
CHHATTISGARH,Bastar,DARBHA,1,0.298,0.0003,9.629,0.298,0.0,0.0,,
CHHATTISGARH,Bastar,JAGDALPUR,0,0.0,0.0,20.932,0.0,0.0,0.0,,
CHHATTISGARH,Bastar,BAKAWAND,0,0.0,0.0,21.994,0.0,0.0,0.0,,
ODISHA,Nabarangpur,DABUGAM,0,0.0,0.0,18.302,0.0,0.0,0.0,,
ODISHA,Nabarangpur,KOSAGUMUDA,0,0.0,0.0,13.306,0.0,0.0,0.0,,
ODISHA,Nabarangpur,NABARANGPUR,0,0.0,0.0,7.363,0.0,0.0,0.0,,
ODISHA,Koraput,BORIGUMMA,105,229.289,0.3701,4.457,23.209,67.133,138.947,,
ODISHA,Nabarangpur,TENTULIKHUNTI,0,0.0,0.0,12.56,0.0,0.0,0.0,,
ODISHA,Nabarangpur,NANDAHANDI,0,0.0,0.0,9.284,0.0,0.0,0.0,,
ODISHA,Kalahandi,JAYAPATNA,93,218.467,0.4448,0.708,40.008,30.224,147.432,,
ODISHA,Nabarangpur,PAPADAHANDI,0,0.0,0.0,19.924,0.0,0.0,0.0,,
ODISHA,Nabarangpur,JHARIGAM,1,1.387,0.0016,17.131,0.0,0.0,1.387,,
ODISHA,Kalahandi,KOKASARA,33,69.075,0.1442,9.611,29.626,6.443,33.005,,
CHHATTISGARH,Gariyaband,DEOBHOG,0,0.0,0.0,8.621,0.0,0.0,0.0,,
ODISHA,Kalahandi,DHARAMAGARH,84,221.185,0.5853,0.631,45.348,43.811,132.025,,
ODISHA,Nabarangpur,CHANDAHANDI,0,0.0,0.0,18.669,0.0,0.0,0.0,,
ODISHA,Nabarangpur,UMERKOTE,45,85.711,0.0856,2.198,0.0,29.202,56.509,,
ODISHA,Nabarangpur,RAIGHAR,0,0.0,0.0,27.601,0.0,0.0,0.0,,
CHHATTISGARH,Kondagaon,BADERAJPUR,0,0.0,0.0,24.985,0.0,0.0,0.0,,
CHHATTISGARH,Kondagaon,PHARASGAON,0,0.0,0.0,45.65,0.0,0.0,0.0,,
CHHATTISGARH,Kondagaon,MAKDI,0,0.0,0.0,12.632,0.0,0.0,0.0,,
CHHATTISGARH,Kondagaon,KONDAGAON,1,0.508,0.0003,22.465,0.0,0.508,0.0,,
CHHATTISGARH,Bastar,BASTAR,10,71.729,0.0721,0.064,33.587,36.174,1.968,,
CHHATTISGARH,Bastar,TOKAPAL,0,0.0,0.0,19.46,0.0,0.0,0.0,,
CHHATTISGARH,Bastar,LOHANDIGUDA,0,0.0,0.0,20.026,0.0,0.0,0.0,,
CHHATTISGARH,Narayanpur,ORCHHA(ABHUJMAD),0,0.0,0.0,55.244,0.0,0.0,0.0,,
CHHATTISGARH,Narayanpur,NARAYANPUR,0,0.0,0.0,49.903,0.0,0.0,0.0,,
CHHATTISGARH,Kanker,ANTAGARH,0,0.0,0.0,48.681,0.0,0.0,0.0,,
CHHATTISGARH,Kanker,CHARAMA,3,13.726,0.0272,5.478,13.257,0.0,0.469,,
CHHATTISGARH,Kanker,BHANUPRATAPPUR,0,0.0,0.0,21.569,0.0,0.0,0.0,,
CHHATTISGARH,Balod,DONDI,4,7.236,0.0082,16.96,5.448,0.493,0.0,,
CHHATTISGARH,Balod,DONDILOHARA,70,242.561,0.264,1.038,96.552,43.639,80.641,,
CHHATTISGARH,Balod,GUNDERDEHI,86,253.212,0.3834,0.875,61.339,110.917,80.956,,
CHHATTISGARH,Balod,GURUR,45,168.416,0.3204,0.533,0.0,80.852,61.471,,
CHHATTISGARH,Balod,BALOD,19,94.17,0.3536,0.84,35.69,32.757,11.511,,
CHHATTISGARH,Dhamtari,DHAMTARI,66,218.268,0.3318,2.69,21.059,77.321,108.277,,
CHHATTISGARH,Dhamtari,KURUD,69,250.716,0.4388,0.652,27.79,133.303,89.623,,
CHHATTISGARH,Dhamtari,MAGARLOD,49,164.24,0.229,2.024,30.063,60.434,73.742,,
CHHATTISGARH,Kanker,KANKER,3,20.027,0.0324,10.48,10.456,9.571,0.0,,
CHHATTISGARH,Kanker,NARHARPUR,18,65.04,0.0748,0.501,53.873,10.961,0.206,,
CHHATTISGARH,Kondagaon,KESHKAL,0,0.0,0.0,23.094,0.0,0.0,0.0,,
CHHATTISGARH,Dhamtari,NAGARI,39,150.709,0.0755,3.296,0.0,55.203,80.769,,
CHHATTISGARH,Gariyaband,MAINPUR,0,0.0,0.0,20.741,0.0,0.0,0.0,,
ODISHA,Nuapada,SINAPALI,0,0.0,0.0,22.331,0.0,0.0,0.0,,
ODISHA,Nuapada,KHARIAR,50,108.482,0.2731,0.08,33.854,10.576,64.052,,
ODISHA,Nuapada,BODEN,22,38.397,0.0578,13.166,0.0,0.0,38.397,,
ODISHA,Nuapada,KOMNA,36,88.961,0.0791,3.854,32.16,22.601,29.428,,
ODISHA,Nuapada,NUAPADA,105,200.39,0.23,3.963,72.837,13.187,114.366,,
CHHATTISGARH,Gariyaband,CHHURRA,12,38.486,0.0413,12.0,21.477,8.068,8.941,,
CHHATTISGARH,Gariyaband,GARIYABAND,0,0.0,0.0,28.063,0.0,0.0,0.0,,
CHHATTISGARH,Gariyaband,FINGESHWAR,111,280.6,0.5603,0.19,87.4,100.935,92.264,,
CHHATTISGARH,Raipur,ARANG,89,333.127,0.382,0.162,68.295,180.9,83.932,,
CHHATTISGARH,Mahasamund,MAHASAMUND,97,279.011,0.2748,4.513,80.358,111.091,87.562,,
CHHATTISGARH,Mahasamund,BAGBAHARA,4,19.266,0.0195,12.679,17.448,0.0,1.818,,
CHHATTISGARH,Mahasamund,PITHORA,0,0.0,0.0,24.449,0.0,0.0,0.0,,
CHHATTISGARH,Baloda Bazar,KASDOL,47,178.71,0.1111,7.347,67.62,70.066,41.024,,
CHHATTISGARH,Janjgir-Champa,BAMHINDIH,108,281.269,0.7519,0.233,43.821,91.341,146.107,,
CHHATTISGARH,Janjgir-Champa,NAWAGARH,156,426.326,0.6781,0.629,52.572,145.625,228.129,,
CHHATTISGARH,Janjgir-Champa,PAMGARH,187,392.779,0.9204,0.546,25.757,70.9,293.916,,
CHHATTISGARH,Baloda Bazar,BALODA BAZAR,80,266.767,0.4497,1.096,37.715,154.818,74.235,,
CHHATTISGARH,Baloda Bazar,PALARI,82,274.972,0.4798,0.183,50.896,175.361,48.715,,
CHHATTISGARH,Baloda Bazar,BHATAPARA,14,69.027,0.1528,2.327,23.188,37.039,8.799,,
CHHATTISGARH,Janjgir-Champa,NAWAGARH,0,0.0,0.0,16.585,0.0,0.0,0.0,,
CHHATTISGARH,Bemetara,BEMETARA,1,0.519,0.0007,18.132,0.519,0.0,0.0,,
CHHATTISGARH,Bemetara,BERLA,33,176.409,0.2355,0.462,12.993,58.38,105.037,,
CHHATTISGARH,Baloda Bazar,SIMGA,32,143.23,0.2421,0.961,36.638,51.627,54.965,,
CHHATTISGARH,Raipur,TILDA,67,220.078,0.3077,4.778,97.558,79.563,42.957,,
CHHATTISGARH,Raipur,DHARSIWA,38,146.719,0.2325,4.744,42.723,65.878,38.119,,
CHHATTISGARH,Raipur,ABHANPUR,61,291.739,0.5028,0.004,58.632,128.58,104.528,,
CHHATTISGARH,Durg,PATAN,73,287.849,0.3878,0.808,14.197,118.587,155.066,,
CHHATTISGARH,Durg,DHAMDHA,43,141.115,0.1649,2.278,29.241,44.419,67.456,,
CHHATTISGARH,Durg,DURG,44,151.892,0.2466,1.23,39.13,51.496,61.266,,
CHHATTISGARH,Rajnandgaon,RAJNANDGAON,24,72.23,0.1005,9.019,42.723,0.0,29.506,,
CHHATTISGARH,Bemetara,SAJA,0,0.0,0.0,14.339,0.0,0.0,0.0,,
CHHATTISGARH,Kabirdham,S.LOHARA,16,79.489,0.1319,8.859,31.915,45.21,2.364,,
CHHATTISGARH,Khairgarh Chhuikhadan Gandai,CHHUIKHADAN,13,54.135,0.0419,7.982,13.431,25.244,15.459,,
MADHYA PRADESH,Balaghat,LANJI,43,169.863,0.2001,10.93,57.563,60.824,51.475,,
MADHYA PRADESH,Balaghat,BIRSA,2,51.223,0.0452,11.324,51.223,0.0,0.0,,
MAHARASHTRA,Gondia,GONDIA,90,257.811,0.3878,1.374,78.418,47.769,131.624,,
MADHYA PRADESH,Balaghat,KIRNAPUR,80,229.135,0.2972,0.733,25.798,71.332,120.928,,
MAHARASHTRA,Gondia,AMGAON,36,118.825,0.4022,0.11,42.786,24.581,51.458,,
MAHARASHTRA,Gondia,GOREGAON,26,63.056,0.1368,4.177,33.775,6.179,23.101,,
MAHARASHTRA,Gondia,SADAK ARJUNI,24,98.172,0.1539,0.919,42.48,19.907,35.785,,
MAHARASHTRA,Gondia,DEORI,0,0.0,0.0,15.864,0.0,0.0,0.0,,
MAHARASHTRA,Gondia,SALEKASA,45,130.384,0.3036,4.074,47.903,15.436,67.045,,
CHHATTISGARH,Rajnandgaon,DONGARGHAR,7,24.829,0.0243,6.432,14.942,9.404,0.484,,
CHHATTISGARH,Khairgarh Chhuikhadan Gandai,KHAIRAGARH,16,76.207,0.0809,7.59,30.46,25.52,20.228,,
CHHATTISGARH,Rajnandgaon,DONGARGAON,27,87.054,0.2077,1.314,57.921,0.0,29.133,,
CHHATTISGARH,Rajnandgaon,CHHURIYA,18,76.043,0.0773,0.071,58.338,0.0,17.705,,
CHHATTISGARH,Mohla Manpur Ambagarh Chouki,A.CHOWKI (TD),2,22.977,0.0432,0.237,20.796,0.0,2.181,,
CHHATTISGARH,Mohla Manpur Ambagarh Chouki,MOHALA (TD),0,0.0,0.0,23.56,0.0,0.0,0.0,,
CHHATTISGARH,Kanker,DURGUKONDAL,0,0.0,0.0,24.441,0.0,0.0,0.0,,
CHHATTISGARH,Mohla Manpur Ambagarh Chouki,MANPUR (TD),0,0.0,0.0,20.7,0.0,0.0,0.0,,
MAHARASHTRA,Gadchiroli,DHANORA,9,32.877,0.0196,13.377,0.781,0.0,0.0,,
MAHARASHTRA,Gadchiroli,GADCHIROLI,11,59.571,0.0751,1.153,12.377,0.0,0.0,,
MAHARASHTRA,Gadchiroli,ARMORI,25,65.486,0.0993,8.234,24.3,1.608,39.578,,
MAHARASHTRA,Gadchiroli,KURKHEDA,0,0.0,0.0,22.36,0.0,0.0,0.0,,
MAHARASHTRA,Gadchiroli,KORCHI,0,0.0,0.0,27.085,0.0,0.0,0.0,,
MAHARASHTRA,Gondia,ARJUNI MORGAON,45,155.692,0.1672,3.952,83.382,24.458,47.851,,
MAHARASHTRA,Bhandara,LAKHANDUR,128,268.975,0.5786,0.225,60.503,73.521,134.95,,
MAHARASHTRA,Bhandara,PAUNI,127,273.062,0.4321,1.045,98.838,52.219,122.005,,
MAHARASHTRA,Chandrapur,NAGBHID,26,99.066,0.1398,2.388,43.218,29.677,26.171,,
MAHARASHTRA,Chandrapur,BRAHMAPURI,100,256.073,0.3296,0.085,92.755,71.089,92.228,,
MAHARASHTRA,Gadchiroli,DESAIGANJ (WADSA),39,81.641,0.3075,0.999,17.161,14.629,49.851,,
MAHARASHTRA,Chandrapur,SAOLI,54,179.058,0.2825,2.54,84.422,18.798,75.838,,
MAHARASHTRA,Chandrapur,MUL,42,118.156,0.2398,2.673,35.945,17.956,57.139,,
MAHARASHTRA,Chandrapur,SINDEWAHI,18,62.214,0.0822,1.445,18.315,19.491,24.409,,
MAHARASHTRA,Chandrapur,CHANDRAPUR,1,0.076,0.0001,28.183,0.076,0.0,0.0,,
MAHARASHTRA,Chandrapur,BHADRAWATI,22,53.397,0.0475,10.606,22.397,12.885,18.116,,
MAHARASHTRA,Chandrapur,CHIMUR,10,103.25,0.0957,4.844,74.966,6.95,4.497,,
MAHARASHTRA,Nagpur,BHIVAPUR,25,99.385,0.1528,0.34,52.384,33.207,13.793,,
MAHARASHTRA,Nagpur,KUHI,103,219.34,0.2769,0.088,53.47,57.106,108.331,,
MAHARASHTRA,Nagpur,UMRED,36,139.778,0.1467,3.259,88.772,10.568,40.438,,
MAHARASHTRA,Nagpur,KAMPTEE,42,147.441,0.3759,0.199,53.048,35.798,58.594,,
MAHARASHTRA,Nagpur,PARSEONI,122,288.058,0.3628,1.128,76.727,74.732,136.081,,1067.88
MAHARASHTRA,Nagpur,MOUDA,217,504.677,0.8524,0.653,64.378,116.275,297.54,,
MAHARASHTRA,Bhandara,BHANDARA,159,347.025,0.5613,0.221,58.711,80.849,160.238,,
MAHARASHTRA,Bhandara,LAKHANI,16,49.652,0.125,2.67,24.784,15.23,9.638,,
MAHARASHTRA,Bhandara,SAKOLI,8,18.014,0.0304,1.948,11.885,4.143,1.986,,
MAHARASHTRA,Gondia,TIRORA,68,255.057,0.4226,1.428,113.276,26.119,115.662,,
MAHARASHTRA,Bhandara,MOHADI,227,397.272,0.8424,0.018,39.37,90.276,236.632,,
MAHARASHTRA,Bhandara,TUMSAR,194,448.466,0.5533,0.063,100.447,75.612,272.406,,
MADHYA PRADESH,Balaghat,KHAIRLANJI,52,196.002,0.4187,0.038,53.543,51.622,90.837,,
MADHYA PRADESH,Balaghat,WARASEONI,73,215.793,0.4765,0.643,71.666,50.94,93.188,,
MADHYA PRADESH,Balaghat,KATANGI,73,299.889,0.4392,0.424,95.618,50.219,154.052,,
MADHYA PRADESH,Seoni,KURAI,1,0.176,0.0001,18.416,0.176,0.0,0.0,,
MAHARASHTRA,Nagpur,RAMTEK,67,166.94,0.15,5.225,64.36,15.752,81.828,,2232.12
MADHYA PRADESH,Chhindwara,BICHHUA,0,0.0,0.0,16.905,0.0,0.0,0.0,,
MADHYA PRADESH,Chhindwara,MOHKHED,7,31.807,0.0341,12.986,23.732,6.046,2.028,,
MADHYA PRADESH,Chhindwara,SAUSAR,4,26.322,0.0325,0.057,11.605,10.178,1.827,,
MAHARASHTRA,Nagpur,SAONER,63,214.769,0.3421,0.12,89.166,48.801,76.802,,
MAHARASHTRA,Nagpur,Nagpur (urban),0,0.0,0.0,9.056,0.0,0.0,0.0,,
MAHARASHTRA,Nagpur,NAGPUR,8,28.099,0.0447,12.801,24.341,0.0,3.758,,
MAHARASHTRA,Nagpur,HINGNA,18,45.184,0.0605,7.001,25.097,0.0,20.086,,
MAHARASHTRA,Nagpur,KALMESHWAR,13,47.625,0.0961,1.415,27.395,7.515,12.715,,
MAHARASHTRA,Nagpur,NARKHED,37,102.788,0.1537,1.872,14.258,31.619,56.911,,
MAHARASHTRA,Nagpur,KATOL,17,51.089,0.0591,0.663,25.277,1.767,24.045,,
MAHARASHTRA,Wardha,KARANJA,19,52.701,0.0737,11.574,23.19,10.205,19.307,,
MAHARASHTRA,Amravati,WARUD,7,15.019,0.0209,6.456,7.748,6.835,0.436,,
MADHYA PRADESH,Chhindwara,PANDHURNA,0,0.0,0.0,22.743,0.0,0.0,0.0,,
MADHYA PRADESH,Betul,MULTAI,11,21.051,0.027,9.654,16.601,0.0,4.45,,
MADHYA PRADESH,Betul,PRABHAT PATTAN,16,36.72,0.0381,11.175,15.352,0.0,21.369,,
MADHYA PRADESH,Betul,ATHNER,0,0.0,0.0,20.83,0.0,0.0,0.0,,
MADHYA PRADESH,Betul,BETUL,293,436.399,0.4121,0.385,75.512,275.816,85.071,,
MADHYA PRADESH,Betul,BHIMPUR,0,0.0,0.0,26.527,0.0,0.0,0.0,,
MADHYA PRADESH,Betul,BHAINSDEHI,0,0.0,0.0,24.873,0.0,0.0,0.0,,
MAHARASHTRA,Amravati,CHANDUR BZ,57,121.969,0.1808,0.919,16.507,29.017,76.445,,
MAHARASHTRA,Amravati,ACHALPUR,68,224.235,0.3628,1.591,25.641,57.77,140.823,,
MAHARASHTRA,Amravati,BHATKULI,6,19.683,0.0352,4.511,19.683,0.0,0.0,,
MAHARASHTRA,Amravati,AMRAVATI,0,0.0,0.0,17.353,0.0,0.0,0.0,,
MAHARASHTRA,Amravati,MORSHI,20,57.95,0.0751,6.949,26.43,0.0,31.52,,
MAHARASHTRA,Wardha,ASHTI,65,162.292,0.3077,1.46,48.807,35.639,77.846,,
MAHARASHTRA,Amravati,TIWSA,102,240.3,0.4504,1.252,41.255,33.297,165.748,,
MAHARASHTRA,Amravati,DHAMANGAON RIL,326,604.149,0.9814,0.421,89.309,113.504,401.336,,
MAHARASHTRA,Yavatmal,BABHULGAON,56,118.054,0.2145,0.544,43.132,9.439,63.689,,
MAHARASHTRA,Amravati,NANDGAON KH,1,3.29,0.0044,13.98,3.29,0.0,0.0,,
MAHARASHTRA,Amravati,CHANDUR RIL,48,91.972,0.1701,1.456,25.367,22.851,43.753,,
MAHARASHTRA,Amravati,DARYAPUR,0,0.0,0.0,14.01,0.0,0.0,0.0,,
MAHARASHTRA,Akola,MURTIJAPUR,14,50.854,0.066,5.484,25.876,12.14,12.838,,
MAHARASHTRA,Washim,KARANJA,0,0.0,0.0,12.479,0.0,0.0,0.0,,
MAHARASHTRA,Washim,MANGRULPIR,21,62.301,0.0825,3.759,39.02,20.095,3.186,,
MAHARASHTRA,Washim,MANORA,2,11.051,0.0148,5.356,11.051,0.0,0.0,,
MAHARASHTRA,Yavatmal,DIGRAS,24,58.66,0.1087,1.609,30.717,0.0,27.944,,
MAHARASHTRA,Yavatmal,DARWHA,17,92.367,0.1109,4.117,74.752,5.768,11.847,1606.58,
MAHARASHTRA,Yavatmal,NER,4,26.463,0.0399,7.291,26.463,0.0,0.0,1104.42,
MAHARASHTRA,Yavatmal,YAVATMAL,48,127.62,0.1146,14.728,77.238,0.0,50.382,,
MAHARASHTRA,Yavatmal,ARNI,107,233.702,0.2865,0.329,92.576,13.904,127.222,,
MAHARASHTRA,Yavatmal,KELAPUR,20,64.529,0.0802,0.774,53.008,0.0,11.521,,
MAHARASHTRA,Yavatmal,RALEGAON,212,395.934,0.5421,1.709,73.876,94.451,227.608,,
MAHARASHTRA,Yavatmal,KALAMB,88,180.994,0.2495,11.362,45.619,24.269,111.106,,
MAHARASHTRA,Wardha,ARVI,312,325.439,0.3655,7.304,84.959,91.039,149.44,2243.6,
MAHARASHTRA,Wardha,WARDHA,62,173.808,0.2331,4.003,68.402,41.714,63.691,,
MAHARASHTRA,Wardha,DEOLI,240,526.068,0.8019,1.556,65.789,110.474,349.805,,
MAHARASHTRA,Wardha,SELOO,101,236.598,0.3204,0.481,69.809,71.065,95.724,,
MAHARASHTRA,Wardha,SAMUDRAPUR,66,187.41,0.2009,6.535,93.635,45.739,48.036,,
MAHARASHTRA,Chandrapur,WARORA,50,152.063,0.1528,0.513,82.909,37.92,31.234,,
MAHARASHTRA,Wardha,HINGANGHAT,85,261.509,0.2981,1.468,91.047,89.399,81.063,,
MAHARASHTRA,Yavatmal,MAREGAON,24,74.484,0.1292,2.498,41.145,8.297,25.042,,
MAHARASHTRA,Yavatmal,WANI,4,16.904,0.0187,10.243,9.629,0.0,7.275,,
MAHARASHTRA,Chandrapur,KORPANA,28,67.821,0.119,3.749,5.144,21.725,40.953,,
MAHARASHTRA,Chandrapur,JIWATI,0,0.0,0.0,11.769,0.0,0.0,0.0,,
TELANGANA,Adilabad,Gadiguda,0,0.0,0.0,20.842,0.0,0.0,0.0,,
TELANGANA,Adilabad,BELA,0,0.0,0.0,8.477,0.0,0.0,0.0,,
MAHARASHTRA,Yavatmal,ZARI JAMNI,0,0.0,0.0,13.597,0.0,0.0,0.0,,
MAHARASHTRA,Yavatmal,GHATANJI,46,103.475,0.1111,5.224,28.033,34.509,40.932,,
TELANGANA,Adilabad,Bheempur,4,22.89,0.1207,4.741,22.89,0.0,0.0,,
TELANGANA,Adilabad,TAMSI,12,29.791,0.3482,2.928,10.144,19.647,0.0,,
TELANGANA,Adilabad,TALAMADUGU,0,0.0,0.0,8.673,0.0,0.0,0.0,,
TELANGANA,Adilabad,MAVALA,0,0.0,0.0,6.382,0.0,0.0,0.0,,
TELANGANA,Adilabad,ADILABAD URBAN,0,0.0,0.0,3.091,0.0,0.0,0.0,,
TELANGANA,Adilabad,JAINATH,32,100.883,0.3603,0.133,36.108,21.103,43.673,,
TELANGANA,Adilabad,AIDILABAD RURAL,19,39.343,0.1398,3.21,14.21,16.901,8.233,,
TELANGANA,Adilabad,INDERVELLY,0,0.0,0.0,17.505,0.0,0.0,0.0,,
TELANGANA,Adilabad,Sirikonda,0,0.0,0.0,22.545,0.0,0.0,0.0,,
TELANGANA,Adilabad,ICHODA,0,0.0,0.0,25.262,0.0,0.0,0.0,,
TELANGANA,Adilabad,GUDIHATNUR,0,0.0,0.0,18.217,0.0,0.0,0.0,,
TELANGANA,Adilabad,BAZARHATNOOR,0,0.0,0.0,16.946,0.0,0.0,0.0,,
TELANGANA,Adilabad,BOATH,0,0.0,0.0,13.276,0.0,0.0,0.0,,
TELANGANA,Adilabad,NERADIGONDA,0,0.0,0.0,16.947,0.0,0.0,0.0,,
TELANGANA,Nirmal,SARANGAPUR,28,64.5,0.2551,0.371,41.639,19.759,1.611,,
TELANGANA,Nirmal,NIRMAL,1,1.232,0.0481,3.067,1.232,0.0,0.0,,
TELANGANA,Nirmal,Nirmal Rural,6,13.98,0.1257,2.363,10.17,3.809,0.0,,
TELANGANA,Nirmal,MAMDA,8,28.616,0.0975,1.254,14.518,10.92,3.178,,
TELANGANA,Nirmal,Pembi,2,1.565,0.0057,6.431,0.859,0.706,0.0,,
TELANGANA,Nirmal,KHANAPUR,11,58.567,0.2463,0.322,18.995,28.096,11.476,,
TELANGANA,Nirmal,Dasturabad,15,45.303,0.5996,0.038,11.669,22.252,11.383,,
TELANGANA,Nirmal,KADDAM (PEDDUR),18,42.267,0.0923,6.221,17.289,16.756,8.222,,
TELANGANA,Adilabad,UTNOOR,0,0.0,0.0,27.31,0.0,0.0,0.0,,
TELANGANA,Adilabad,NARNOOR,0,0.0,0.0,26.557,0.0,0.0,0.0,,
TELANGANA,Kumuram Bheem Asifabad,SIRPUR (U),0,0.0,0.0,20.617,0.0,0.0,0.0,,
TELANGANA,Kumuram Bheem Asifabad,JAINOOR,0,0.0,0.0,27.493,0.0,0.0,0.0,,
TELANGANA,Kumuram Bheem Asifabad,KERAMERI,0,0.0,0.0,10.094,0.0,0.0,0.0,,
TELANGANA,Kumuram Bheem Asifabad,Lingapur,0,0.0,0.0,12.769,0.0,0.0,0.0,,
TELANGANA,Mancherial,JANNARAM,33,110.625,0.304,0.668,31.852,46.75,32.023,,
TELANGANA,Jagitial,DHARMAPURI,3,6.192,0.0321,5.031,0.0,1.238,4.954,,
TELANGANA,Jagitial,Buggaram,9,31.715,0.4754,1.452,0.0,10.569,21.146,,
TELANGANA,Jagitial,SARANGAPUR,14,45.506,0.3245,1.411,0.0,14.275,31.231,,
TELANGANA,Jagitial,Beerpur,0,0.0,0.0,4.923,0.0,0.0,0.0,,
TELANGANA,Jagitial,MALLAPUR,20,61.093,0.279,0.174,0.0,10.372,50.72,,
TELANGANA,Jagitial,RAIKAL,19,72.973,0.287,0.807,0.0,14.164,58.809,,
TELANGANA,Jagitial,JAGTIAL,4,19.686,0.4343,0.653,3.886,15.8,0.0,,
TELANGANA,Jagitial,KORUTLA,26,69.716,0.4943,0.264,11.814,39.639,18.263,,
TELANGANA,Jagitial,MEDIPALLI,15,45.66,0.2308,0.39,19.597,15.96,10.103,,
TELANGANA,Jagitial,KATHALAPUR,3,18.162,0.098,3.048,17.479,0.682,0.0,,
TELANGANA,Jagitial,KODIMIAL,18,57.278,0.3208,1.016,11.993,27.733,9.15,,
TELANGANA,Jagitial,MALLIAL,9,50.345,0.3221,0.076,36.009,13.67,0.666,,
TELANGANA,Jagitial,Jagitial Rural,23,85.502,0.5618,0.728,11.031,47.523,26.949,,
TELANGANA,Jagitial,GOLLAPALLI,26,91.863,0.6364,0.365,3.497,31.975,56.391,,
TELANGANA,Jagitial,PEGADAPALLI,23,81.939,0.5997,0.167,12.843,31.487,37.609,,
TELANGANA,Karimnagar,RAMADUGU,9,35.324,0.2727,2.395,13.077,14.306,1.766,,
TELANGANA,Karimnagar,GANGADHARA,19,60.21,0.3248,2.886,34.59,9.819,8.56,,
TELANGANA,Rajanna Sircilla,BOINPALLI,16,37.293,0.3517,2.169,6.226,11.307,19.76,,
TELANGANA,Karimnagar,Kothapally,11,43.915,0.4686,1.243,17.087,8.574,18.254,,
TELANGANA,Karimnagar,KARIMNAGAR RURAL,0,0.0,0.0,3.94,0.0,0.0,0.0,,
TELANGANA,Siddipet,Ganneruvaram,5,27.101,0.2142,1.354,4.522,22.579,0.0,,
TELANGANA,Siddipet,BEJJANKI,9,30.444,0.2323,1.678,20.891,7.868,1.685,,
TELANGANA,Siddipet,KOHEDA,10,57.202,0.2887,0.906,24.558,20.18,12.465,,
TELANGANA,Siddipet,CHINNAKODUR,0,0.0,0.0,10.247,0.0,0.0,0.0,,
TELANGANA,Rajanna Sircilla,ELLANTHAKUNTA,1,10.926,0.0471,5.778,10.926,0.0,0.0,,
TELANGANA,Rajanna Sircilla,Thangallapalli,3,12.526,0.0662,4.525,11.654,0.872,0.0,,
TELANGANA,Siddipet,Narayanaraopet,0,0.0,0.0,5.913,0.0,0.0,0.0,,
TELANGANA,Siddipet,SIDDIPET RURAL,0,0.0,0.0,11.222,0.0,0.0,0.0,,
TELANGANA,Rajanna Sircilla,MUSTABAD,17,45.703,0.2975,0.137,20.034,25.076,0.593,,
TELANGANA,Rajanna Sircilla,SIRCILLA,0,0.0,0.0,10.741,0.0,0.0,0.0,,
TELANGANA,Rajanna Sircilla,VEMULAWADA,6,12.932,0.1234,3.157,0.0,3.592,9.34,,
TELANGANA,Rajanna Sircilla,Vemulawada Rural,20,51.814,0.5994,0.303,7.817,23.476,19.851,,
TELANGANA,Rajanna Sircilla,KONARAOPET,3,9.33,0.0472,4.074,5.487,0.0,2.699,,
TELANGANA,Rajanna Sircilla,CHANDURTHI,11,42.738,0.2193,0.948,11.089,20.003,5.707,,
TELANGANA,Rajanna Sircilla,Veernapalli,0,0.0,0.0,15.479,0.0,0.0,0.0,,
TELANGANA,Nizamabad,SIRKONDA,0,0.0,0.0,15.96,0.0,0.0,0.0,,
TELANGANA,Rajanna Sircilla,YELLAREDDIPET,1,0.582,0.0031,6.64,0.0,0.582,0.0,,
TELANGANA,Rajanna Sircilla,GAMBHIRAOPET,10,31.06,0.1982,1.754,18.065,8.749,0.0,,
TELANGANA,Siddipet,DUBBAK,0,0.0,0.0,11.658,0.0,0.0,0.0,,
TELANGANA,Kamareddy,Bibipet,0,0.0,0.0,5.561,0.0,0.0,0.0,,
TELANGANA,Kamareddy,MACHAREDDY,0,0.0,0.0,10.996,0.0,0.0,0.0,,
TELANGANA,Kamareddy,KAMAREDDY,0,0.0,0.0,20.628,0.0,0.0,0.0,,
TELANGANA,Kamareddy,DOMAKONDA,0,0.0,0.0,8.975,0.0,0.0,0.0,,
TELANGANA,Kamareddy,BHIKNUR,0,0.0,0.0,16.45,0.0,0.0,0.0,,
TELANGANA,Kamareddy,Rajampet,0,0.0,0.0,12.79,0.0,0.0,0.0,,
TELANGANA,Medak,Havelighanapur,1,14.208,0.0804,5.22,14.208,0.0,0.0,,
TELANGANA,Kamareddy,TADWAI,0,0.0,0.0,21.143,0.0,0.0,0.0,,
TELANGANA,Kamareddy,SADASIVANAGAR,0,0.0,0.0,21.297,0.0,0.0,0.0,,
TELANGANA,Kamareddy,Ramareddy,0,0.0,0.0,20.799,0.0,0.0,0.0,,
TELANGANA,Nizamabad,DHARPALLE,7,14.916,0.1384,4.804,10.553,4.364,0.0,,
TELANGANA,Nizamabad,Indalwai,0,0.0,0.0,11.173,0.0,0.0,0.0,,
TELANGANA,Nizamabad,DICHPALLE,9,22.692,0.1374,5.032,16.138,5.866,0.688,,
TELANGANA,Nizamabad,JAKRANPALLE,5,13.926,0.1035,3.159,3.547,8.171,2.209,,
TELANGANA,Nizamabad,ARMUR,21,90.718,0.4172,1.088,18.626,50.515,21.577,,
TELANGANA,Nizamabad,VELPUR,16,35.457,0.3115,0.734,3.967,14.296,17.194,,
TELANGANA,Nizamabad,MORTAD,6,24.915,0.1949,1.192,17.885,4.176,2.854,,
TELANGANA,Nizamabad,BHEEMGAL,3,6.607,0.0337,5.637,6.219,0.388,0.0,,
TELANGANA,Nizamabad,Rudrangi,0,0.0,0.0,12.258,0.0,0.0,0.0,,
TELANGANA,Jagitial,METPALLI,23,48.312,0.3705,0.727,17.572,18.397,12.342,,
TELANGANA,Nizamabad,KAMMARAPALLE,4,10.187,0.0618,6.728,8.254,1.915,0.018,,
TELANGANA,Nizamabad,Yergatla,13,37.56,0.5604,0.004,3.504,22.314,11.742,,
TELANGANA,Jagitial,IBRAHIMPATNAM,22,69.715,0.3978,0.219,15.764,31.158,22.793,,
TELANGANA,Nirmal,LAXMANCHANDA,27,74.851,0.5284,0.145,10.313,41.854,22.684,,
TELANGANA,Nizamabad,Mendora,32,64.993,0.899,0.164,14.864,26.746,23.384,,
TELANGANA,Nizamabad,BALKONDA,19,65.437,0.7307,0.009,22.063,22.015,21.359,,
TELANGANA,Nizamabad,Mupkal,23,55.06,1.0356,0.586,17.633,12.681,24.746,,
TELANGANA,Nirmal,Soan,12,30.391,0.4289,0.342,9.179,17.918,3.294,,
TELANGANA,Nirmal,DILAWARPUR,1,0.342,0.0022,8.656,0.342,0.0,0.0,,
TELANGANA,Nirmal,LOKESWARAM,6,35.866,0.1701,2.495,27.485,8.381,0.0,,
TELANGANA,Nizamabad,NANDIPET,18,92.625,0.3185,0.255,14.08,36.749,41.797,,
TELANGANA,Nirmal,MUDHOLE,1,0.543,0.0029,7.545,0.543,0.0,0.0,,
TELANGANA,Nirmal,TANUR,0,0.0,0.0,13.762,0.0,0.0,0.0,,
MAHARASHTRA,Nanded,DHARMABAD,0,0.0,0.0,8.937,0.0,0.0,0.0,,
TELANGANA,Nirmal,Basar,0,0.0,0.0,7.42,0.0,0.0,0.0,,
TELANGANA,Nizamabad,RENJAL,19,41.726,0.4156,0.52,9.431,0.0,32.295,,
TELANGANA,Nizamabad,BODHAN,28,94.582,0.3474,0.159,0.0,36.728,57.854,,
TELANGANA,Nizamabad,YEDAPALLE,17,54.096,0.587,0.416,10.722,28.091,15.283,,
TELANGANA,Nizamabad,NIZAMABAD RURAL,12,45.242,0.3297,0.998,9.685,24.617,10.939,,
TELANGANA,Nizamabad,Nizamabad South,3,7.615,0.2956,1.862,4.711,2.905,0.0,,
TELANGANA,Nizamabad,Nizamabad North,3,1.094,0.2023,2.295,0.538,0.557,0.0,,
TELANGANA,Nizamabad,NAVIPET,10,56.037,0.2943,1.942,3.626,30.683,21.728,,
TELANGANA,Nizamabad,MAKLOOR,16,76.723,0.3981,0.02,34.324,33.241,9.157,,
TELANGANA,Nizamabad,Mugpal,8,16.278,0.082,6.805,6.121,5.153,5.003,,
TELANGANA,Kamareddy,GANDHARI,1,0.4,0.0011,16.869,0.4,0.0,0.0,,
TELANGANA,Kamareddy,LINGAMPET,0,0.0,0.0,10.365,0.0,0.0,0.0,,
TELANGANA,Kamareddy,NAGIREDDYPET,17,44.856,0.3589,2.591,28.149,14.757,1.95,,
TELANGANA,Kamareddy,YELLAREDDY,8,33.881,0.1513,0.004,19.834,8.551,5.495,,
TELANGANA,Kamareddy,NIZAMSAGAR,7,24.011,0.1068,3.076,13.65,8.773,0.0,,
TELANGANA,Sangareddy,KALHER,10,28.282,0.2175,3.214,16.272,9.206,2.804,,
TELANGANA,Kamareddy,PITLAM,4,7.976,0.0526,8.017,5.635,2.342,0.0,,
TELANGANA,Kamareddy,BIRKOOR,12,20.281,0.2443,1.374,0.0,8.695,11.587,,
TELANGANA,Kamareddy,BANSWADA,20,55.861,0.4433,0.599,17.758,33.764,4.34,,
TELANGANA,Kamareddy,Nasurullabad,22,59.067,0.5602,0.327,17.239,29.745,12.082,,
TELANGANA,Nizamabad,VARNI,16,47.638,0.3719,1.208,15.108,30.049,2.481,,
TELANGANA,Nizamabad,Chandur,6,16.11,0.3249,2.108,4.67,11.439,0.0,,
TELANGANA,Nizamabad,Mosara,8,25.758,0.4514,0.472,5.346,8.616,11.796,,
TELANGANA,Nizamabad,Rudrur,12,26.022,0.5682,0.929,0.6,9.299,16.123,,
TELANGANA,Nizamabad,KOTGIRI,20,69.456,0.4148,0.117,1.234,7.626,60.596,,
TELANGANA,Kamareddy,MADNUR,9,40.091,0.175,3.096,19.756,20.335,0.0,,
MAHARASHTRA,Nanded,DEGLUR,11,36.983,0.0553,1.013,32.247,0.0,4.736,,
TELANGANA,Kamareddy,BICHKUNDA,13,40.328,0.1896,0.759,6.553,21.57,12.205,,
TELANGANA,Kamareddy,Pedda Kodapgal,1,2.652,0.0311,7.541,2.652,0.0,0.0,,
TELANGANA,Sangareddy,Sirgapoor,6,13.492,0.1161,2.719,9.962,3.226,0.305,,
TELANGANA,Sangareddy,KANGTI,0,0.0,0.0,8.591,0.0,0.0,0.0,,
TELANGANA,Kamareddy,JUKKAL,15,37.235,0.1819,3.146,6.216,24.048,6.971,,
KARNATAKA,Bidar,AURAD,0,0.0,0.0,17.567,0.0,0.0,0.0,,
MAHARASHTRA,Nanded,MOKHED,5,44.036,0.0475,1.969,44.036,0.0,0.0,,
MAHARASHTRA,Nanded,BILOLI,21,79.083,0.1397,4.946,49.17,4.778,25.135,,
MAHARASHTRA,Nanded,NAIGAON (KH),39,187.894,0.3364,0.333,127.808,0.036,56.697,,
MAHARASHTRA,Nanded,UMRI,28,101.338,0.2491,0.011,51.872,13.456,36.01,,
MAHARASHTRA,Nanded,MODKHED,72,214.765,0.654,0.56,57.47,71.983,85.311,,
MAHARASHTRA,Nanded,ARDHAPUR,79,205.257,0.7232,0.046,53.452,49.168,102.637,,
MAHARASHTRA,Nanded,HADGAON,129,315.541,0.3098,4.669,123.817,14.366,177.358,,
MAHARASHTRA,Nanded,BHOKAR,16,35.362,0.0548,16.065,15.345,3.267,16.751,,
TELANGANA,Nirmal,KUBEER,0,0.0,0.0,15.247,0.0,0.0,0.0,,
TELANGANA,Nirmal,BHAINSA,4,17.251,0.0738,4.136,13.269,3.983,0.0,,
TELANGANA,Nirmal,KUNTALA,0,0.0,0.0,9.765,0.0,0.0,0.0,,
TELANGANA,Nirmal,Narsapur G,0,0.0,0.0,8.842,0.0,0.0,0.0,,
MAHARASHTRA,Nanded,HIMAYATNAGAR,26,38.638,0.0825,3.509,15.507,0.0,23.131,,
MAHARASHTRA,Yavatmal,UMARKHED,135,301.898,0.2411,6.919,90.075,45.749,166.074,,
MAHARASHTRA,Nanded,KINWAT,12,51.28,0.0346,1.824,30.064,0.0,21.215,,
MAHARASHTRA,Nanded,MAHUR,0,0.0,0.0,12.277,0.0,0.0,0.0,,
MAHARASHTRA,Yavatmal,MAHAGAON,53,134.282,0.155,0.346,64.393,0.0,69.889,,
MAHARASHTRA,Hingoli,KALAMNURI,41,157.083,0.1731,6.108,85.012,31.32,38.28,,
MAHARASHTRA,Yavatmal,PUSAD,66,163.211,0.1442,5.413,66.997,6.639,89.574,,
MAHARASHTRA,Hingoli,HINGOLI,0,0.0,0.0,16.615,0.0,0.0,0.0,,
MAHARASHTRA,Hingoli,AUNDHA NAGNATH,14,59.206,0.0752,7.416,34.291,10.854,14.061,,
MAHARASHTRA,Hingoli,SENGAON,0,0.0,0.0,27.509,0.0,0.0,0.0,,
MAHARASHTRA,Buldhana,LONAR,4,17.739,0.0274,11.955,16.116,0.0,1.624,,
MAHARASHTRA,Parbhani,JINTUR,50,95.494,0.0789,10.767,33.174,26.519,35.802,,
MAHARASHTRA,Parbhani,SAILU,110,212.314,0.3113,0.575,72.6,6.228,133.485,,
MAHARASHTRA,Parbhani,MANWAT,55,129.677,0.2707,3.458,13.434,41.424,74.819,,
MAHARASHTRA,Parbhani,PARBHANI,200,446.367,0.405,1.448,47.335,104.112,294.173,,
MAHARASHTRA,Parbhani,PURNA,113,299.877,0.486,0.124,40.415,81.571,177.891,,
MAHARASHTRA,Hingoli,BASMAT,102,350.533,0.4072,1.866,161.327,75.44,113.767,,
MAHARASHTRA,Nanded,NANDED,62,153.464,0.3873,2.523,45.404,42.315,65.744,,
MAHARASHTRA,Nanded,KANDHAR,27,117.984,0.1498,6.558,98.061,5.085,9.868,,
MAHARASHTRA,Nanded,LOHA,75,217.726,0.26,1.55,68.303,66.724,73.163,,
MAHARASHTRA,Parbhani,PALAM,0,0.0,0.0,10.555,0.0,0.0,0.0,,
MAHARASHTRA,Latur,AHEMADPUR,13,47.687,0.0629,8.599,42.659,5.028,0.0,,
MAHARASHTRA,Latur,JALKOT,7,22.462,0.0675,5.317,17.788,0.0,4.674,,
MAHARASHTRA,Latur,UDGIR,2,23.673,0.0322,9.717,23.673,0.0,0.0,,
KARNATAKA,Bidar,KAMALANAGARA,1,0.101,0.0002,13.129,0.0,0.101,0.0,,
MAHARASHTRA,Latur,DEONI,2,25.047,0.0633,2.247,25.047,0.0,0.0,,
MAHARASHTRA,Latur,CHAKUR,1,0.237,0.0004,16.226,0.237,0.0,0.0,,
MAHARASHTRA,Latur,SHIRUR ANANTPAL,12,55.797,0.18,0.771,51.07,0.0,4.727,,
MAHARASHTRA,Latur,AUSA,20,76.02,0.0625,11.746,62.3,0.0,12.31,,
MAHARASHTRA,Latur,LATUR,56,151.266,0.1553,2.342,95.757,11.505,44.004,,
MAHARASHTRA,Latur,RENAPUR,45,118.684,0.2142,3.966,66.473,1.295,50.916,,
MAHARASHTRA,Beed,AMBAJOGAI,21,55.152,0.0666,10.191,38.614,0.0,16.538,,
MAHARASHTRA,Parbhani,GANGAKHED,27,86.609,0.1365,0.029,42.534,10.199,33.876,,
MAHARASHTRA,Parbhani,SONPETH,90,229.2,0.6158,0.377,71.573,62.823,94.805,,
MAHARASHTRA,Beed,PARALI V .,82,213.823,0.2797,1.314,78.813,75.567,59.443,,
MAHARASHTRA,Beed,DHARUR,3,5.379,0.0155,10.639,2.514,2.865,0.0,,
MAHARASHTRA,Beed,WADWANI,28,77.475,0.1058,0.967,37.266,10.02,30.189,,
MAHARASHTRA,Beed,KAIJ,9,19.917,0.0173,20.794,14.686,0.0,5.231,,
MAHARASHTRA,Osmanabad,OSMANABAD,18,123.842,0.0937,3.818,47.59,0.0,0.0,,
MAHARASHTRA,Osmanabad,KALAMB,6,20.342,0.0223,11.001,18.858,0.0,1.484,,
MAHARASHTRA,Osmanabad,WASHI,2,31.252,0.0526,12.157,31.252,0.0,0.0,,
MAHARASHTRA,Solapur,BARSHI,45,153.005,0.1035,5.506,107.018,0.0,45.988,,
MAHARASHTRA,Osmanabad,PARANDA,20,156.239,0.19,0.992,114.751,9.764,15.209,,
MAHARASHTRA,Osmanabad,BHOOM,5,25.072,0.0331,2.299,20.102,4.97,0.0,,
MAHARASHTRA,Beed,BEED,3,31.908,0.0232,2.847,31.908,0.0,0.0,,
MAHARASHTRA,Beed,GEORAI,81,252.097,0.1791,2.464,80.269,131.573,40.255,,
MAHARASHTRA,Beed,MAJALGAON,116,301.749,0.344,0.074,81.359,103.367,117.022,,
MAHARASHTRA,Parbhani,PATHRI,48,141.725,0.2644,0.534,0.0,68.73,72.994,,
MAHARASHTRA,Jalna,PARTUR,15,32.742,0.0447,12.599,0.0,26.542,6.2,,
MAHARASHTRA,Jalna,GHANSAWANGI,46,126.163,0.1178,6.329,0.0,68.447,57.715,,
MAHARASHTRA,Jalna,MANTHA,5,7.135,0.0094,16.914,4.95,0.0,2.184,,
MAHARASHTRA,Jalna,JALNA,11,45.524,0.0396,1.356,24.334,21.19,0.0,,
MAHARASHTRA,Jalna,BADNAPUR,9,39.913,0.0545,3.163,12.424,22.183,5.305,,
MAHARASHTRA,Jalna,AMBAD,52,139.163,0.1252,5.208,17.039,93.875,28.249,,
MAHARASHTRA,Jalna,BHOKARDAN,11,39.533,0.0336,3.658,32.265,7.268,0.0,,
MAHARASHTRA,Aurangabad,SILLOD,16,39.835,0.034,4.517,25.24,14.595,0.0,,
MAHARASHTRA,Aurangabad,SOEGAON,0,0.0,0.0,6.834,0.0,0.0,0.0,,
MAHARASHTRA,Jalgaon,JAMNER,37,82.58,0.063,6.001,33.133,7.688,20.147,,
MAHARASHTRA,Jalgaon,BODWAD,0,0.0,0.0,11.517,0.0,0.0,0.0,,
MAHARASHTRA,Buldhana,MALKAPUR,17,54.463,0.1224,3.079,8.565,16.676,29.223,,
MAHARASHTRA,Buldhana,NANDURA,13,30.5,0.0625,7.946,18.975,1.059,10.466,,
MAHARASHTRA,Buldhana,MOTALA,22,51.969,0.0691,6.07,18.906,5.638,27.424,,
MAHARASHTRA,Buldhana,CHIKHLI,99,156.696,0.143,9.209,26.976,38.847,90.873,,
MAHARASHTRA,Buldhana,BULDANA,2,5.368,0.0071,17.972,3.852,0.0,1.516,,
MAHARASHTRA,Jalna,JAFRABAD,13,24.576,0.0355,1.306,16.136,7.198,1.242,,
MAHARASHTRA,Buldhana,D. RAJA,70,138.0,0.2933,0.436,69.754,0.0,67.268,,
MAHARASHTRA,Buldhana,SINDKHEDRAJA,14,46.912,0.0626,4.237,40.706,0.0,6.206,,
MAHARASHTRA,Buldhana,MEHKAR,37,118.934,0.1106,5.656,76.509,17.485,24.94,,
MAHARASHTRA,Washim,RISOD,8,11.748,0.0139,16.191,3.776,1.933,6.039,,
MAHARASHTRA,Washim,MALEGAON,1,1.365,0.0016,15.207,1.365,0.0,0.0,,
MAHARASHTRA,Washim,WASHIM,18,38.949,0.043,8.106,29.739,9.21,0.0,,
MAHARASHTRA,Akola,PATUR,64,189.281,0.2799,0.009,66.531,47.826,45.092,,
MAHARASHTRA,Akola,BARSHITAKLI,3,16.105,0.0216,10.03,15.8,0.0,0.305,,
MAHARASHTRA,Akola,AKOLA,38,136.819,0.1288,5.051,42.559,27.775,66.485,,
MAHARASHTRA,Akola,BALAPUR,4,9.254,0.0144,11.588,5.282,3.392,0.58,,
MAHARASHTRA,Buldhana,KHAMGAON,66,210.253,0.1843,10.152,99.555,28.686,78.555,,
MAHARASHTRA,Buldhana,SHEGAON,18,40.71,0.0696,11.412,12.884,0.0,27.013,,
MAHARASHTRA,Buldhana,JALGAONJAMOD,1,2.03,0.0035,9.956,2.03,0.0,0.0,,
MADHYA PRADESH,Burhanpur,KHAKNAR,0,0.0,0.0,33.645,0.0,0.0,0.0,,
MAHARASHTRA,Buldhana,SANGRAMPUR,17,37.942,0.0616,7.508,2.068,21.106,14.768,,
MAHARASHTRA,Akola,TELHARA,76,230.711,0.4103,0.304,33.411,79.456,117.845,,
MAHARASHTRA,Akola,AKOT,0,0.0,0.0,13.813,0.0,0.0,0.0,,
MAHARASHTRA,Amravati,ANJANGAON S,27,93.323,0.192,0.162,3.735,25.444,64.145,,
MAHARASHTRA,Amravati,DHARNI,0,0.0,0.0,31.478,0.0,0.0,0.0,,
MAHARASHTRA,Amravati,CHIKHALDARA,0,0.0,0.0,19.371,0.0,0.0,0.0,,
MADHYA PRADESH,East Nimar,KHALWA,0,0.0,0.0,35.076,0.0,0.0,0.0,,
MADHYA PRADESH,East Nimar,PANDHANA,69,156.631,0.1469,7.165,20.376,53.569,82.685,,
MADHYA PRADESH,East Nimar,CHHAIGAON MAKHAN,17,24.751,0.0368,13.353,5.359,10.17,9.223,,
MADHYA PRADESH,Khargone,ZIRANYA,25,66.287,0.0598,12.233,20.292,10.172,35.824,,
MADHYA PRADESH,Burhanpur,BURHANPUR,0,0.0,0.0,14.566,0.0,0.0,0.0,,
MAHARASHTRA,Jalgaon,MUKTAINAGAR,3,11.896,0.0192,6.372,11.693,0.0,0.0,,
MAHARASHTRA,Jalgaon,RAVER,15,58.384,0.0644,4.645,45.479,0.0,12.905,,
MAHARASHTRA,Jalgaon,BHUSAWAL,21,52.426,0.1224,6.901,31.734,1.621,19.072,,
MAHARASHTRA,Jalgaon,JALGAON,56,141.697,0.1799,4.44,47.254,17.428,77.014,,
MAHARASHTRA,Jalgaon,YAWAL,17,97.894,0.1097,8.178,56.897,18.197,22.8,,
MADHYA PRADESH,Khargone,BHAGVANPURA,30,78.581,0.0654,4.386,22.811,20.87,34.9,,
MADHYA PRADESH,Khargone,BHIKANGAON,25,80.789,0.089,10.975,22.017,17.955,38.008,,
MADHYA PRADESH,Khargone,GOGAWAN,40,94.436,0.2194,4.669,15.157,32.583,46.696,,
MADHYA PRADESH,Khargone,KHARGONE,26,45.779,0.0863,4.707,11.098,15.475,19.207,,
MADHYA PRADESH,Khargone,SEGAON,0,0.0,0.0,15.742,0.0,0.0,0.0,,
MADHYA PRADESH,Barwani,SENDHAWA,0,0.0,0.0,28.559,0.0,0.0,0.0,,
MADHYA PRADESH,Barwani,RAJPUR,15,51.896,0.0717,2.716,38.038,2.459,11.399,,
MADHYA PRADESH,Barwani,NEWALI,0,0.0,0.0,23.581,0.0,0.0,0.0,,
MADHYA PRADESH,Barwani,BARWANI,23,77.848,0.1468,11.987,31.936,18.681,27.231,,
MADHYA PRADESH,Barwani,PATI,3,6.436,0.0063,17.41,6.436,0.0,0.0,,
MADHYA PRADESH,Barwani,PANSEMAL,0,0.0,0.0,22.387,0.0,0.0,0.0,,
MAHARASHTRA,Dhule,SHIRPUR,36,125.617,0.0864,2.97,40.964,59.712,24.94,,
MAHARASHTRA,Dhule,SHINDKHEDE,44,149.018,0.119,10.511,89.251,0.0,59.766,,
MAHARASHTRA,Jalgaon,AMALNER,16,49.142,0.0644,10.616,21.929,0.0,27.213,,
MAHARASHTRA,Jalgaon,CHOPDA,82,241.594,0.2176,1.546,67.39,76.957,97.247,,
MAHARASHTRA,Jalgaon,DHARANGAON,54,188.791,0.3821,0.599,66.708,21.798,100.284,,
MAHARASHTRA,Jalgaon,ERANDOL,39,142.82,0.2909,1.632,56.317,35.208,51.295,,
MAHARASHTRA,Jalgaon,PAROLA,29,105.798,0.1389,0.283,57.906,18.041,29.851,,
MAHARASHTRA,Jalgaon,BHADGAON,66,150.634,0.3234,0.775,80.376,63.772,6.485,,
MAHARASHTRA,Jalgaon,PACHORA,26,81.398,0.1036,1.323,44.694,7.475,29.228,,
MAHARASHTRA,Aurangabad,PHULAMBRI,40,73.561,0.1142,2.379,38.645,31.641,3.275,,
MAHARASHTRA,Aurangabad,KANAND,34,122.373,0.0844,2.054,83.508,24.553,14.312,,
MAHARASHTRA,Aurangabad,KHULTABAD,3,4.889,0.0102,11.614,3.003,1.886,0.0,,
MAHARASHTRA,Nashik,NANDGAON,29,69.328,0.0652,0.616,32.256,19.541,17.531,,
MAHARASHTRA,Jalgaon,CHALISGAON,50,167.861,0.1413,2.665,90.922,24.432,52.507,,
MAHARASHTRA,Dhule,DHULE,148,419.672,0.2205,1.409,191.919,25.419,202.335,,
MAHARASHTRA,Nashik,BAGLAN,39,93.566,0.0664,2.191,73.844,3.195,12.296,,
MAHARASHTRA,Nashik,MALEGAON,69,226.445,0.1305,0.01,96.847,87.404,28.072,,
MAHARASHTRA,Nashik,YEOLA,38,224.344,0.219,1.806,102.163,93.105,29.077,,
MAHARASHTRA,Nashik,CHANDWAD,9,58.321,0.064,4.797,56.247,0.04,2.033,,
MAHARASHTRA,Nashik,DEOLA,30,59.3,0.1078,5.909,34.496,14.988,9.044,,
MAHARASHTRA,Nashik,NIPHAD,75,340.681,0.3363,2.56,194.408,91.235,55.039,,
MAHARASHTRA,Nashik,DINDORI,52,167.618,0.1316,1.319,112.259,42.481,12.877,,
MAHARASHTRA,Nashik,KALWAN,3,79.759,0.0958,5.114,79.759,0.0,0.0,,
GUJARAT,Dang,Subir,0,0.0,0.0,20.723,0.0,0.0,0.0,,
GUJARAT,Dang,AHWA,0,0.0,0.0,22.853,0.0,0.0,0.0,,
MAHARASHTRA,Nandurbar,NAVAPUR,10,43.678,0.0474,4.8,30.282,0.0,13.395,,
GUJARAT,Tapi,SONGADH,6,56.524,0.0507,4.676,46.119,0.0,10.406,,
GUJARAT,Tapi,UCHCHHAL,0,0.0,0.0,15.864,0.0,0.0,0.0,,
MAHARASHTRA,Dhule,SAKRI,93,250.289,0.1079,1.948,120.459,45.175,84.655,,
MAHARASHTRA,Nandurbar,NANDURBAR,2,1.427,0.0013,27.205,1.122,0.0,0.305,,
GUJARAT,Tapi,KUKARMUNDA,0,0.0,0.0,18.159,0.0,0.0,0.0,,
MAHARASHTRA,Nandurbar,TALODA,0,0.0,0.0,19.89,0.0,0.0,0.0,,
MAHARASHTRA,Nandurbar,SHAHADA,8,52.221,0.0459,2.02,32.523,0.0,19.698,,
MAHARASHTRA,Nandurbar,AKKALKUWA,1,0.696,0.0006,21.549,0.696,0.0,0.0,,
MAHARASHTRA,Nandurbar,AKARANI,1,6.766,0.0075,11.959,6.766,0.0,0.0,,
GUJARAT,Tapi,NIZAR,0,0.0,0.0,13.973,0.0,0.0,0.0,,
GUJARAT,Narmada,SAGBARA,0,0.0,0.0,18.193,0.0,0.0,0.0,,
GUJARAT,Narmada,DEDIYAPADA,0,0.0,0.0,22.623,0.0,0.0,0.0,,
GUJARAT,Narmada,GARUDESHWAR,26,65.233,0.1364,2.636,16.471,24.941,23.821,,
GUJARAT,Narmada,NANDOD,10,78.238,0.1294,0.281,20.953,55.512,1.773,,
GUJARAT,Bharuch,JHAGADIA,10,64.722,0.1098,0.493,29.694,29.658,5.371,,
GUJARAT,Bharuch,Netrang,3,17.278,0.0475,1.808,17.278,0.0,0.0,,
GUJARAT,Surat,UMARPADA,0,0.0,0.0,20.227,0.0,0.0,0.0,,
GUJARAT,Tapi,VYARA,17,111.97,0.2663,0.5,61.572,27.448,22.95,,
GUJARAT,Tapi,VALOD,12,55.54,0.2825,1.408,0.415,38.177,16.947,,
GUJARAT,Surat,MANDVI,21,132.97,0.1893,0.189,107.218,4.317,21.435,,
GUJARAT,Surat,KAMREJ,17,115.905,0.3198,1.21,73.387,7.955,34.563,,
GUJARAT,Surat,BARDOLI,24,137.673,0.3774,1.526,71.864,7.487,58.322,,
GUJARAT,Surat,PALSANA,18,74.818,0.389,0.154,15.487,0.0,59.331,,
GUJARAT,Surat,CHORASI,17,54.091,0.206,1.315,16.695,0.0,37.396,,
GUJARAT,Surat,SURATCITY,17,72.488,0.2212,0.646,54.721,0.993,16.774,,
GUJARAT,Surat,OLPAD,32,164.626,0.2489,1.281,1.994,59.706,102.925,,
GUJARAT,Bharuch,HANSOT,13,61.051,0.167,3.137,32.322,18.177,10.552,,
GUJARAT,Surat,MANGROL,9,45.41,0.08,0.75,36.387,9.024,0.0,,
GUJARAT,Bharuch,VALIA,4,14.683,0.0466,1.041,10.322,4.361,0.0,,
GUJARAT,Bharuch,ANKLESVAR,11,64.509,0.1567,1.953,30.452,34.057,0.0,,
GUJARAT,Bharuch,BHARUCH,183,521.853,0.8597,0.225,60.917,178.575,282.361,,
GUJARAT,Bharuch,VAGRA,131,340.559,0.4351,0.345,0.514,67.54,272.505,,
GUJARAT,Bhavnagar,BHAVNAGAR,25,80.779,0.0746,11.86,25.646,13.753,41.38,,
GUJARAT,Bhavnagar,SIHOR,3,1.989,0.0029,15.415,0.774,0.0,1.215,,
GUJARAT,Bhavnagar,GHOGHA,1,9.326,0.0228,5.589,9.326,0.0,0.0,,
GUJARAT,Bhavnagar,TALAJA,62,172.485,0.2042,1.338,80.906,39.526,52.053,,
MAHARASHTRA,Palghar,TALASARI,0,0.0,0.0,8.228,0.0,0.0,0.0,,
GUJARAT,Valsad,UMBERGAON,19,95.761,0.2764,0.267,18.873,55.646,21.242,,
"DADRA,NAGAR HAVELI,DAMAN & DIU",Dadra And Nagar Haveli,Dadra Nagar Haveli,18,56.147,0.1186,2.452,17.074,8.402,30.671,,
GUJARAT,Valsad,KAPRADA,11,35.337,0.039,23.954,13.897,14.603,6.838,,
GUJARAT,Valsad,PARDI,12,71.207,0.2628,1.14,11.148,40.902,19.157,,
GUJARAT,Valsad,VAPI,6,25.759,0.1802,0.378,0.0,21.14,4.619,,
"DADRA,NAGAR HAVELI,DAMAN & DIU",Daman,DAMAN,1,0.793,0.0115,5.036,0.0,0.793,0.0,,
GUJARAT,Navsari,JALALPORE,28,97.081,0.2051,2.435,34.771,26.005,36.305,,
GUJARAT,Navsari,GANDEVI,13,43.843,0.1555,1.087,6.662,22.023,15.158,,
GUJARAT,Navsari,NAVSARI,9,53.712,0.2201,0.775,36.429,6.905,10.378,,
GUJARAT,Surat,MAHUVA,25,123.742,0.3646,0.001,42.556,50.884,30.302,,
GUJARAT,Navsari,CHIKHALI,31,122.646,0.2782,1.672,49.398,49.63,23.619,,
GUJARAT,Navsari,KHERGAM,5,18.922,0.1639,1.077,12.749,0.0,6.173,,
GUJARAT,Valsad,VALSAD,8,60.041,0.1215,2.11,27.555,29.664,2.823,,
GUJARAT,Valsad,DHARAMPUR,1,1.522,0.0022,17.727,1.522,0.0,0.0,,
GUJARAT,Navsari,VANSDA,20,80.813,0.1417,1.996,38.078,23.356,19.38,,
GUJARAT,Tapi,DOLVAN,7,33.765,0.0936,5.108,17.227,11.235,5.303,,
GUJARAT,Dang,Waghai,0,0.0,0.0,11.234,0.0,0.0,0.0,,
MAHARASHTRA,Nashik,SURGANA,0,0.0,0.0,27.671,0.0,0.0,0.0,,
MAHARASHTRA,Nashik,PETH,0,0.0,0.0,22.734,0.0,0.0,0.0,,
MAHARASHTRA,Nashik,TRIMBAK,0,0.0,0.0,15.948,0.0,0.0,0.0,,
MAHARASHTRA,Palghar,JAWHAR,0,0.0,0.0,19.916,0.0,0.0,0.0,,
MAHARASHTRA,Palghar,MOKHADA,0,0.0,0.0,34.409,0.0,0.0,0.0,,
MAHARASHTRA,Thane,SHAHAPUR,6,43.135,0.0277,0.134,40.923,0.0,2.212,,
MAHARASHTRA,Thane,MURBAD,0,0.0,0.0,19.184,0.0,0.0,0.0,,
MAHARASHTRA,Thane,AMBERNATH,0,0.0,0.0,22.292,0.0,0.0,0.0,,
MAHARASHTRA,Thane,BHIWANDI,6,40.261,0.06,8.393,26.316,13.649,0.296,,
MAHARASHTRA,Thane,KALYAN,0,0.0,0.0,9.944,0.0,0.0,0.0,,
MAHARASHTRA,Thane,Ulhasnagar,0,0.0,0.0,18.281,0.0,0.0,0.0,,
MAHARASHTRA,Thane,Thane,0,0.0,0.0,28.266,0.0,0.0,0.0,,
MAHARASHTRA,Mumbai Suburban,Mumbai Suburban,0,0.0,0.0,39.886,0.0,0.0,0.0,,
MAHARASHTRA,Palghar,VASAI,0,0.0,0.0,16.846,0.0,0.0,0.0,,
MAHARASHTRA,Palghar,PALGHAR,39,111.973,0.1103,4.156,62.313,21.703,27.958,,
MAHARASHTRA,Palghar,WADA,0,0.0,0.0,19.196,0.0,0.0,0.0,,
MAHARASHTRA,Palghar,VIKRAMGAD,7,14.426,0.0269,11.802,11.264,0.037,3.125,,
MAHARASHTRA,Palghar,DAHANU,44,118.704,0.1295,4.13,49.959,31.032,37.714,,
MAHARASHTRA,Raigad,SHRIVARDHAN,0,0.0,0.0,24.508,0.0,0.0,0.0,,
MAHARASHTRA,Raigad,TALA,0,0.0,0.0,11.915,0.0,0.0,0.0,,
MAHARASHTRA,Raigad,MURUD,0,0.0,0.0,16.679,0.0,0.0,0.0,,
MAHARASHTRA,Raigad,ROHA,6,64.213,0.1045,0.714,64.213,0.0,0.0,,
MAHARASHTRA,Raigad,ALIBAG,0,0.0,0.0,12.94,0.0,0.0,0.0,,
MAHARASHTRA,Mumbai,Mumbai City,0,0.0,0.0,30.773,0.0,0.0,0.0,,
MAHARASHTRA,Raigad,URAN,0,0.0,0.0,11.491,0.0,0.0,0.0,,
MAHARASHTRA,Raigad,PANVEL,0,0.0,0.0,18.77,0.0,0.0,0.0,,
MAHARASHTRA,Raigad,PEN,2,48.229,0.0977,2.448,21.644,0.0,0.0,,
MAHARASHTRA,Raigad,KHALAPUR,1,1.184,0.003,10.541,0.0,0.0,0.0,,
MAHARASHTRA,Raigad,KARJAT,5,34.534,0.0545,0.372,34.534,0.0,0.0,,
MAHARASHTRA,Pune,MAVAL,8,18.059,0.0164,10.921,3.631,1.968,0.0,,
MAHARASHTRA,Pune,MULSHI,7,24.659,0.0245,13.006,21.182,3.477,0.0,,
MAHARASHTRA,Raigad,SUDHAGAD,0,0.0,0.0,11.11,0.0,0.0,0.0,,
MAHARASHTRA,Raigad,MANGAON,13,95.107,0.1433,4.09,77.985,0.0,17.122,,
MAHARASHTRA,Pune,VELHE,2,27.539,0.0529,0.261,0.0,0.0,0.0,,
MAHARASHTRA,Pune,BHOR,16,129.102,0.1466,3.628,37.904,13.253,2.748,,
MAHARASHTRA,Pune,PUNE CITY,3,29.693,0.0942,2.342,29.693,0.0,0.0,,
MAHARASHTRA,Pune,HAVELI,4,73.728,0.0687,2.369,73.728,0.0,0.0,,
MAHARASHTRA,Pune,PURANDAR,28,146.377,0.1369,4.868,39.862,0.0,40.886,,
MAHARASHTRA,Pune,BARAMATI,84,416.914,0.3098,4.47,171.053,0.0,243.933,,
MAHARASHTRA,Pune,DAUND,59,380.451,0.3031,0.462,192.646,0.0,179.318,,
MAHARASHTRA,Pune,SHIRUR,215,660.145,0.4389,0.328,195.612,153.051,278.86,,
MAHARASHTRA,Pune,KHED,44,142.628,0.1076,0.956,89.017,25.681,27.93,,
MAHARASHTRA,Pune,AMBEGAON,56,197.254,0.1953,0.236,117.104,0.0,69.334,,
MAHARASHTRA,Pune,JUNNAR,99,312.508,0.2331,0.647,139.211,0.0,129.251,,
MAHARASHTRA,Ahmednagar,AKOLE,4,22.901,0.0158,18.427,19.751,3.149,0.0,,
MAHARASHTRA,Nashik,IGATPURI,2,3.442,0.0041,14.03,3.361,0.0,0.082,,
MAHARASHTRA,Nashik,NASHIK,37,122.087,0.1419,4.424,87.442,29.934,4.711,,
MAHARASHTRA,Nashik,SINNAR,59,184.101,0.1418,2.682,105.057,32.402,32.0,,
MAHARASHTRA,Ahmednagar,KOPARGAON,58,237.679,0.3375,2.19,95.862,87.276,54.542,,
MAHARASHTRA,Ahmednagar,RAHATA,40,181.531,0.2889,0.105,76.003,75.201,30.327,,
MAHARASHTRA,Ahmednagar,SANGAMNER,16,78.688,0.0481,8.76,37.044,13.98,6.477,,
MAHARASHTRA,Ahmednagar,PARNER,49,217.671,0.1206,10.83,108.171,10.931,88.864,,
MAHARASHTRA,Ahmednagar,NEVASA,52,326.277,0.2606,0.748,110.956,146.055,69.265,,
MAHARASHTRA,Ahmednagar,RAHURI,25,189.881,0.1921,0.617,93.14,69.59,27.151,,
MAHARASHTRA,Ahmednagar,SHRIRAMPUR,18,88.826,0.1625,3.662,37.162,49.093,2.571,,
MAHARASHTRA,Aurangabad,VAIJAPUR,237,568.259,0.3812,3.925,150.269,200.483,217.507,,
MAHARASHTRA,Aurangabad,GANGAPUR,133,344.034,0.2706,5.367,92.416,106.295,145.324,,
MAHARASHTRA,Aurangabad,AURANGABAD,13,38.193,0.0297,9.319,13.988,18.743,5.462,,
MAHARASHTRA,Aurangabad,PAITHAN,42,151.489,0.1102,0.543,65.934,64.368,21.187,,
MAHARASHTRA,Ahmednagar,SHEVGAON,50,151.403,0.1434,1.756,40.987,70.312,39.48,,
MAHARASHTRA,Ahmednagar,PATHARDI,24,87.499,0.0757,8.285,48.133,18.387,20.978,,
MAHARASHTRA,Beed,SHIRUR ( KA ),11,33.031,0.0527,0.905,27.312,3.339,2.38,,
MAHARASHTRA,Beed,PATODA,4,22.323,0.03,4.44,18.326,0.0,3.997,,
MAHARASHTRA,Ahmednagar,JAMKHED,4,10.302,0.0121,15.54,8.446,0.0,1.856,,
MAHARASHTRA,Beed,ASHTI,42,146.649,0.1028,1.342,114.264,18.636,7.513,,
MAHARASHTRA,Ahmednagar,NAGAR,0,0.0,0.0,29.446,0.0,0.0,0.0,,
MAHARASHTRA,Ahmednagar,SHRIGONDA,108,508.507,0.3255,0.751,164.217,0.0,321.301,,
MAHARASHTRA,Ahmednagar,KARJAT,203,642.685,0.4445,4.093,212.676,17.609,374.601,,
MAHARASHTRA,Solapur,KARMALA,167,472.741,0.3054,0.663,187.527,9.618,245.665,,
MAHARASHTRA,Solapur,MADHA,89,316.811,0.2132,0.238,150.584,65.492,80.998,,
MAHARASHTRA,Solapur,PANDHARPUR,195,675.125,0.5372,1.992,137.155,291.338,246.633,,
MAHARASHTRA,Solapur,MANGALVEDHE,113,358.24,0.3223,4.337,88.05,117.003,153.187,,
MAHARASHTRA,Solapur,SANGOLA,41,349.884,0.2299,0.767,237.518,24.391,87.975,,
MAHARASHTRA,Sangli,ATPADI,9,74.497,0.0885,11.992,71.989,0.549,0.378,,
MAHARASHTRA,Sangli,KHANAPUR-VITA,34,160.675,0.2126,6.359,111.642,31.471,6.776,,
MAHARASHTRA,Satara,MAN,13,82.289,0.0567,1.601,72.959,0.0,0.103,,
MAHARASHTRA,Solapur,MALSHIRAS,90,612.084,0.3928,1.662,237.188,61.243,312.087,,
MAHARASHTRA,Pune,INDAPUR,63,361.082,0.2524,3.5,135.444,0.0,225.637,,
MAHARASHTRA,Satara,PHALTAN,138,526.271,0.4605,0.415,212.717,28.957,284.596,,
MAHARASHTRA,Satara,KOREGAON,78,286.189,0.32,0.522,151.5,48.162,80.67,,
MAHARASHTRA,Satara,KHANDALA,57,203.061,0.4012,1.343,115.193,9.525,78.343,,
MAHARASHTRA,Satara,MAHABALESHWAR,0,0.0,0.0,19.909,0.0,0.0,0.0,,
MAHARASHTRA,Satara,WAI,46,118.464,0.197,0.901,71.492,9.933,37.039,,
MAHARASHTRA,Satara,JAWALI,43,74.81,0.0898,17.675,64.779,0.0,10.031,,
MAHARASHTRA,Satara,SATARA,73,280.014,0.3178,0.452,172.859,22.337,62.361,,
MAHARASHTRA,Satara,PATAN,5,27.046,0.0201,1.992,23.316,3.405,0.326,,
MAHARASHTRA,Satara,KARAD,43,141.453,0.1409,1.413,93.455,4.078,35.296,,
MAHARASHTRA,Satara,KHATAV,76,284.719,0.2157,1.604,192.336,6.541,68.186,,
MAHARASHTRA,Sangli,KADEGAON,47,186.986,0.495,1.286,111.392,23.874,30.788,,
MAHARASHTRA,Sangli,PALUS,40,199.946,0.4276,1.756,109.837,46.339,31.888,,
MAHARASHTRA,Kolhapur,HATKANANGALE,3,13.855,0.0231,10.08,13.855,0.0,0.0,,
MAHARASHTRA,Sangli,VALVA-ISLAMPUR,17,141.021,0.1841,2.35,71.811,44.435,24.776,,
MAHARASHTRA,Kolhapur,SHAHUWADI,3,38.244,0.038,6.516,36.613,0.0,0.0,,
MAHARASHTRA,Sangli,SHIRALA,37,189.244,0.3091,1.393,163.73,0.0,16.649,,
MAHARASHTRA,Kolhapur,PANHALA,1,17.907,0.0325,13.065,17.907,0.0,0.0,,
MAHARASHTRA,Kolhapur,GAGAN BAVADA,0,0.0,0.0,11.626,0.0,0.0,0.0,,
MAHARASHTRA,Sindhudurg,VAIBHAVAWADI,4,60.762,0.1477,1.375,60.762,0.0,0.0,,
MAHARASHTRA,Sindhudurg,KANKAVALI,2,12.148,0.0159,6.345,12.148,0.0,0.0,,
MAHARASHTRA,Kolhapur,RADHANAGARI,4,57.864,0.0673,5.519,57.864,0.0,0.0,,
MAHARASHTRA,Kolhapur,BHUDARGAD,3,19.622,0.0317,9.699,19.339,0.0,0.284,,
MAHARASHTRA,Kolhapur,KAGAL,15,86.973,0.1631,1.951,80.462,0.0,6.512,,
MAHARASHTRA,Kolhapur,KARVEER,3,30.754,0.0473,8.847,30.754,0.0,0.0,,
KARNATAKA,Belagavi,NIPPANI,27,64.751,0.1568,0.133,42.521,9.818,12.412,,
KARNATAKA,Belagavi,CHIKODI,77,265.452,0.323,2.789,87.989,135.089,42.374,,
KARNATAKA,Belagavi,MUDALAGI,121,349.395,0.6781,1.849,54.869,155.366,139.16,,
KARNATAKA,Belagavi,RAYBAG,116,413.895,0.4447,0.05,144.694,213.137,55.935,,
KARNATAKA,Belagavi,KAGAWADA,9,58.59,0.1382,4.251,55.101,2.639,0.851,,
MAHARASHTRA,Kolhapur,SHIROL,1,6.87,0.014,8.816,6.87,0.0,0.0,,
MAHARASHTRA,Sangli,MIRAJ,61,240.75,0.2665,0.337,118.489,50.42,71.841,,
MAHARASHTRA,Sangli,TASGAON,48,247.02,0.3236,2.415,176.273,28.556,17.725,,
MAHARASHTRA,Sangli,KAVATHEMAHANKAL,36,186.915,0.26,0.169,112.417,36.829,37.669,,
KARNATAKA,Belagavi,ATHNI,103,362.548,0.2389,0.265,205.553,101.55,40.808,,
MAHARASHTRA,Sangli,JATH,51,308.706,0.1413,6.472,198.102,62.154,48.45,,
KARNATAKA,Bagalkote,JAMKHANDI,93,266.842,0.3157,2.149,71.353,102.238,75.063,,
KARNATAKA,Bagalkote,RABAKAVI BANAHATTI,44,156.879,0.4325,0.677,30.715,83.241,42.923,,
KARNATAKA,Bagalkote,MUDHOL,115,396.415,0.4604,1.448,98.488,171.07,126.856,,
KARNATAKA,Gadag,NARAGUND,209,436.066,1.0189,0.541,53.598,98.363,284.106,,
KARNATAKA,Belagavi,RAMDURG,176,480.809,0.4007,0.096,153.266,215.212,112.331,,
KARNATAKA,Belagavi,SAVADATHI,229,671.777,0.4342,3.13,282.234,195.252,176.771,,
KARNATAKA,Belagavi,GOKAK,185,579.722,0.5887,0.146,155.679,227.216,184.777,,
KARNATAKA,Belagavi,BYLAHONGAL,39,140.808,0.189,0.543,105.357,0.0,30.974,,
KARNATAKA,Belagavi,KITTUR,1,2.355,0.0067,11.806,2.355,0.0,0.0,,
KARNATAKA,Dharwad,ALNAVAR,0,0.0,0.0,27.409,0.0,0.0,0.0,,
KARNATAKA,Dharwad,DHARWAD,0,0.0,0.0,12.851,0.0,0.0,0.0,,
KARNATAKA,Dharwad,HUBALI URBAN,0,0.0,0.0,16.509,0.0,0.0,0.0,,
KARNATAKA,Dharwad,HUBBALLI,46,104.197,0.1936,2.262,14.175,37.118,52.903,,
KARNATAKA,Dharwad,NAVALGUND,333,647.497,0.9612,0.018,36.577,202.851,408.07,,
KARNATAKA,Dharwad,ANNIGERI,63,113.333,0.2949,3.935,38.162,35.766,39.405,,
KARNATAKA,Dharwad,KUNDGOL,0,0.0,0.0,14.285,0.0,0.0,0.0,,
KARNATAKA,Haveri,SHIGGAON,0,0.0,0.0,12.074,0.0,0.0,0.0,,
KARNATAKA,Haveri,SAVANUR,0,0.0,0.0,9.295,0.0,0.0,0.0,,
KARNATAKA,Haveri,BYADGI,5,23.778,0.0557,9.026,10.238,13.54,0.0,,
KARNATAKA,Haveri,HIREKERUR,2,6.59,0.0171,7.61,0.0,0.0,0.0,,
KARNATAKA,Shivamogga,SORAB,0,0.0,0.0,29.952,0.0,0.0,0.0,,
KARNATAKA,Haveri,HANAGAL,15,106.721,0.1405,0.324,57.722,18.639,21.006,,
KARNATAKA,Uttara Kannada,SIRSI,0,0.0,0.0,28.617,0.0,0.0,0.0,,
KARNATAKA,Uttara Kannada,SIDDAPUR,0,0.0,0.0,46.84,0.0,0.0,0.0,,
KARNATAKA,Uttara Kannada,YELLAPUR,0,0.0,0.0,29.67,0.0,0.0,0.0,,
KARNATAKA,Uttara Kannada,MUNDGOD,4,19.14,0.0287,11.37,12.216,0.0,6.924,,
KARNATAKA,Dharwad,KALGHATGI,0,0.0,0.0,18.232,0.0,0.0,0.0,,
KARNATAKA,Uttara Kannada,HALIYAL,0,0.0,0.0,32.967,0.0,0.0,0.0,,
KARNATAKA,Uttara Kannada,Dandeli,0,0.0,0.0,43.197,0.0,0.0,0.0,,
KARNATAKA,Uttara Kannada,SUPA,0,0.0,0.0,30.644,0.0,0.0,0.0,,
GOA,South Goa,SANGUEM,1,5.604,0.0111,7.232,5.604,0.0,0.0,,
KARNATAKA,Uttara Kannada,KARWAR,0,0.0,0.0,37.346,0.0,0.0,0.0,,
KARNATAKA,Uttara Kannada,ANKOLA,0,0.0,0.0,63.636,0.0,0.0,0.0,,
KARNATAKA,Uttara Kannada,KUMTA,0,0.0,0.0,68.227,0.0,0.0,0.0,,
GOA,South Goa,CANACONA,0,0.0,0.0,21.049,0.0,0.0,0.0,,
GOA,South Goa,QUEPEM,9,41.137,0.1299,3.828,24.325,10.352,6.46,,
GOA,South Goa,SALCETE,10,39.822,0.1371,0.604,18.621,18.266,2.935,,
GOA,South Goa,MORMUGAO,0,0.0,0.0,16.794,0.0,0.0,0.0,,
GOA,North Goa,TISWADI,1,0.383,0.0019,8.446,0.0,0.383,0.0,,
GOA,North Goa,PERNEM,14,51.646,0.2133,0.043,28.353,17.073,6.22,,
GOA,North Goa,BARDEZ,12,29.539,0.1162,4.19,8.81,10.138,10.59,,
GOA,North Goa,BICHOLIM,8,55.343,0.2307,0.607,48.694,0.0,6.649,,
MAHARASHTRA,Sindhudurg,DODAMARG,13,60.951,0.125,0.142,48.724,7.304,1.154,,
GOA,North Goa,SATARI,2,25.365,0.0492,10.127,25.365,0.0,0.0,,
GOA,North Goa,PONDA,0,0.0,0.0,15.015,0.0,0.0,0.0,,
GOA,South Goa,Dharbandora,0,0.0,0.0,17.478,0.0,0.0,0.0,,
KARNATAKA,Belagavi,KHANAPUR,0,0.0,0.0,30.339,0.0,0.0,0.0,,
MAHARASHTRA,Kolhapur,CHANDGAD,4,97.646,0.1047,1.406,0.0,0.0,0.0,,
KARNATAKA,Belagavi,BELAGAVI,6,14.6,0.0144,15.352,7.127,2.641,0.0,,
KARNATAKA,Belagavi,HUKERI,64,273.442,0.2815,0.311,138.419,108.11,26.481,,
MAHARASHTRA,Kolhapur,GADHINGLAJ,0,0.0,0.0,11.695,0.0,0.0,0.0,,
MAHARASHTRA,Kolhapur,AJARA,0,0.0,0.0,21.185,0.0,0.0,0.0,,
MAHARASHTRA,Sindhudurg,SAWANTWADI,6,49.523,0.0585,2.416,30.601,0.171,7.294,2220.11,
MAHARASHTRA,Sindhudurg,KUDAL,2,64.335,0.0793,2.295,0.0,0.0,0.0,17779.89,
MAHARASHTRA,Sindhudurg,MALVAN,0,0.0,0.0,21.11,0.0,0.0,0.0,,
MAHARASHTRA,Sindhudurg,VENGURLA,0,0.0,0.0,10.634,0.0,0.0,0.0,,
MAHARASHTRA,Sindhudurg,DEOGAD,4,30.961,0.0399,12.189,0.433,0.0,0.0,,
MAHARASHTRA,Ratnagiri,RAJAPUR,11,153.858,0.1301,8.409,109.745,0.0,0.0,,
MAHARASHTRA,Ratnagiri,LANJA,1,34.962,0.0473,7.778,34.962,0.0,0.0,,
MAHARASHTRA,Ratnagiri,SANGMESHWAR,5,31.463,0.0254,17.931,31.463,0.0,0.0,,
MAHARASHTRA,Ratnagiri,RATNAGIRI,0,0.0,0.0,29.047,0.0,0.0,0.0,,
MAHARASHTRA,Ratnagiri,GUHAGAR,0,0.0,0.0,22.475,0.0,0.0,0.0,,
MAHARASHTRA,Ratnagiri,CHIPALUN,14,40.98,0.0374,7.627,40.98,0.0,0.0,,
MAHARASHTRA,Ratnagiri,DAPOLI,0,0.0,0.0,20.056,0.0,0.0,0.0,,
MAHARASHTRA,Ratnagiri,KHED,2,26.342,0.0261,1.999,26.342,0.0,0.0,,
MAHARASHTRA,Raigad,POLADPUR,0,0.0,0.0,18.949,0.0,0.0,0.0,,
MAHARASHTRA,Raigad,MAHAD,1,0.653,0.0008,13.133,0.653,0.0,0.0,,
MAHARASHTRA,Raigad,MHASALA,0,0.0,0.0,14.727,0.0,0.0,0.0,,
MAHARASHTRA,Ratnagiri,MANDANGAD,0,0.0,0.0,20.058,0.0,0.0,0.0,,
GUJARAT,Gir Somnath,PATAN VERAVAL,11,30.26,0.0856,0.655,4.409,0.0,25.851,,
GUJARAT,Gir Somnath,SUTRAPADA,0,0.0,0.0,12.189,0.0,0.0,0.0,,
GUJARAT,Gir Somnath,KODINAR,17,65.725,0.1362,1.823,15.385,19.652,30.688,,
GUJARAT,Amreli,JAFRABAD,1,0.187,0.0005,5.414,0.0,0.187,0.0,,
"DADRA,NAGAR HAVELI,DAMAN & DIU",Diu,DIU,0,0.0,0.0,16.961,0.0,0.0,0.0,,
GUJARAT,Gir Somnath,UNA,6,15.531,0.0303,4.092,11.888,3.643,0.0,,
GUJARAT,Gir Somnath,GirGadhda,5,43.513,0.099,0.853,40.87,2.643,0.0,,
GUJARAT,Amreli,DHARI,2,6.1,0.006,16.596,6.1,0.0,0.0,,
GUJARAT,Amreli,KHAMBHA,2,5.174,0.009,20.225,4.431,0.742,0.0,,
GUJARAT,Amreli,RAJULA,4,12.647,0.0199,5.433,10.967,1.681,0.0,,
GUJARAT,Bhavnagar,MAHUVA,14,83.777,0.0859,6.707,52.261,12.361,19.155,,
GUJARAT,Bhavnagar,JESAR,1,0.025,0.0001,10.747,0.025,0.0,0.0,,
GUJARAT,Amreli,SAVERKUNDLA,5,16.105,0.0159,9.12,13.281,2.824,0.0,,
GUJARAT,Amreli,LILIA,0,0.0,0.0,14.397,0.0,0.0,0.0,,
GUJARAT,Bhavnagar,GARIADHAR,0,0.0,0.0,20.509,0.0,0.0,0.0,,
GUJARAT,Bhavnagar,PALITANA,18,38.589,0.0641,9.534,25.137,0.0,13.451,,
GUJARAT,Bhavnagar,UMRALA,38,117.826,0.3024,0.152,45.543,10.269,62.014,,
GUJARAT,Botad,GADHADA,25,83.911,0.0969,4.229,48.995,9.381,25.535,,
GUJARAT,Amreli,LATHI,0,0.0,0.0,18.16,0.0,0.0,0.0,,
GUJARAT,Amreli,BABRA,0,0.0,0.0,29.401,0.0,0.0,0.0,,
GUJARAT,Amreli,AMRELI,19,65.894,0.0823,1.899,16.859,21.388,27.648,,
GUJARAT,Amreli,BAGASARA,4,23.815,0.0639,1.562,22.096,1.719,0.0,,
GUJARAT,Amreli,KUNKAVAV -VADIA,0,0.0,0.0,18.063,0.0,0.0,0.0,,
GUJARAT,Rajkot,JETPUR,15,98.805,0.1507,1.183,79.064,14.829,4.912,,
GUJARAT,Junagadh,JUNAGADH,18,50.846,0.0781,10.518,10.338,14.317,26.19,,
GUJARAT,Junagadh,BHESAN,2,1.609,0.0038,11.666,1.241,0.0,0.368,,
GUJARAT,Junagadh,VISAVADAR,7,22.552,0.0275,0.498,17.347,2.998,2.206,,
GUJARAT,Junagadh,MENDARDA,6,38.813,0.0267,7.636,34.013,0.0,4.8,,
GUJARAT,Gir Somnath,TALALA,13,27.517,0.0619,2.44,20.681,1.692,5.144,,
GUJARAT,Junagadh,MALIA,0,0.0,0.0,15.483,0.0,0.0,0.0,,
GUJARAT,Junagadh,MANGROL,0,0.0,0.0,22.259,0.0,0.0,0.0,,
GUJARAT,Junagadh,KESHOD,0,0.0,0.0,17.662,0.0,0.0,0.0,,
GUJARAT,Junagadh,MANAVADAR,6,24.876,0.0428,3.802,17.019,0.0,7.858,,
GUJARAT,Porbandar,KUTIYANA,7,26.288,0.0469,7.861,11.152,15.136,0.0,,
GUJARAT,Junagadh,VANTHALI,5,27.72,0.0731,2.503,10.853,11.179,5.687,,
GUJARAT,Rajkot,DHORAJI,44,150.459,0.3204,0.347,47.085,38.626,64.749,,
GUJARAT,Rajkot,JAMKANDORNA,5,19.359,0.0354,8.693,15.948,2.117,1.294,,
GUJARAT,Rajkot,UPLETA,32,120.768,0.1567,2.707,49.704,40.212,30.852,,
GUJARAT,Porbandar,RANAVAV,1,1.213,0.0022,13.245,0.0,1.213,0.0,,
GUJARAT,Porbandar,PORBANDAR,3,19.666,0.0178,26.063,19.666,0.0,0.0,,
GUJARAT,Devbhumi Dwarka,OKHAMANDAL,0,0.0,0.0,51.729,0.0,0.0,0.0,,
GUJARAT,Devbhumi Dwarka,KALYANPUR,5,12.082,0.0085,19.772,8.359,3.723,0.0,,
GUJARAT,Devbhumi Dwarka,BHANVAD,8,29.774,0.0445,7.339,24.041,5.732,0.0,,
GUJARAT,Jamnagar,LALPUR,2,5.885,0.0054,10.243,5.885,0.0,0.0,,
GUJARAT,Devbhumi Dwarka,KHAMBHALIA,3,23.335,0.0184,1.527,12.715,10.62,0.0,,
GUJARAT,Kachchh,MANDVI,1,48.62,0.035,8.163,48.62,0.0,0.0,,
GUJARAT,Kachchh,MUNDRA,27,107.088,0.1252,2.623,50.694,40.028,16.366,,
GUJARAT,Kachchh,BHUJ,13,34.298,0.0066,11.715,19.85,10.16,4.288,,
GUJARAT,Kachchh,NAKHATRANA,9,41.858,0.0218,8.662,24.794,8.713,8.351,,
GUJARAT,Kachchh,LAKHPAT,17,58.906,0.0321,5.557,36.1,4.627,18.179,,
GUJARAT,Kachchh,ABDASA,10,48.907,0.0215,9.75,23.197,24.783,0.926,,
GUJARAT,Kachchh,Marshy Land,4,11.408,0.0006,35.445,10.246,0.342,0.82,,
RAJASTHAN,Barmer,FAGLIYA,27,122.599,0.1498,3.508,0.0,37.07,85.529,,
RAJASTHAN,Barmer,SEDWA,0,0.0,0.0,24.837,0.0,0.0,0.0,,
RAJASTHAN,Barmer,DHANAU,0,0.0,0.0,38.421,0.0,0.0,0.0,,
RAJASTHAN,Barmer,CHOHTAN,0,0.0,0.0,63.981,0.0,0.0,0.0,,
RAJASTHAN,Barmer,RAMSAR,0,0.0,0.0,79.569,0.0,0.0,0.0,,
RAJASTHAN,Barmer,BARMER RURAL,0,0.0,0.0,51.483,0.0,0.0,0.0,,
RAJASTHAN,Barmer,AADEL,0,0.0,0.0,19.88,0.0,0.0,0.0,,
RAJASTHAN,Barmer,GUDHAMALANI,42,151.714,0.1844,1.591,17.949,19.742,114.024,,
RAJASTHAN,Barmer,DHORIMANNA,30,155.657,0.123,8.817,0.441,56.008,99.207,,
RAJASTHAN,Jalore,CHITALWANA,155,846.444,0.5246,0.176,94.695,175.197,576.552,,
RAJASTHAN,Jalore,SANCHORE,61,435.141,0.462,0.482,29.987,49.433,355.722,,
GUJARAT,Banas Kantha,THARAD,90,320.832,0.2602,6.169,81.412,90.586,148.834,,
GUJARAT,Banas Kantha,VAV,187,645.929,0.6146,0.605,62.171,278.641,305.117,,
GUJARAT,Banas Kantha,SUIGAM,88,293.712,0.4371,0.195,6.942,75.302,211.467,,
GUJARAT,Banas Kantha,BHABHAR,87,252.06,0.6058,0.658,36.107,83.202,132.752,,
GUJARAT,Banas Kantha,DEODAR,7,45.398,0.0926,9.241,39.045,3.406,2.947,,
GUJARAT,Patan,SAMI,156,538.863,0.663,0.531,70.012,171.14,297.71,,
GUJARAT,Patan,RADHANPUR,117,359.298,0.6211,0.382,16.007,87.753,255.538,,
GUJARAT,Patan,SANKHESHWAR,112,363.896,0.6087,0.459,18.618,109.355,235.923,,
GUJARAT,Surendranagar,DASADA,287,898.372,0.5945,0.888,60.117,261.809,576.446,,
GUJARAT,Surendranagar,LAKHTAR,143,504.11,0.7075,1.23,81.148,140.324,282.638,,
GUJARAT,Surendranagar,DHRANGADHRA,190,613.112,0.4529,1.824,123.12,203.587,286.405,,
GUJARAT,Morbi,HALVAD,174,600.262,0.5089,0.538,127.369,191.06,281.833,,
GUJARAT,Patan,SANTALPUR,168,430.574,0.3207,0.841,50.64,108.587,270.74,,
GUJARAT,Kachchh,RAPAR,135,546.451,0.1922,4.328,116.58,228.121,201.75,,
GUJARAT,Kachchh,BHACHAU,86,372.615,0.1934,5.512,57.356,119.465,195.794,,
GUJARAT,Kachchh,ANJAR,47,167.63,0.1486,5.113,41.886,62.969,62.775,,
GUJARAT,Kachchh,GANDHIDHAM,10,24.131,0.0959,1.312,7.017,7.56,9.555,,
GUJARAT,Morbi,MALIYA,40,126.009,0.1727,9.792,39.633,29.964,56.412,,
GUJARAT,Morbi,MORVI,91,320.319,0.2577,0.737,49.81,73.09,197.418,,
GUJARAT,Morbi,TANKARA,20,59.393,0.1063,1.075,34.116,25.278,0.0,,
GUJARAT,Rajkot,PADDHARI,9,32.133,0.0556,8.751,27.927,3.612,0.593,,
GUJARAT,Jamnagar,DHROL,15,49.529,0.091,9.204,39.164,1.078,9.287,748.5,106.48
GUJARAT,Jamnagar,JODIYA,23,74.507,0.1202,1.617,29.155,2.479,42.873,11269.5,5619.52
GUJARAT,Jamnagar,JAMNAGAR,15,71.965,0.0615,7.635,42.243,27.781,1.941,,
GUJARAT,Jamnagar,KALAVAD,6,23.347,0.0194,9.597,14.618,8.73,0.0,,
GUJARAT,Jamnagar,JAMJODHPUR,0,0.0,0.0,21.078,0.0,0.0,0.0,,
GUJARAT,Rajkot,LODHIKA,0,0.0,0.0,19.255,0.0,0.0,0.0,,
GUJARAT,Rajkot,RAJKOT,1,0.858,0.0008,15.876,0.858,0.0,0.0,,
GUJARAT,Rajkot,KOTDA SANGANI,9,18.975,0.0444,3.886,7.424,9.752,1.799,,
GUJARAT,Rajkot,GONDAL,5,7.656,0.0066,8.12,3.513,3.61,0.533,,
GUJARAT,Rajkot,JASDAN,0,0.0,0.0,30.049,0.0,0.0,0.0,,
GUJARAT,Rajkot,VINCHHIYA,0,0.0,0.0,16.792,0.0,0.0,0.0,,
GUJARAT,Surendranagar,CHOTILA,0,0.0,0.0,25.718,0.0,0.0,0.0,,
GUJARAT,Morbi,WANKANER,8,75.131,0.0695,0.529,51.749,23.381,0.0,,
GUJARAT,Surendranagar,MULI,7,24.384,0.028,11.635,21.517,2.105,0.763,,
GUJARAT,Surendranagar,THANGADH,0,0.0,0.0,19.23,0.0,0.0,0.0,,
GUJARAT,Surendranagar,SAYLA,14,49.245,0.0535,5.803,36.585,2.138,10.523,,
GUJARAT,Surendranagar,WADHWAN,119,360.091,0.4685,0.086,98.662,92.969,168.459,,
GUJARAT,Surendranagar,CHUDA,92,233.05,0.4712,0.59,32.456,53.739,146.854,,
GUJARAT,Botad,RANPUR,94,234.75,0.5114,0.842,50.374,64.194,120.182,,
GUJARAT,Botad,BOTAD,64,160.655,0.2215,6.137,52.386,40.032,68.237,,
GUJARAT,Bhavnagar,VALLABHIPUR,87,324.58,0.5508,0.072,30.7,120.566,173.314,,
GUJARAT,Botad,BARVALA,69,205.911,0.6115,1.329,33.139,69.258,103.515,,
GUJARAT,Ahmadabad,Dholera,104,290.818,0.2305,6.054,0.0,39.578,249.684,,
GUJARAT,Bharuch,JAMBUSAR,208,584.295,0.6638,0.004,51.145,123.851,408.925,,
GUJARAT,Anand,KHAMBHAT,47,140.558,0.1316,4.385,0.56,62.263,77.735,,
GUJARAT,Ahmadabad,DHOLKA,151,463.58,0.502,0.183,50.612,126.276,286.692,,
GUJARAT,Anand,TARAPUR,74,214.144,0.6636,0.306,15.884,59.114,135.344,,
GUJARAT,Anand,SOJITRA,19,64.755,0.4431,0.193,19.163,21.519,24.073,,
GUJARAT,Kheda,MATAR,52,185.222,0.5483,0.783,27.13,57.617,100.474,,
GUJARAT,Kheda,KHEDA,16,68.043,0.2315,1.286,24.266,28.965,14.032,,
GUJARAT,Ahmadabad,BAVLA,83,199.58,0.2629,0.053,3.145,66.757,129.678,,
GUJARAT,Ahmadabad,DHANDHUKA,149,506.128,0.7571,0.045,40.966,130.127,335.009,,
GUJARAT,Surendranagar,LIMBDI,206,697.363,0.6163,0.443,36.13,186.078,475.155,,
GUJARAT,Ahmadabad,VIRAMGAM,147,593.384,0.6804,0.189,75.642,255.307,262.435,,
GUJARAT,Ahmadabad,SANAND,107,319.884,0.4155,0.104,66.558,90.105,163.222,,
GUJARAT,Ahmadabad,DETROJ RAMPURA,108,288.74,0.9003,0.32,53.953,105.349,129.437,,
GUJARAT,Ahmadabad,MANDAL,141,386.358,0.842,0.645,32.97,107.285,246.103,,
GUJARAT,Patan,HARIJ,95,305.038,0.6916,0.34,55.516,119.369,130.153,,
GUJARAT,Patan,CHANASMA,28,92.075,0.2094,5.661,20.036,26.166,45.872,,
GUJARAT,Patan,PATAN,9,55.941,0.1242,4.625,38.463,8.608,8.87,,
GUJARAT,Mahesana,BECHRAJI,89,269.332,0.6782,0.528,38.837,76.438,153.557,,
GUJARAT,Mahesana,JOTANA,13,29.225,0.1351,4.964,12.024,5.132,12.069,,
GUJARAT,Mahesana,MAHESANA,3,27.788,0.0427,12.108,25.256,2.533,0.0,,
GUJARAT,Mahesana,UNJHA,14,73.637,0.2448,4.536,44.622,0.0,29.015,,
GUJARAT,Mahesana,VISNAGAR,11,106.574,0.2306,0.54,22.635,62.374,21.565,,
GUJARAT,Mahesana,VADNAGAR,10,86.374,0.2759,2.003,25.859,56.907,3.608,,
GUJARAT,Mahesana,VIJAPUR,16,115.818,0.2117,0.005,0.603,100.388,14.827,,
GUJARAT,Gandhinagar,MANSA,1,26.598,0.0756,2.389,26.598,0.0,0.0,,
GUJARAT,Gandhinagar,GANDHINAGAR,10,39.065,0.0606,10.934,25.593,11.17,2.302,,
GUJARAT,Gandhinagar,KALOL,19,74.644,0.1628,2.964,28.503,24.148,21.993,,
GUJARAT,Mahesana,KADI,173,547.429,0.7239,0.152,107.541,188.789,251.099,,
GUJARAT,Ahmadabad,AHMADABAD CITY,9,46.815,0.1219,5.396,16.998,23.064,0.0,,
GUJARAT,Ahmadabad,DASKROI,107,301.461,0.5501,0.288,64.382,123.067,114.012,,
GUJARAT,Kheda,KATHLAL,83,208.6,0.6112,0.393,43.003,67.586,98.012,,
GUJARAT,Kheda,KAPADVANJ,25,75.392,0.1189,5.305,29.747,23.836,21.809,,
GUJARAT,Gandhinagar,DEHGAM,27,101.967,0.1799,9.035,27.975,30.503,43.489,,
GUJARAT,Sabar Kantha,PRANTIJ,17,106.079,0.2661,1.909,23.026,57.216,25.837,,
GUJARAT,Sabar Kantha,HIMATNAGAR,23,115.228,0.1404,2.35,71.989,19.208,24.031,,
GUJARAT,Sabar Kantha,TALOD,1,22.212,0.0532,3.255,22.212,0.0,0.0,,
GUJARAT,Arvalli,DHANSURA,15,67.697,0.1749,0.176,30.272,17.221,20.204,,
GUJARAT,Arvalli,MODASA,19,86.374,0.1456,1.755,46.26,30.088,10.026,,
GUJARAT,Arvalli,BHILODA,3,7.736,0.0129,12.273,6.311,1.426,0.0,,
RAJASTHAN,Dungarpur,BICHIWARA,0,0.0,0.0,18.427,0.0,0.0,0.0,,
GUJARAT,Arvalli,MEGHRAJ,3,12.566,0.0237,3.391,10.294,0.0,2.272,,
GUJARAT,Arvalli,MALPUR,6,24.054,0.0683,7.991,22.684,0.0,1.37,,
GUJARAT,Mahisagar,KHANPUR,10,50.892,0.1599,2.968,41.21,5.217,3.906,,
GUJARAT,Mahisagar,LUNAWADA,46,164.394,0.2742,2.814,71.377,43.202,49.816,,
GUJARAT,Mahisagar,VIRPUR,5,40.567,0.1627,1.576,35.698,4.869,0.0,,
GUJARAT,Arvalli,BAYAD,11,114.887,0.2017,1.271,78.029,7.537,29.32,,
GUJARAT,Mahisagar,BALASINOR,2,10.536,0.0359,5.504,10.536,0.0,0.0,,
GUJARAT,Panch Mahals,SHEHERA,61,156.265,0.2578,0.289,60.135,29.77,65.148,,
GUJARAT,Panch Mahals,GODHRA,74,171.329,0.2339,0.398,67.35,39.981,63.998,,
GUJARAT,Panch Mahals,KALOL,48,141.94,0.3685,3.273,66.979,28.725,46.236,,
GUJARAT,Panch Mahals,HALOL,18,46.764,0.0936,9.603,27.594,13.017,6.153,,
GUJARAT,Vadodara,SAVLI,137,403.514,0.7411,0.553,78.52,130.516,194.478,,
GUJARAT,Vadodara,DESAR,53,125.277,0.5692,0.467,21.003,26.804,77.47,,
GUJARAT,Kheda,GALTESHWAR,17,82.598,0.3773,0.149,41.096,6.024,35.478,,
GUJARAT,Kheda,THASRA,39,134.969,0.3187,0.698,49.293,29.096,56.581,,
GUJARAT,Anand,UMRETH,33,103.845,0.4597,0.117,37.094,14.986,51.765,,
GUJARAT,Kheda,MAHUDHA,13,30.494,0.1283,5.921,12.71,9.917,7.867,,
GUJARAT,Kheda,MEHMEDABAD,35,124.418,0.33,2.191,26.679,55.077,42.662,,
GUJARAT,Kheda,VASO,14,42.62,0.3464,1.102,15.002,1.224,26.395,,
GUJARAT,Kheda,NADIAD,8,44.606,0.1379,0.494,29.615,0.0,14.991,,
GUJARAT,Anand,PETLAD,5,45.323,0.1603,5.338,7.952,22.274,15.097,,
GUJARAT,Anand,ANAND,21,94.743,0.2215,0.298,20.581,18.557,55.605,,
GUJARAT,Vadodara,VADODARA(CITY AND RURAL),127,298.967,0.4631,2.565,55.809,88.944,154.213,,
GUJARAT,Vadodara,PADRA,166,456.83,0.886,1.16,57.7,100.503,298.627,,
GUJARAT,Anand,ANKLAV,0,0.0,0.0,9.195,0.0,0.0,0.0,,
GUJARAT,Anand,BORSAD,2,33.643,0.0832,1.504,33.291,0.0,0.352,,
GUJARAT,Bharuch,AMOD,148,360.029,0.8371,0.112,47.742,103.342,208.945,,
GUJARAT,Vadodara,KARJAN,274,624.177,1.0857,0.028,62.304,151.446,410.427,,
GUJARAT,Vadodara,SHINOR,97,229.985,0.8181,0.457,47.838,46.94,135.208,,
GUJARAT,Vadodara,DABHOI,167,490.095,0.801,0.716,70.726,121.292,298.077,,
GUJARAT,Vadodara,WAGHODIA,189,464.653,0.8523,0.01,75.706,107.419,281.529,,
GUJARAT,Chhotaudepur,SANKHEDA,117,355.446,0.8784,1.411,66.95,111.89,176.606,,
GUJARAT,Narmada,TILAKWADA,54,143.81,0.6066,1.243,10.293,44.28,89.237,,
GUJARAT,Chhotaudepur,NASWADI,40,104.78,0.2022,7.108,29.259,33.197,42.323,,
GUJARAT,Chhotaudepur,KAWANT,5,14.82,0.025,1.629,11.443,0.0,3.377,,
GUJARAT,Chhotaudepur,CHHOTA UDEPUR,8,17.629,0.0237,11.68,3.105,7.795,6.729,,
GUJARAT,Chhotaudepur,JETPUR PAVI,18,52.977,0.0995,0.247,9.941,20.636,22.401,,
GUJARAT,Chhotaudepur,Bodeli,66,206.787,0.3855,0.509,68.088,46.16,92.54,,
GUJARAT,Panch Mahals,JAMBUGHODA,11,41.895,0.2962,0.068,19.824,12.438,9.632,,
GUJARAT,Panch Mahals,GHOGHAMBA,4,22.464,0.0466,4.86,19.892,1.949,0.623,,
GUJARAT,Dohad,DEVGAD BARIYA,6,16.454,0.0295,4.052,11.639,4.816,0.0,,
GUJARAT,Dohad,LIMKHEDA,2,9.516,0.028,4.394,9.516,0.0,0.0,,
GUJARAT,Dohad,DHANPUR,5,10.61,0.0234,10.293,8.52,2.09,0.0,,
GUJARAT,Dohad,DAHOD,5,31.19,0.0524,1.358,17.941,13.249,0.0,,
GUJARAT,Dohad,GARBADA,2,7.104,0.0284,2.583,7.104,0.0,0.0,,
MADHYA PRADESH,Jhabua,JHABUA,0,0.0,0.0,16.532,0.0,0.0,0.0,,
MADHYA PRADESH,Jhabua,RANAPUR,10,16.349,0.0422,3.188,8.244,0.0,8.105,,
MADHYA PRADESH,Alirajpur,BHABRA,0,0.0,0.0,17.594,0.0,0.0,0.0,,
MADHYA PRADESH,Alirajpur,UDAIGARH,2,3.719,0.0106,12.189,0.777,0.0,2.942,,
MADHYA PRADESH,Alirajpur,ALIRAJPUR,0,0.0,0.0,17.945,0.0,0.0,0.0,,
MADHYA PRADESH,Alirajpur,KATTHIWADA,0,0.0,0.0,33.607,0.0,0.0,0.0,,
MADHYA PRADESH,Alirajpur,SONDWA,0,0.0,0.0,32.753,0.0,0.0,0.0,,
MADHYA PRADESH,Dhar,DAHI,14,34.049,0.0777,7.282,13.937,11.641,8.47,,
MADHYA PRADESH,Alirajpur,JOBAT,1,2.616,0.0072,10.798,2.616,0.0,0.0,,
MADHYA PRADESH,Dhar,KUKSHI,26,64.515,0.197,4.734,12.45,36.37,15.695,,
MADHYA PRADESH,Dhar,NISARPUR,56,126.802,0.3569,0.87,6.967,34.117,85.718,,
MADHYA PRADESH,Barwani,THIKRI,80,304.024,0.5498,0.445,56.906,100.204,146.76,,
MADHYA PRADESH,Dhar,DHARAMPURI,74,181.459,0.4424,0.676,59.385,19.405,90.742,,
MADHYA PRADESH,Dhar,UMARBAN,77,188.59,0.4126,0.409,59.61,36.995,88.42,,
MADHYA PRADESH,Dhar,MANAWAR,108,288.274,0.5113,2.387,72.431,73.467,140.812,,
MADHYA PRADESH,Dhar,GANDHWANI,31,90.046,0.1275,6.697,15.744,19.941,54.361,,
MADHYA PRADESH,Dhar,TIRLA,1,2.532,0.0045,25.252,2.532,0.0,0.0,,
MADHYA PRADESH,Dhar,NALCHHA,0,0.0,0.0,32.467,0.0,0.0,0.0,,
MADHYA PRADESH,Dhar,SARDARPUR,68,111.575,0.0944,5.513,31.286,1.225,79.064,,
MADHYA PRADESH,Dhar,BAGH,0,0.0,0.0,23.374,0.0,0.0,0.0,,
MADHYA PRADESH,Jhabua,RAMA,4,7.315,0.0134,13.27,4.939,1.944,0.431,,
MADHYA PRADESH,Ratlam,BAJNA,29,75.268,0.1156,9.438,13.113,24.184,37.971,,
MADHYA PRADESH,Jhabua,PETLAWAD,65,262.345,0.2856,0.779,66.423,53.311,142.611,,
MADHYA PRADESH,Dhar,BADNAWAR,10,13.555,0.0135,12.776,0.0,3.388,10.167,,
MADHYA PRADESH,Ujjain,BADNAGAR,0,0.0,0.0,37.113,0.0,0.0,0.0,,
MADHYA PRADESH,Ratlam,RATLAM,0,0.0,0.0,18.017,0.0,0.0,0.0,,
MADHYA PRADESH,Ujjain,KHACHAROD,0,0.0,0.0,29.502,0.0,0.0,0.0,,
MADHYA PRADESH,Ratlam,ALOT,1,0.893,0.001,15.104,0.0,0.0,0.893,,
MADHYA PRADESH,Ratlam,JAORA,0,0.0,0.0,42.235,0.0,0.0,0.0,,
RAJASTHAN,Pratapgarh,DALOT,0,0.0,0.0,27.774,0.0,0.0,0.0,,
MADHYA PRADESH,Ratlam,PIPLODA,0,0.0,0.0,35.252,0.0,0.0,0.0,,
MADHYA PRADESH,Ratlam,SAILANA,12,19.395,0.0376,4.667,11.106,1.811,6.477,,
RAJASTHAN,Banswara,CHHOTI SARWAN,0,0.0,0.0,13.147,0.0,0.0,0.0,,
RAJASTHAN,Pratapgarh,PEEPAL KHOONT,1,1.393,0.0032,10.76,0.0,0.0,1.393,,
RAJASTHAN,Banswara,GHATOL,73,357.158,0.4845,0.594,102.683,36.996,205.058,,
RAJASTHAN,Banswara,GARHI,8,62.667,0.1408,3.484,18.629,29.839,14.199,,
RAJASTHAN,Banswara,ARTHUNA,3,42.697,0.1808,1.471,0.0,32.83,9.867,,
RAJASTHAN,Banswara,BAGIDORA,13,68.708,0.2355,1.243,23.259,28.132,17.317,,
RAJASTHAN,Banswara,TALWARA,27,96.938,0.3773,1.178,34.824,26.353,35.761,,
RAJASTHAN,Banswara,BANSWARA,21,65.913,0.1297,6.065,33.366,0.0,29.575,,
RAJASTHAN,Banswara,KUSHALGARH,0,0.0,0.0,21.559,0.0,0.0,0.0,,
MADHYA PRADESH,Jhabua,THANDLA,0,0.0,0.0,7.052,0.0,0.0,0.0,,
MADHYA PRADESH,Jhabua,MEGHNAGAR,0,0.0,0.0,21.964,0.0,0.0,0.0,,
GUJARAT,Dohad,JHALOD,2,23.583,0.0375,3.141,23.583,0.0,0.0,,
RAJASTHAN,Banswara,SAJJANGARH,0,0.0,0.0,11.918,0.0,0.0,0.0,,
RAJASTHAN,Banswara,GANGAR TALAI,0,0.0,0.0,10.772,0.0,0.0,0.0,,
GUJARAT,Dohad,FATEPURA,0,0.0,0.0,13.475,0.0,0.0,0.0,,
GUJARAT,Dohad,SINGVAD,4,8.187,0.0349,5.722,8.187,0.0,0.0,,
GUJARAT,Dohad,SANJELI,0,0.0,0.0,10.789,0.0,0.0,0.0,,
GUJARAT,Panch Mahals,MORVAHADAF,4,25.648,0.0821,3.121,25.648,0.0,0.0,,
GUJARAT,Mahisagar,SANTRAMPUR,1,5.32,0.0097,8.242,5.32,0.0,0.0,,
GUJARAT,Mahisagar,KADANA,26,86.738,0.2128,0.697,57.739,0.0,27.718,,
RAJASTHAN,Dungarpur,SIMALWARA,0,0.0,0.0,13.946,0.0,0.0,0.0,,
RAJASTHAN,Dungarpur,CHIKHALI,0,0.0,0.0,11.342,0.0,0.0,0.0,,
RAJASTHAN,Banswara,ANANDPURI,30,143.554,0.4496,0.783,22.257,1.964,119.334,,
RAJASTHAN,Dungarpur,GALIYAKOAT,0,0.0,0.0,9.337,0.0,0.0,0.0,,
RAJASTHAN,Dungarpur,SAGWARA,0,0.0,0.0,13.696,0.0,0.0,0.0,,
RAJASTHAN,Dungarpur,JOTHARI,0,0.0,0.0,20.191,0.0,0.0,0.0,,
RAJASTHAN,Dungarpur,DUNGARPUR,0,0.0,0.0,13.898,0.0,0.0,0.0,,
RAJASTHAN,Dungarpur,DOVADA,0,0.0,0.0,13.832,0.0,0.0,0.0,,
RAJASTHAN,Dungarpur,ASPUR,25,77.006,0.2335,1.014,48.239,10.152,18.614,,
RAJASTHAN,Salumbar,SEMARI,8,18.673,0.1519,1.57,7.512,2.979,8.182,,
RAJASTHAN,Salumbar,SALUMBAR,54,136.483,0.2133,0.584,57.625,2.322,69.818,,
RAJASTHAN,Salumbar,SARADA,13,27.614,0.076,8.513,6.203,0.351,20.05,,
RAJASTHAN,Udaipur,RISHBHDEO,8,57.694,0.0974,7.058,47.541,0.0,10.153,,
RAJASTHAN,Udaipur,GIRWA,0,0.0,0.0,18.756,0.0,0.0,0.0,,
RAJASTHAN,Salumbar,JAISAMAND,31,104.742,0.2389,1.511,26.355,13.222,58.283,,
RAJASTHAN,Udaipur,MAVLI,20,87.985,0.1097,5.642,45.203,5.244,37.538,,
RAJASTHAN,Udaipur,VALLABHNAGAR,6,33.813,0.0812,4.651,24.688,6.549,0.0,,
RAJASTHAN,Udaipur,KURABAD,4,13.345,0.0259,7.449,10.672,0.0,2.673,,
RAJASTHAN,Udaipur,BHINDER,0,0.0,0.0,23.692,0.0,0.0,0.0,,
RAJASTHAN,Udaipur,NAYAGAON,0,0.0,0.0,10.579,0.0,0.0,0.0,,
RAJASTHAN,Chittorgarh,DUNGLA,7,28.275,0.0593,5.611,18.033,0.0,10.242,,
RAJASTHAN,Chittorgarh,BHADESAR,7,23.602,0.0459,3.961,6.762,0.0,16.84,,
RAJASTHAN,Chittorgarh,BARI SADRI,5,16.675,0.0341,10.011,12.4,0.0,4.275,,
RAJASTHAN,Pratapgarh,DHARIAWAD,59,212.204,0.2465,0.778,83.726,57.803,67.852,,
RAJASTHAN,Salumbar,LASADIYA,0,0.0,0.0,19.94,0.0,0.0,0.0,,
RAJASTHAN,Salumbar,JHALLARA,21,93.052,0.2518,0.161,12.871,31.519,23.786,,
RAJASTHAN,Dungarpur,SABLA,39,168.118,0.4771,1.431,36.773,56.416,74.929,,
RAJASTHAN,Pratapgarh,SUHAGPURA,2,1.582,0.0042,11.775,1.48,0.0,0.102,,
RAJASTHAN,Pratapgarh,PRATAPGARH,2,5.57,0.01,8.328,1.8,0.0,3.769,,
RAJASTHAN,Pratapgarh,DHAMOTAR,3,4.79,0.0067,13.734,3.847,0.0,0.944,,
RAJASTHAN,Pratapgarh,ARNOD,0,0.0,0.0,29.598,0.0,0.0,0.0,,
MADHYA PRADESH,Mandsaur,MANDSAUR,0,0.0,0.0,29.606,0.0,0.0,0.0,,
MADHYA PRADESH,Mandsaur,MALHARGARH,2,7.888,0.0102,8.166,5.046,0.0,2.842,,
MADHYA PRADESH,Neemuch,MANASA,0,0.0,0.0,27.596,0.0,0.0,0.0,,
MADHYA PRADESH,Neemuch,NEEMUCH,0,0.0,0.0,12.412,0.0,0.0,0.0,,
RAJASTHAN,Pratapgarh,CHHOTI SADRI,0,0.0,0.0,25.37,0.0,0.0,0.0,,
RAJASTHAN,Chittorgarh,NIMBAHERA,7,36.711,0.0456,8.654,33.26,0.0,3.451,,
RAJASTHAN,Chittorgarh,CHITTORGARH,20,104.135,0.1097,1.934,60.498,0.0,43.638,,
RAJASTHAN,Chittorgarh,GANGRAR,0,0.0,0.0,11.807,0.0,0.0,0.0,,
RAJASTHAN,Chittorgarh,BEGUN,15,55.627,0.0629,14.654,19.511,12.276,23.84,,
MADHYA PRADESH,Neemuch,JAWAD,9,38.521,0.0254,17.371,20.914,12.28,5.327,,
RAJASTHAN,Bhilwara,BIJOLIYA,0,0.0,0.0,15.072,0.0,0.0,0.0,,
RAJASTHAN,Bhilwara,MANDALGARH,32,80.342,0.0997,0.415,44.587,5.742,30.013,,
RAJASTHAN,Shahpura,JAHAZPUR,0,0.0,0.0,23.07,0.0,0.0,0.0,,
RAJASTHAN,Shahpura,SHAHPURA,24,147.352,0.1354,1.228,77.795,39.066,28.333,,
RAJASTHAN,Shahpura,KOTRI,21,55.508,0.0618,4.962,36.265,3.965,15.278,,
RAJASTHAN,Bhilwara,SUWANA,30,124.639,0.1333,0.317,38.511,7.245,58.618,,
RAJASTHAN,Shahpura,BANERA,13,57.674,0.0904,9.975,17.805,15.195,24.673,,
RAJASTHAN,Bhilwara,ASIND,15,70.475,0.1009,2.825,6.467,10.924,53.084,,
RAJASTHAN,Bhilwara,KAREDA,1,0.929,0.0017,6.068,0.929,0.0,0.0,,
RAJASTHAN,Bhilwara,RAIPUR,5,10.834,0.0221,1.784,10.072,0.762,0.0,,
RAJASTHAN,Bhilwara,MANDAL,6,34.735,0.0545,5.952,30.994,1.351,0.0,,
RAJASTHAN,Chittorgarh,RASHMI,4,34.471,0.0794,3.947,10.241,0.0,0.537,,
RAJASTHAN,Chittorgarh,KAPASAN,3,10.466,0.0211,9.642,7.386,3.08,0.0,,
RAJASTHAN,Chittorgarh,BHOPALSAGAR,8,41.9,0.1111,0.527,33.392,8.508,0.0,,
RAJASTHAN,Rajsamand,RAILMAGRA,13,61.148,0.1121,6.093,31.242,4.624,25.281,,
RAJASTHAN,Bhilwara,SAHARA,11,37.449,0.0592,9.49,13.898,1.18,12.338,,
RAJASTHAN,Rajsamand,RAJSAMAND,19,100.032,0.1692,1.893,46.451,0.0,26.189,,
RAJASTHAN,Rajsamand,KHAMNOR,8,42.585,0.0771,6.416,27.041,0.0,8.367,,
RAJASTHAN,Rajsamand,DELWADA,0,0.0,0.0,13.559,0.0,0.0,0.0,,
RAJASTHAN,Rajsamand,KUMBHALGARH,0,0.0,0.0,21.5,0.0,0.0,0.0,,
RAJASTHAN,Rajsamand,AMET,1,2.771,0.0055,14.86,2.771,0.0,0.0,,
RAJASTHAN,Rajsamand,DEOGARH,2,8.632,0.015,14.077,8.632,0.0,0.0,,
RAJASTHAN,Rajsamand,BHIM,0,0.0,0.0,16.974,0.0,0.0,0.0,,
RAJASTHAN,Pali,KHARCHI(MAR.JUN),0,0.0,0.0,34.705,0.0,0.0,0.0,,
RAJASTHAN,Pali,DESURI,0,0.0,0.0,29.316,0.0,0.0,0.0,,
RAJASTHAN,Pali,RANI STATION,1,12.671,0.0169,13.854,0.0,0.0,0.0,,
RAJASTHAN,Pali,PALI,8,90.405,0.069,0.071,9.751,17.976,19.107,,
RAJASTHAN,Jalore,AHORE,16,90.692,0.0582,13.235,17.536,37.154,36.001,,
RAJASTHAN,Pali,SUMERPUR,17,168.804,0.1808,0.78,19.382,86.846,45.977,,
RAJASTHAN,Sirohi,SHEOGANJ,6,17.972,0.0211,8.981,9.831,0.0,7.912,,
RAJASTHAN,Udaipur,SAYRA,0,0.0,0.0,27.925,0.0,0.0,0.0,,
RAJASTHAN,Pali,BALI,2,4.533,0.0033,11.064,3.388,0.0,0.0,,
RAJASTHAN,Udaipur,BARGAON,0,0.0,0.0,16.832,0.0,0.0,0.0,,
RAJASTHAN,Udaipur,GOGUNDA,0,0.0,0.0,30.365,0.0,0.0,0.0,,
RAJASTHAN,Udaipur,KOTRA,1,6.304,0.0038,24.846,0.0,0.0,0.0,,
RAJASTHAN,Udaipur,JHADOL,0,0.0,0.0,34.932,0.0,0.0,0.0,,
RAJASTHAN,Udaipur,KHERWARA,1,4.142,0.0068,9.602,4.142,0.0,0.0,,
GUJARAT,Sabar Kantha,VIJAYNAGAR,3,7.59,0.0166,3.96,7.59,0.0,0.0,,
RAJASTHAN,Udaipur,PHALASIYA,0,0.0,0.0,24.11,0.0,0.0,0.0,,
GUJARAT,Sabar Kantha,KHEDBRAHMA,2,14.332,0.0305,10.27,14.332,0.0,0.0,,
GUJARAT,Sabar Kantha,IDAR,18,82.693,0.1067,11.616,34.399,6.753,41.541,,
GUJARAT,Sabar Kantha,VADALI,4,18.065,0.0495,7.583,9.58,0.0,8.484,,
GUJARAT,Banas Kantha,DANTA,0,0.0,0.0,20.975,0.0,0.0,0.0,,
GUJARAT,Sabar Kantha,POSHINA,0,0.0,0.0,26.127,0.0,0.0,0.0,,
RAJASTHAN,Sirohi,PINDWARA,7,54.921,0.0513,6.446,38.359,16.563,0.0,,
RAJASTHAN,Sirohi,ABU ROAD,4,22.141,0.0262,1.47,16.867,0.0,5.274,,
RAJASTHAN,Sirohi,REODAR,9,37.207,0.0356,6.614,22.444,0.0,14.764,,
GUJARAT,Banas Kantha,DANTIVADA,6,18.732,0.0438,7.562,10.725,3.62,4.387,,
GUJARAT,Banas Kantha,AMIRGADH,0,0.0,0.0,20.856,0.0,0.0,0.0,,
GUJARAT,Mahesana,SATLASNA,1,14.057,0.0474,6.843,14.057,0.0,0.0,,
GUJARAT,Mahesana,KHERALU,11,42.246,0.1373,4.072,33.831,2.21,6.205,,
GUJARAT,Patan,SIDHPUR,5,12.221,0.0333,9.754,7.135,2.776,2.31,,
GUJARAT,Banas Kantha,VADGAM,16,41.301,0.0743,5.801,24.575,7.604,9.122,,
GUJARAT,Banas Kantha,PALANPUR,21,73.587,0.095,15.958,26.349,23.957,23.282,,
GUJARAT,Banas Kantha,DEESA,71,256.947,0.2486,2.956,56.506,77.172,123.269,,
GUJARAT,Patan,SARASWATI,66,198.731,0.3733,0.039,38.662,50.422,109.647,,
GUJARAT,Banas Kantha,KANKREJ,76,246.084,0.3015,1.455,63.621,60.813,121.65,,
GUJARAT,Banas Kantha,LAKHANI,1,16.158,0.0295,7.398,16.158,0.0,0.0,,
GUJARAT,Banas Kantha,DHANERA,0,0.0,0.0,18.687,0.0,0.0,0.0,,
RAJASTHAN,Jalore,SARNAU,0,0.0,0.0,12.044,0.0,0.0,0.0,,
RAJASTHAN,Jalore,BAGODA,0,0.0,0.0,17.253,0.0,0.0,0.0,,
RAJASTHAN,Jalore,BHINMAL,0,0.0,0.0,10.329,0.0,0.0,0.0,,
RAJASTHAN,Jalore,RANIWARA,0,0.0,0.0,28.162,0.0,0.0,0.0,,
RAJASTHAN,Sirohi,SIROHI,16,58.431,0.0517,2.663,22.476,0.0,29.81,,
RAJASTHAN,Jalore,JASWANTPURA,12,35.747,0.0345,1.544,16.163,5.227,14.357,,
RAJASTHAN,Jalore,SAYLA,0,0.0,0.0,32.99,0.0,0.0,0.0,,
RAJASTHAN,Jalore,JALORE,0,0.0,0.0,20.974,0.0,0.0,0.0,,
RAJASTHAN,Balotra,SIWANA,0,0.0,0.0,42.549,0.0,0.0,0.0,,
RAJASTHAN,Balotra,PANYLA KLA,0,0.0,0.0,26.048,0.0,0.0,0.0,,
RAJASTHAN,Balotra,SINDHARI,0,0.0,0.0,49.781,0.0,0.0,0.0,,
RAJASTHAN,Balotra,GIRA,0,0.0,0.0,80.947,0.0,0.0,0.0,,
RAJASTHAN,Balotra,Patodi,0,0.0,0.0,64.808,0.0,0.0,0.0,,
RAJASTHAN,Balotra,BALTORA,0,0.0,0.0,58.503,0.0,0.0,0.0,,
RAJASTHAN,Balotra,SAMDARI,0,0.0,0.0,22.394,0.0,0.0,0.0,,
RAJASTHAN,Balotra,KALYANPUR,0,0.0,0.0,47.63,0.0,0.0,0.0,,
RAJASTHAN,Jodhpur Gramin,BALESAR,0,0.0,0.0,22.26,0.0,0.0,0.0,,
RAJASTHAN,Jodhpur Gramin,SEKHALA,1,29.985,0.0325,6.856,29.985,0.0,0.0,,
RAJASTHAN,Jodhpur Gramin,SHERGARH,0,0.0,0.0,39.903,0.0,0.0,0.0,,
RAJASTHAN,Jaisalmer,BHANIYANA,0,0.0,0.0,67.411,0.0,0.0,0.0,,
RAJASTHAN,Phalodi,DECHU,1,6.452,0.0058,24.249,6.452,0.0,0.0,,
RAJASTHAN,Phalodi,PHALODI,1,17.237,0.0175,12.779,17.237,0.0,0.0,,
RAJASTHAN,Jaisalmer,NACHANA,56,619.39,0.1551,4.375,154.881,180.542,283.967,,
RAJASTHAN,Phalodi,BAP,17,197.816,0.0607,4.859,41.165,80.43,76.221,,
RAJASTHAN,Phalodi,LOHAWAT,1,20.183,0.0213,13.04,20.183,0.0,0.0,,
RAJASTHAN,Jodhpur Gramin,OSIAN,0,0.0,0.0,27.319,0.0,0.0,0.0,,
RAJASTHAN,Jodhpur Gramin,BAWADI,0,0.0,0.0,32.422,0.0,0.0,0.0,,
RAJASTHAN,Phalodi,BAPINI,0,0.0,0.0,47.372,0.0,0.0,0.0,,
RAJASTHAN,Phalodi,AAU,0,0.0,0.0,53.402,0.0,0.0,0.0,,
RAJASTHAN,Phalodi,GHANTIYALI,0,0.0,0.0,36.178,0.0,0.0,0.0,,
RAJASTHAN,Bikaner,PANCHOO,0,0.0,0.0,56.685,0.0,0.0,0.0,,
RAJASTHAN,Nagaur,KHINVSAR,0,0.0,0.0,75.372,0.0,0.0,0.0,,
RAJASTHAN,Jodhpur Gramin,BHOPALGARH,0,0.0,0.0,49.158,0.0,0.0,0.0,,
RAJASTHAN,Jodhpur Gramin,PEEPAD SAHAR,0,0.0,0.0,22.189,0.0,0.0,0.0,,
RAJASTHAN,Jodhpur Gramin,BILARA,6,58.22,0.0554,4.027,40.692,0.0,17.528,,
RAJASTHAN,Jodhpur Gramin,TINWARI,1,36.593,0.0483,2.983,36.593,0.0,0.0,,
RAJASTHAN,Jodhpur,KERU,2,17.593,0.0278,5.521,16.813,0.0,0.0,,
RAJASTHAN,Jodhpur,MANDOR,2,15.384,0.0178,14.848,1.374,0.0,0.0,,
RAJASTHAN,Jodhpur Gramin,LUNI,1,23.943,0.0213,10.503,0.0,0.0,0.0,,
RAJASTHAN,Jodhpur Gramin,DHAWA,0,0.0,0.0,25.096,0.0,0.0,0.0,,
RAJASTHAN,Pali,ROHAT,15,135.649,0.0986,6.555,52.765,39.465,7.084,,
RAJASTHAN,Beawar,RAIPUR,5,28.657,0.0271,4.436,18.981,0.0,9.675,,
RAJASTHAN,Pali,SOJAT,3,13.192,0.008,18.52,10.51,2.682,0.0,,
RAJASTHAN,Nagaur,MERTA,0,0.0,0.0,50.661,0.0,0.0,0.0,,
RAJASTHAN,Beawar,JAITARAN,0,0.0,0.0,14.085,0.0,0.0,0.0,,
RAJASTHAN,Nagaur,RIYAN BADI,0,0.0,0.0,41.106,0.0,0.0,0.0,,
RAJASTHAN,Nagaur,BHERUNDA,0,0.0,0.0,51.74,0.0,0.0,0.0,,
RAJASTHAN,Ajmer,PISANGAN,0,0.0,0.0,26.532,0.0,0.0,0.0,,
RAJASTHAN,Beawar,MASOODA,3,16.866,0.0203,16.907,4.91,11.956,0.0,,
RAJASTHAN,Beawar,BADNOR,1,3.439,0.0093,9.504,0.0,0.0,3.439,,
RAJASTHAN,Beawar,JAWAJA,1,5.202,0.0078,5.517,5.202,0.0,0.0,,
RAJASTHAN,Bhilwara,HURDA,17,64.29,0.1027,4.702,24.953,4.392,34.945,,
RAJASTHAN,Kekri,BHINAY,0,0.0,0.0,17.795,0.0,0.0,0.0,,
RAJASTHAN,Kekri,KEKRI,1,14.398,0.0149,15.968,14.398,0.0,0.0,,
RAJASTHAN,Kekri,TODARAISINGH,21,151.575,0.1571,2.426,28.069,18.739,97.119,,
RAJASTHAN,Kekri,SARWAR,0,0.0,0.0,14.763,0.0,0.0,0.0,,
RAJASTHAN,Ajmer,ARAIN,0,0.0,0.0,14.025,0.0,0.0,0.0,,
RAJASTHAN,Tonk,MALPURA,24,157.567,0.1098,4.883,91.376,7.975,58.216,,
RAJASTHAN,Dudu,DUDU,3,19.623,0.032,12.299,19.623,0.0,0.0,,
RAJASTHAN,Ajmer,SAWAR,0,0.0,0.0,25.594,0.0,0.0,0.0,,
RAJASTHAN,Ajmer,SRINAGAR,0,0.0,0.0,38.009,0.0,0.0,0.0,,
RAJASTHAN,Ajmer,Ajmer Rural,0,0.0,0.0,41.871,0.0,0.0,0.0,,
RAJASTHAN,Didwana Kuchaman,PARBATSAR,0,0.0,0.0,65.517,0.0,0.0,0.0,,
RAJASTHAN,Didwana Kuchaman,MAKRANA,0,0.0,0.0,80.637,0.0,0.0,0.0,,
RAJASTHAN,Ajmer,Kishangarh SILORA,0,0.0,0.0,42.979,0.0,0.0,0.0,,
RAJASTHAN,Dudu,MAUZAMABAD,12,74.284,0.1097,7.595,55.33,0.0,18.954,,
RAJASTHAN,Jaipur Gramin,KISHANGARH RENWAL,0,0.0,0.0,38.263,0.0,0.0,0.0,,
RAJASTHAN,Jaipur Gramin,SAMBHAR,0,0.0,0.0,28.888,0.0,0.0,0.0,,
RAJASTHAN,Didwana Kuchaman,NAWA,0,0.0,0.0,55.722,0.0,0.0,0.0,,
RAJASTHAN,Sikar,DANTA RAMGARH,0,0.0,0.0,58.139,0.0,0.0,0.0,,
RAJASTHAN,Sikar,PALSANA,0,0.0,0.0,64.704,0.0,0.0,0.0,,
RAJASTHAN,Sikar,DHOD,0,0.0,0.0,88.546,0.0,0.0,0.0,,
RAJASTHAN,Didwana Kuchaman,KUCHAMAN,0,0.0,0.0,69.83,0.0,0.0,0.0,,
RAJASTHAN,Didwana Kuchaman,MOLASAR,0,0.0,0.0,88.063,0.0,0.0,0.0,,
RAJASTHAN,Didwana Kuchaman,LADNU,0,0.0,0.0,110.308,0.0,0.0,0.0,,
RAJASTHAN,Didwana Kuchaman,DIDWANA,0,0.0,0.0,107.315,0.0,0.0,0.0,,
RAJASTHAN,Nagaur,DEGANA,0,0.0,0.0,74.561,0.0,0.0,0.0,,
RAJASTHAN,Nagaur,MUNDWA,0,0.0,0.0,78.124,0.0,0.0,0.0,,
RAJASTHAN,Nagaur,NAGAUR,0,0.0,0.0,88.043,0.0,0.0,0.0,,
RAJASTHAN,Nagaur,JAYAL,0,0.0,0.0,110.674,0.0,0.0,0.0,,
RAJASTHAN,Bikaner,SRI DUNGARGARH,0,0.0,0.0,48.444,0.0,0.0,0.0,,
RAJASTHAN,Churu,SARDARSHAHAR,8,55.988,0.0151,21.787,10.326,28.145,17.517,,
RAJASTHAN,Churu,RATANGARH,0,0.0,0.0,73.74,0.0,0.0,0.0,,
RAJASTHAN,Churu,BIDASAR,0,0.0,0.0,81.495,0.0,0.0,0.0,,
RAJASTHAN,Churu,SUJANGARH,0,0.0,0.0,96.232,0.0,0.0,0.0,,
RAJASTHAN,Sikar,FATEHPUR,0,0.0,0.0,71.639,0.0,0.0,0.0,,
RAJASTHAN,Sikar,LACHHMANGARH,0,0.0,0.0,94.695,0.0,0.0,0.0,,
RAJASTHAN,Sikar,NECHWA,0,0.0,0.0,110.04,0.0,0.0,0.0,,
RAJASTHAN,Sikar,PIPRALI,0,0.0,0.0,63.992,0.0,0.0,0.0,,
RAJASTHAN,Jhunjhunu,NAWALGARH,0,0.0,0.0,40.384,0.0,0.0,0.0,,
RAJASTHAN,Jhunjhunu,ALSISAR,0,0.0,0.0,44.307,0.0,0.0,0.0,,
RAJASTHAN,Jhunjhunu,MANDAWA,0,0.0,0.0,62.637,0.0,0.0,0.0,,
RAJASTHAN,Jhunjhunu,JHUNJHUNU,0,0.0,0.0,49.721,0.0,0.0,0.0,,
RAJASTHAN,Churu,CHURU,0,0.0,0.0,31.411,0.0,0.0,0.0,,
RAJASTHAN,Churu,TARANAGAR,6,105.066,0.06,2.764,33.701,29.535,41.83,,
RAJASTHAN,Churu,RAJGARH,3,8.571,0.004,19.554,0.0,5.594,2.977,,
RAJASTHAN,Hanumangarh,BHADRA,23,299.179,0.1783,0.657,43.662,176.404,79.113,,
HARYANA,Hisar,ADAMPUR,16,110.865,0.3116,1.199,8.756,44.774,34.912,,
HARYANA,Fatehabad,FATEHABAD,25,195.183,0.3569,0.238,32.407,114.633,36.698,,
HARYANA,Fatehabad,BHATTU KALAN,19,127.132,0.3606,0.463,20.499,52.11,54.523,,
HARYANA,Sirsa,NATHUSARI CHOPTA,21,201.549,0.2827,0.256,1.005,125.811,48.02,,
RAJASTHAN,Hanumangarh,NOHAR,38,418.286,0.175,0.203,51.256,177.437,189.593,,
HARYANA,Sirsa,ELLENABAD,19,161.322,0.3318,0.128,29.181,48.171,83.97,,
RAJASTHAN,Hanumangarh,RAWATSAR,40,315.945,0.174,3.03,62.185,76.085,170.111,,
RAJASTHAN,Bikaner,LUNKARANSAR,16,224.378,0.0455,2.368,89.164,59.179,76.036,,
RAJASTHAN,Ganganagar,SURATGARH,53,488.035,0.1795,5.174,185.143,54.292,243.528,,
RAJASTHAN,Hanumangarh,PILIBANGA,22,268.6,0.274,0.545,49.363,119.491,99.746,,
RAJASTHAN,Anoopgarh,VIJAINAGAR,32,222.585,0.285,0.25,48.275,59.238,72.387,,
RAJASTHAN,Anoopgarh,ANUPGARH,33,271.643,0.2338,0.132,24.125,45.698,190.021,,
RAJASTHAN,Anoopgarh,GHARSANA,27,318.825,0.2374,0.252,53.842,141.722,123.26,,
RAJASTHAN,Anoopgarh,KHAJUWALA,57,634.834,0.1582,1.967,130.979,193.705,310.15,,
RAJASTHAN,Bikaner,NOKHA,0,0.0,0.0,43.865,0.0,0.0,0.0,,
RAJASTHAN,Bikaner,BIKANER,16,167.92,0.0461,2.472,33.913,85.15,48.856,,
RAJASTHAN,Bikaner,Poogal,45,373.159,0.1788,0.929,49.419,127.273,196.466,,
RAJASTHAN,Bikaner,KOLAYAT,96,1167.485,0.1458,1.006,196.877,273.478,697.13,,
RAJASTHAN,Jaisalmer,MOHANGARH,60,746.453,0.155,1.023,62.333,345.787,338.334,,
RAJASTHAN,Jaisalmer,JAISALMER,0,0.0,0.0,20.107,0.0,0.0,0.0,,
RAJASTHAN,Jaisalmer,SANKRA,0,0.0,0.0,50.05,0.0,0.0,0.0,,
RAJASTHAN,Balotra,BAYTOO,0,0.0,0.0,81.998,0.0,0.0,0.0,,
RAJASTHAN,Barmer,BARMER,0,0.0,0.0,59.93,0.0,0.0,0.0,,
RAJASTHAN,Barmer,SHEO,0,0.0,0.0,96.34,0.0,0.0,0.0,,
RAJASTHAN,Jaisalmer,FATEHGARH,0,0.0,0.0,69.225,0.0,0.0,0.0,,
RAJASTHAN,Barmer,GADRA ROAD,0,0.0,0.0,59.789,0.0,0.0,0.0,,
RAJASTHAN,Jaisalmer,SAM,52,750.703,0.0471,4.267,161.654,308.731,280.318,,
LADAKH,Leh Ladakh,LEH,0,0.0,0.0,148.908,0.0,0.0,0.0,,
JAMMU & KASHMIR,Ganderbal,Gund,2,2.492,0.0969,0.742,0.0,0.0,0.0,,
JAMMU & KASHMIR,Ganderbal,KANGAN,4,31.456,0.0237,15.51,0.0,0.0,0.0,,
JAMMU & KASHMIR,Bandipora,TULAIL,0,0.0,0.0,26.576,0.0,0.0,0.0,,
JAMMU & KASHMIR,Bandipora,Ganstan,0,0.0,0.0,33.539,0.0,0.0,0.0,,
JAMMU & KASHMIR,Bandipora,Arin,0,0.0,0.0,5.606,0.0,0.0,0.0,,
JAMMU & KASHMIR,Ganderbal,LAR,2,12.689,0.1761,1.032,5.058,0.0,0.0,,
JAMMU & KASHMIR,Ganderbal,Safapora,0,0.0,0.0,6.174,0.0,0.0,0.0,,
JAMMU & KASHMIR,Bandipora,Naidkhay,0,0.0,0.0,7.85,0.0,0.0,0.0,,
JAMMU & KASHMIR,Bandipora,HAJIN,1,10.062,0.0436,8.467,10.062,0.0,0.0,,
JAMMU & KASHMIR,Bandipora,BANDIPORA,1,4.785,0.0063,17.44,4.785,0.0,0.0,,
JAMMU & KASHMIR,Bandipora,Bonkoot,0,0.0,0.0,8.913,0.0,0.0,0.0,,
JAMMU & KASHMIR,Bandipora,GUREZ,0,0.0,0.0,26.814,0.0,0.0,0.0,,
JAMMU & KASHMIR,Bandipora,,0,0.0,0.0,44.481,0.0,0.0,0.0,,
JAMMU & KASHMIR,Muzaffarabad,Keran,0,0.0,0.0,58.07,0.0,0.0,0.0,,
JAMMU & KASHMIR,Kupwara,KRALPORA,0,0.0,0.0,39.276,0.0,0.0,0.0,,
JAMMU & KASHMIR,Muzaffarabad,,0,0.0,0.0,63.501,0.0,0.0,0.0,,
JAMMU & KASHMIR,Kupwara,TEETWAL,0,0.0,0.0,44.431,0.0,0.0,0.0,,
JAMMU & KASHMIR,Kupwara,TANGDAR,0,0.0,0.0,37.121,0.0,0.0,0.0,,
JAMMU & KASHMIR,Kupwara,RAMHAL,0,0.0,0.0,31.579,0.0,0.0,0.0,,
JAMMU & KASHMIR,Kupwara,LANGATE,0,0.0,0.0,13.568,0.0,0.0,0.0,,
JAMMU & KASHMIR,Baramulla,ROHAMA,3,2.049,0.0273,8.025,2.049,0.0,0.0,,
JAMMU & KASHMIR,Baramulla,RAFIABAD,3,6.923,0.0533,0.606,4.234,0.0,2.689,,
JAMMU & KASHMIR,Kupwara,RAJWAR,0,0.0,0.0,16.997,0.0,0.0,0.0,,
JAMMU & KASHMIR,Kupwara,trehgam,0,0.0,0.0,37.731,0.0,0.0,0.0,,
JAMMU & KASHMIR,Kupwara,KUPWARA,0,0.0,0.0,21.69,0.0,0.0,0.0,,
JAMMU & KASHMIR,Kupwara,Drugmulla,0,0.0,0.0,19.068,0.0,0.0,0.0,,
JAMMU & KASHMIR,Kupwara,WAVOORA,0,0.0,0.0,19.077,0.0,0.0,0.0,,
JAMMU & KASHMIR,Kupwara,KALAROOCH,0,0.0,0.0,30.984,0.0,0.0,0.0,,
JAMMU & KASHMIR,Bandipora,Aloosa,1,9.855,0.1009,2.646,9.855,0.0,0.0,,
JAMMU & KASHMIR,Baramulla,ZAINGEER,18,49.139,0.5259,0.345,9.007,8.398,31.735,,
JAMMU & KASHMIR,Kupwara,SOGAM,0,0.0,0.0,10.426,0.0,0.0,0.0,,
JAMMU & KASHMIR,Baramulla,Tujjar Sharief,1,2.778,0.0623,3.854,0.0,0.0,2.778,,
JAMMU & KASHMIR,Baramulla,Nadihal,4,6.352,0.1205,1.106,5.714,0.0,0.638,,
JAMMU & KASHMIR,Baramulla,Sangrama,0,0.0,0.0,5.832,0.0,0.0,0.0,,
JAMMU & KASHMIR,Baramulla,SOPORE,6,10.367,0.2512,2.246,0.0,0.0,10.367,,
JAMMU & KASHMIR,Baramulla,PATTAN,0,0.0,0.0,12.165,0.0,0.0,0.0,,
JAMMU & KASHMIR,Baramulla,Wailoo,0,0.0,0.0,8.895,0.0,0.0,0.0,,
JAMMU & KASHMIR,Baramulla,BARAMULLA,0,0.0,0.0,6.25,0.0,0.0,0.0,,
JAMMU & KASHMIR,Baramulla,WAGOORA,0,0.0,0.0,7.316,0.0,0.0,0.0,,
JAMMU & KASHMIR,Baramulla,Khaipora,1,0.312,0.0243,1.965,0.312,0.0,0.0,,
JAMMU & KASHMIR,Baramulla,Kandi Rafiabad,1,5.592,0.3106,0.937,5.592,0.0,0.0,,
JAMMU & KASHMIR,Baramulla,KUNZER,0,0.0,0.0,6.924,0.0,0.0,0.0,,
JAMMU & KASHMIR,Budgam,KHAG,0,0.0,0.0,8.728,0.0,0.0,0.0,,
JAMMU & KASHMIR,Budgam,Sukhnag Hard Panzoo,2,11.563,0.1224,2.788,11.563,0.0,0.0,,
JAMMU & KASHMIR,Baramulla,TANGMARAG,1,2.427,0.0099,4.229,2.427,0.0,0.0,,
JAMMU & KASHMIR,Poonch,MANDI,0,0.0,0.0,20.47,0.0,0.0,0.0,,
JAMMU & KASHMIR,Baramulla,Noorkah,1,1.362,0.0118,6.544,0.0,0.0,0.0,,
JAMMU & KASHMIR,Baramulla,Narwah,0,0.0,0.0,7.068,0.0,0.0,0.0,,
JAMMU & KASHMIR,Baramulla,Bijhama,0,0.0,0.0,9.389,0.0,0.0,0.0,,
JAMMU & KASHMIR,Baramulla,BONIYAR,1,7.507,0.0218,17.61,0.0,0.0,0.0,,
JAMMU & KASHMIR,Baramulla,Paranpeela,0,0.0,0.0,19.814,0.0,0.0,0.0,,
JAMMU & KASHMIR,Baramulla,URI,0,0.0,0.0,15.242,0.0,0.0,0.0,,
JAMMU & KASHMIR,Poonch,,0,0.0,0.0,42.153,0.0,0.0,0.0,,
JAMMU & KASHMIR,Poonch,POONCH,0,0.0,0.0,39.625,0.0,0.0,0.0,,
JAMMU & KASHMIR,Poonch,Mankote,0,0.0,0.0,53.441,0.0,0.0,0.0,,
JAMMU & KASHMIR,Rajouri,Panjgrian,0,0.0,0.0,23.384,0.0,0.0,0.0,,
JAMMU & KASHMIR,Rajouri,MANJAKOTE,0,0.0,0.0,34.419,0.0,0.0,0.0,,
JAMMU & KASHMIR,Poonch,BALAKOTE,0,0.0,0.0,36.714,0.0,0.0,0.0,,
JAMMU & KASHMIR,Poonch,MENDHAR,0,0.0,0.0,49.367,0.0,0.0,0.0,,
JAMMU & KASHMIR,Rajouri,THANA MANDI,0,0.0,0.0,40.504,0.0,0.0,0.0,,
JAMMU & KASHMIR,Poonch,BUFLIAZ,0,0.0,0.0,33.116,0.0,0.0,0.0,,
JAMMU & KASHMIR,Poonch,SURANKOTE,0,0.0,0.0,31.555,0.0,0.0,0.0,,
JAMMU & KASHMIR,Rajouri,Planger,0,0.0,0.0,33.056,0.0,0.0,0.0,,
JAMMU & KASHMIR,Rajouri,DARHAL,0,0.0,0.0,35.301,0.0,0.0,0.0,,
JAMMU & KASHMIR,Rajouri,RAJOURI,0,0.0,0.0,17.757,0.0,0.0,0.0,,
JAMMU & KASHMIR,Rajouri,BUDHAL,0,0.0,0.0,34.353,0.0,0.0,0.0,,
JAMMU & KASHMIR,Rajouri,Budhal New,0,0.0,0.0,35.78,0.0,0.0,0.0,,
JAMMU & KASHMIR,Reasi,Chassana,0,0.0,0.0,30.279,0.0,0.0,0.0,,
JAMMU & KASHMIR,Reasi,MAHORE,0,0.0,0.0,28.66,0.0,0.0,0.0,,
JAMMU & KASHMIR,Reasi,Gulab Garh,0,0.0,0.0,20.96,0.0,0.0,0.0,,
JAMMU & KASHMIR,Kulgam,D.H. PORA,2,1.618,0.0022,17.425,0.0,0.0,0.0,,
JAMMU & KASHMIR,Kulgam,Manzgam,0,0.0,0.0,4.96,0.0,0.0,0.0,,
JAMMU & KASHMIR,Kulgam,D K Marg,0,0.0,0.0,10.162,0.0,0.0,0.0,,
JAMMU & KASHMIR,Kulgam,Pombay,6,21.813,0.6869,0.132,11.785,0.0,1.501,,
JAMMU & KASHMIR,Shopian,Harman,3,11.372,0.4213,0.367,7.003,0.0,0.0,,
JAMMU & KASHMIR,Kulgam,KULGAM,9,29.292,0.3685,0.689,20.434,0.0,1.991,,
JAMMU & KASHMIR,Kulgam,Behibag,4,7.485,0.2934,2.095,4.462,0.0,0.818,,
JAMMU & KASHMIR,Shopian,Imamsahib,0,0.0,0.0,4.348,0.0,0.0,0.0,,
JAMMU & KASHMIR,Shopian,Kaprin,2,7.757,0.3658,0.788,5.249,0.0,0.0,,
JAMMU & KASHMIR,Shopian,Kanji Ullar,4,13.299,0.7793,0.674,4.333,0.0,0.0,,
JAMMU & KASHMIR,Shopian,Ramnagri,0,0.0,0.0,3.391,0.0,0.0,0.0,,
JAMMU & KASHMIR,Shopian,Zainpora,0,0.0,0.0,4.276,0.0,0.0,0.0,,
JAMMU & KASHMIR,Shopian,SHOPIAN,6,22.766,0.0758,6.815,2.527,0.0,20.239,,
JAMMU & KASHMIR,Budgam,KHAN-SAHIB,4,11.562,0.0405,7.171,6.269,5.129,0.163,,
JAMMU & KASHMIR,Budgam,NAGAM,1,5.554,0.028,3.26,5.554,0.0,0.0,,
JAMMU & KASHMIR,Shopian,Keller,0,0.0,0.0,7.753,0.0,0.0,0.0,,
JAMMU & KASHMIR,Pulwama,Ichegoza,2,4.146,0.3675,2.716,4.146,0.0,0.0,,
JAMMU & KASHMIR,Budgam,Pakherpora,0,0.0,0.0,3.37,0.0,0.0,0.0,,
JAMMU & KASHMIR,Budgam,Charisharief,1,1.062,0.021,6.985,1.062,0.0,0.0,,
JAMMU & KASHMIR,Budgam,Surasyar,0,0.0,0.0,8.563,0.0,0.0,0.0,,
JAMMU & KASHMIR,Budgam,CHADOORA,10,12.105,0.1709,0.167,2.977,0.0,0.0,,
JAMMU & KASHMIR,Budgam,Parnewa,0,0.0,0.0,6.249,0.0,0.0,0.0,,
JAMMU & KASHMIR,Budgam,Waterhail,4,9.66,0.476,0.842,4.603,4.179,0.878,,
JAMMU & KASHMIR,Budgam,BEERWAH,7,19.718,0.3768,0.296,14.728,2.505,0.0,,
JAMMU & KASHMIR,Budgam,Rathsun,4,10.527,0.3988,1.011,10.527,0.0,0.0,,
JAMMU & KASHMIR,Budgam,NARBAL,1,0.29,0.0212,2.438,0.29,0.0,0.0,,
JAMMU & KASHMIR,Baramulla,Hardaboora,0,0.0,0.0,2.748,0.0,0.0,0.0,,
JAMMU & KASHMIR,Budgam,S K Pora,4,13.51,0.3598,0.477,10.368,2.833,0.309,,
JAMMU & KASHMIR,Baramulla,Lalpora,0,0.0,0.0,6.027,0.0,0.0,0.0,,
JAMMU & KASHMIR,Bandipora,Nowgam,0,0.0,0.0,7.868,0.0,0.0,0.0,,
JAMMU & KASHMIR,Bandipora,SUMBAL,0,0.0,0.0,4.575,0.0,0.0,0.0,,
JAMMU & KASHMIR,Baramulla,Singhpora,0,0.0,0.0,8.457,0.0,0.0,0.0,,
JAMMU & KASHMIR,Baramulla,Sherabad Khore,0,0.0,0.0,5.819,0.0,0.0,0.0,,
JAMMU & KASHMIR,Ganderbal,Sherpathri,0,0.0,0.0,4.697,0.0,0.0,0.0,,
JAMMU & KASHMIR,Ganderbal,WAKOORA,4,13.26,0.1476,0.741,13.26,0.0,0.0,,
JAMMU & KASHMIR,Srinagar,EIDGAH,0,0.0,0.0,6.896,0.0,0.0,0.0,,
JAMMU & KASHMIR,Budgam,Soibugh,2,3.783,0.1283,1.69,0.671,0.0,3.113,,
JAMMU & KASHMIR,Budgam,BADGAM,2,4.434,0.0574,2.039,3.193,0.0,1.241,,
JAMMU & KASHMIR,Srinagar,SRINAGAR,2,2.532,0.0108,5.94,1.728,0.805,0.0,,
JAMMU & KASHMIR,Ganderbal,GANDERBAL,1,3.202,0.041,2.84,0.0,0.0,0.0,,
JAMMU & KASHMIR,Srinagar,Harwan Rural Area Dara,0,0.0,0.0,6.88,0.0,0.0,0.0,,
JAMMU & KASHMIR,Srinagar,Khanmoh,1,1.126,0.221,0.698,0.0,1.126,0.0,,
JAMMU & KASHMIR,Pulwama,PAMPORE,11,25.631,0.1475,0.043,19.157,4.713,1.761,,
JAMMU & KASHMIR,Pulwama,Awantipora,16,19.614,0.3293,1.067,16.375,1.106,2.133,,
JAMMU & KASHMIR,Pulwama,Newa,1,0.754,0.013,5.69,0.0,0.0,0.754,,
JAMMU & KASHMIR,Pulwama,KAKAPORA,12,15.764,0.2522,0.806,11.069,0.0,3.637,,
JAMMU & KASHMIR,Budgam,B.K.PORA,12,27.875,0.4455,2.31,9.309,0.0,11.545,,
JAMMU & KASHMIR,Pulwama,PULWAMA,12,23.161,0.257,3.895,5.417,3.18,6.51,,
JAMMU & KASHMIR,Pulwama,Kellar,0,0.0,0.0,7.884,0.0,0.0,0.0,,
JAMMU & KASHMIR,Shopian,Chitragam,0,0.0,0.0,3.653,0.0,0.0,0.0,,
JAMMU & KASHMIR,Pulwama,Litter,2,7.044,0.1538,1.835,2.405,0.0,0.0,,
JAMMU & KASHMIR,Anantnag,Bijibehara,19,66.356,0.4269,1.452,60.521,1.213,3.392,,
JAMMU & KASHMIR,Pulwama,TRAL,5,21.647,0.0882,4.837,21.647,0.0,0.0,,
JAMMU & KASHMIR,Pulwama,Dadsara,13,22.505,0.558,1.314,18.578,0.0,3.927,,
JAMMU & KASHMIR,Pulwama,Aripal,7,16.138,0.2894,0.366,15.63,0.0,0.507,,
JAMMU & KASHMIR,Anantnag,KHOVERIPORA,6,21.054,0.0181,13.697,20.603,0.0,0.0,,
JAMMU & KASHMIR,Anantnag,Pahalgam,4,10.936,0.1467,19.173,10.936,0.0,0.0,,
JAMMU & KASHMIR,Anantnag,Larnoo,0,0.0,0.0,12.561,0.0,0.0,0.0,,
JAMMU & KASHMIR,Anantnag,BRENG,0,0.0,0.0,22.234,0.0,0.0,0.0,,
JAMMU & KASHMIR,Anantnag,SHANGUS,3,4.812,0.1195,3.013,3.066,1.745,0.0,,
JAMMU & KASHMIR,Anantnag,Chathergul,1,3.555,0.0819,0.982,3.555,0.0,0.0,,
JAMMU & KASHMIR,Anantnag,Quimoh Anantnag District Part,8,20.395,0.0939,7.94,10.579,9.28,0.537,,
JAMMU & KASHMIR,Anantnag,Anantnag,1,0.422,0.0285,1.998,0.0,0.422,0.0,,
JAMMU & KASHMIR,Anantnag,ACHABAL,3,5.186,0.1132,2.451,3.417,0.31,1.459,,
JAMMU & KASHMIR,Kulgam,QAIMOH,22,62.262,0.6282,0.116,41.457,0.0,20.805,,
JAMMU & KASHMIR,Kulgam,Frisal,4,8.671,0.6116,0.467,3.735,0.0,4.936,,
JAMMU & KASHMIR,Kulgam,DEVSAR,1,0.74,0.0202,4.668,0.74,0.0,0.0,,
JAMMU & KASHMIR,Anantnag,Vessu,0,0.0,0.0,4.56,0.0,0.0,0.0,,
JAMMU & KASHMIR,Kulgam,PAHLOO,0,0.0,0.0,7.834,0.0,0.0,0.0,,
JAMMU & KASHMIR,Anantnag,Hiller Shahabad,0,0.0,0.0,17.379,0.0,0.0,0.0,,
JAMMU & KASHMIR,Kulgam,Kund,0,0.0,0.0,14.092,0.0,0.0,0.0,,
JAMMU & KASHMIR,Anantnag,SHAHABAD,0,0.0,0.0,9.185,0.0,0.0,0.0,,
JAMMU & KASHMIR,Anantnag,Sagam,0,0.0,0.0,12.425,0.0,0.0,0.0,,
JAMMU & KASHMIR,Anantnag,QAZIGUND (PARTLY),0,0.0,0.0,25.38,0.0,0.0,0.0,,
JAMMU & KASHMIR,Ramban,BANIHAL,0,0.0,0.0,29.509,0.0,0.0,0.0,,
JAMMU & KASHMIR,Ramban,Khari,0,0.0,0.0,33.31,0.0,0.0,0.0,,
JAMMU & KASHMIR,Ramban,Gundi Dharam,0,0.0,0.0,33.0,0.0,0.0,0.0,,
JAMMU & KASHMIR,Ramban,RAMSOO,0,0.0,0.0,27.587,0.0,0.0,0.0,,
JAMMU & KASHMIR,Ramban,Ukhral,0,0.0,0.0,40.869,0.0,0.0,0.0,,
JAMMU & KASHMIR,Anantnag,Verinag,0,0.0,0.0,24.423,0.0,0.0,0.0,,
JAMMU & KASHMIR,Doda,BHAGWAH,0,0.0,0.0,43.055,0.0,0.0,0.0,,
JAMMU & KASHMIR,Doda,Kastigarh,0,0.0,0.0,33.015,0.0,0.0,0.0,,
JAMMU & KASHMIR,Ramban,Rajgarh,0,0.0,0.0,26.949,0.0,0.0,0.0,,
JAMMU & KASHMIR,Ramban,Batote,0,0.0,0.0,19.276,0.0,0.0,0.0,,
JAMMU & KASHMIR,Doda,ASSAR,0,0.0,0.0,23.003,0.0,0.0,0.0,,
JAMMU & KASHMIR,Doda,MARMAT,0,0.0,0.0,26.584,0.0,0.0,0.0,,
JAMMU & KASHMIR,Udhampur,GHORDI,0,0.0,0.0,12.005,0.0,0.0,0.0,,
JAMMU & KASHMIR,Udhampur,CHENANI,2,7.123,0.0185,14.865,0.0,0.0,0.0,,
JAMMU & KASHMIR,Udhampur,UDHAMPUR,6,19.678,0.0715,2.314,9.985,0.0,9.367,,
JAMMU & KASHMIR,Udhampur,PANCHARI,0,0.0,0.0,14.601,0.0,0.0,0.0,,
JAMMU & KASHMIR,Ramban,Gandhri,0,0.0,0.0,20.178,0.0,0.0,0.0,,
JAMMU & KASHMIR,Ramban,RAMBAN,0,0.0,0.0,26.97,0.0,0.0,0.0,,
JAMMU & KASHMIR,Ramban,Sangaldan,0,0.0,0.0,29.958,0.0,0.0,0.0,,
JAMMU & KASHMIR,Ramban,GOOL,0,0.0,0.0,32.614,0.0,0.0,0.0,,
JAMMU & KASHMIR,Reasi,ARNAS,0,0.0,0.0,25.422,0.0,0.0,0.0,,
JAMMU & KASHMIR,Reasi,Bamagh,0,0.0,0.0,16.422,0.0,0.0,0.0,,
JAMMU & KASHMIR,Reasi,Thuroo,0,0.0,0.0,35.252,0.0,0.0,0.0,,
JAMMU & KASHMIR,Reasi,Thakrakote,0,0.0,0.0,31.004,0.0,0.0,0.0,,
JAMMU & KASHMIR,Rajouri,Khawas,0,0.0,0.0,26.953,0.0,0.0,0.0,,
JAMMU & KASHMIR,Reasi,POUNI,0,0.0,0.0,23.503,0.0,0.0,0.0,,
JAMMU & KASHMIR,Jammu,Sumb,0,0.0,0.0,14.495,0.0,0.0,0.0,,
JAMMU & KASHMIR,Jammu,Ramgarh,0,0.0,0.0,7.801,0.0,0.0,0.0,,
JAMMU & KASHMIR,Jammu,AKHNOOR,10,24.118,0.0942,14.973,10.617,6.345,7.157,,
JAMMU & KASHMIR,Jammu,Bhalwal Brahmana,13,28.508,0.3271,0.792,9.93,8.823,9.756,,
JAMMU & KASHMIR,Jammu,BHALWAL,47,91.437,0.565,2.263,34.579,39.831,4.874,,
JAMMU & KASHMIR,Jammu,Mathwar,11,15.537,0.1882,4.918,4.226,7.126,1.077,,
JAMMU & KASHMIR,Reasi,REASI,0,0.0,0.0,5.83,0.0,0.0,0.0,,
JAMMU & KASHMIR,Reasi,Katra,0,0.0,0.0,10.857,0.0,0.0,0.0,,
JAMMU & KASHMIR,Jammu,Nagrota,0,0.0,0.0,10.519,0.0,0.0,0.0,,
JAMMU & KASHMIR,Jammu,DANSAL,1,7.53,0.031,8.158,7.53,0.0,0.0,,
JAMMU & KASHMIR,Samba,Purmandal Bari Brahamna,0,0.0,0.0,6.974,0.0,0.0,0.0,,
JAMMU & KASHMIR,Samba,PURMANDAL,2,2.208,0.0318,2.913,1.276,0.932,0.0,,
JAMMU & KASHMIR,Jammu,SATWARI,11,46.811,0.564,0.927,19.186,16.519,5.302,,
JAMMU & KASHMIR,Jammu,MARH,17,48.613,0.3498,2.129,0.756,35.376,10.54,,
JAMMU & KASHMIR,Jammu,Pragwal,1,0.617,0.0101,2.435,0.0,0.617,0.0,,
JAMMU & KASHMIR,Jammu,Mandal Phallain,1,0.904,0.0155,4.692,0.0,0.0,0.0,,
JAMMU & KASHMIR,Jammu,R.S.PURA,33,52.578,0.7526,0.3,4.035,17.398,17.776,,
JAMMU & KASHMIR,Jammu,Miran Sahib,16,41.084,0.8365,0.07,15.957,21.027,0.798,,
JAMMU & KASHMIR,Jammu,Suchetgarh,48,89.133,0.7649,0.247,8.443,24.63,23.74,,
JAMMU & KASHMIR,Jammu,Arnia,21,46.762,0.8458,0.007,8.687,17.676,15.251,,
JAMMU & KASHMIR,Jammu,BISHNAH,36,99.914,0.8979,0.637,16.614,43.686,30.564,,
JAMMU & KASHMIR,Samba,VIJAYPUR,40,120.358,0.5379,0.539,29.506,61.669,24.589,,
JAMMU & KASHMIR,Samba,Rajpura,9,16.923,0.3151,0.986,2.777,4.402,9.744,,
JAMMU & KASHMIR,Samba,GHAGWAL,14,36.893,0.3878,0.466,19.226,7.042,8.891,,
JAMMU & KASHMIR,Samba,MAJALTA,8,43.994,0.111,9.556,20.066,11.468,12.46,,
JAMMU & KASHMIR,Udhampur,RAMNAGAR,0,0.0,0.0,23.116,0.0,0.0,0.0,,
JAMMU & KASHMIR,Udhampur,Khoon,0,0.0,0.0,25.936,0.0,0.0,0.0,,
JAMMU & KASHMIR,Kathua,Nagrota Gujroo,0,0.0,0.0,17.053,0.0,0.0,0.0,,
JAMMU & KASHMIR,Kathua,BARNOTI,24,75.085,0.2763,0.534,29.279,29.628,16.177,,
JAMMU & KASHMIR,Kathua,Dinga Amb,0,0.0,0.0,9.524,0.0,0.0,0.0,,
JAMMU & KASHMIR,Kathua,HIRANAGAR,9,31.247,0.2397,1.491,19.947,3.057,7.375,,
JAMMU & KASHMIR,Kathua,Marheen,19,57.475,0.3907,0.346,9.487,25.643,21.405,,
JAMMU & KASHMIR,Kathua,Nagri,8,14.175,0.2718,1.566,0.0,13.553,0.622,,
PUNJAB,Pathankot,BAMIAL,0,0.0,0.0,6.333,0.0,0.0,0.0,,
PUNJAB,Pathankot,NAROT JAIMAL SINGH,0,0.0,0.0,9.524,0.0,0.0,0.0,,
PUNJAB,Gurdaspur,DINANAGAR,8,47.87,0.2288,0.939,8.439,16.935,22.497,,
PUNJAB,Gurdaspur,KALANAUR,13,61.154,0.2803,3.181,0.0,34.0,27.153,,
PUNJAB,Gurdaspur,DERA BABA NANAK,14,73.821,0.2651,1.611,0.0,39.595,34.225,,
PUNJAB,Gurdaspur,DHARIWAL,13,89.247,0.3775,0.259,19.451,42.93,26.866,,
PUNJAB,Gurdaspur,DORANGLA,1,7.158,0.0952,1.078,0.0,7.158,0.0,,
PUNJAB,Gurdaspur,GURDASPUR,14,78.254,0.285,0.925,23.319,36.277,18.658,,
PUNJAB,Gurdaspur,KAHNUWAN,10,65.229,0.2076,1.652,19.049,41.237,4.943,,
PUNJAB,Gurdaspur,QADIAN,13,75.405,0.3825,0.171,8.027,57.397,9.982,,
PUNJAB,Gurdaspur,SRI HARGOBINDPUR,13,99.501,0.3782,0.207,11.959,44.062,43.48,,
PUNJAB,Kapurthala,DHILWAN,0,0.0,0.0,10.607,0.0,0.0,0.0,,
PUNJAB,Amritsar,RAYYA,18,120.57,0.4061,0.429,19.601,69.812,31.157,,
PUNJAB,Tarn Taran,KHADUR-SAHIB-10,17,104.884,0.3518,0.579,15.581,72.763,16.541,,
PUNJAB,Amritsar,TARSIKKA,11,75.274,0.313,0.312,0.0,59.634,15.64,,
PUNJAB,Gurdaspur,BATALA,17,77.457,0.3086,0.139,5.627,59.228,12.602,,
PUNJAB,Gurdaspur,FATEHGARH CHURIAN,18,93.482,0.3977,0.698,26.495,41.14,25.847,,
PUNJAB,Amritsar,VERKA,19,119.698,0.3365,4.923,20.757,64.942,32.687,,
PUNJAB,Amritsar,MAJITHA,14,117.43,0.4324,0.935,25.896,42.005,49.529,,
PUNJAB,Amritsar,JANDIALA GURU,15,82.437,0.3399,0.362,0.0,66.548,15.89,,
PUNJAB,Tarn Taran,TARN TARAN-12,23,121.579,0.372,1.124,0.0,62.145,58.743,,
PUNJAB,Tarn Taran,GANDIWIND-9,13,82.17,0.419,0.519,20.6,51.859,7.382,,
PUNJAB,Amritsar,ATTARI,8,29.149,0.2038,0.61,3.962,16.072,9.115,,
PUNJAB,Amritsar,CHOGAWAN,18,110.456,0.2834,0.515,13.26,41.392,55.803,,
PUNJAB,Amritsar,HARSHE CHHINA,13,89.663,0.3807,0.834,22.864,38.514,28.285,,
PUNJAB,Amritsar,AJNALA,12,90.607,0.2024,1.488,0.0,68.672,21.934,,
JAMMU & KASHMIR,Rajouri,Seri,0,0.0,0.0,7.195,0.0,0.0,0.0,,
JAMMU & KASHMIR,Jammu,KHOUR,19,65.041,0.2055,3.122,9.744,24.673,28.686,,
JAMMU & KASHMIR,Jammu,Samwan,3,4.051,0.1847,0.983,0.667,2.02,1.363,,
JAMMU & KASHMIR,Jammu,Kharah Balli,0,0.0,0.0,4.391,0.0,0.0,0.0,,
JAMMU & KASHMIR,Rajouri,SUNDERBANI,0,0.0,0.0,9.714,0.0,0.0,0.0,,
JAMMU & KASHMIR,Rajouri,Lamberi,9,13.055,0.2676,0.599,3.967,5.844,2.547,,
JAMMU & KASHMIR,Rajouri,Siot,0,0.0,0.0,6.194,0.0,0.0,0.0,,
JAMMU & KASHMIR,Rajouri,Moughla,0,0.0,0.0,14.047,0.0,0.0,0.0,,
JAMMU & KASHMIR,Rajouri,Dhangri,0,0.0,0.0,17.598,0.0,0.0,0.0,,
JAMMU & KASHMIR,Rajouri,KALAKOTE,1,0.148,0.0006,8.942,0.148,0.0,0.0,,
JAMMU & KASHMIR,Rajouri,DOONGI,0,0.0,0.0,10.555,0.0,0.0,0.0,,
JAMMU & KASHMIR,Rajouri,NOWSHERA,14,28.505,0.0623,14.459,9.247,12.646,0.0,,
JAMMU & KASHMIR,Rajouri,Qila Darhal,3,9.281,0.1464,4.308,6.564,1.335,0.0,,
JAMMU & KASHMIR,Mirpur,,0,0.0,0.0,40.178,0.0,0.0,0.0,,
RAJASTHAN,Ganganagar,KARANPUR,18,208.116,0.2609,0.103,0.0,85.022,123.094,,
RAJASTHAN,Anoopgarh,RAISINGHNAGAR,37,343.233,0.2682,0.892,6.277,168.89,149.505,,
RAJASTHAN,Ganganagar,PADAMPUR,23,248.448,0.3015,0.826,0.0,163.916,63.281,,
RAJASTHAN,Ganganagar,GANGANAGAR,30,329.148,0.3462,2.968,0.0,93.395,178.968,,
RAJASTHAN,Ganganagar,SADULSHAHAR,20,190.824,0.255,0.814,19.408,70.85,100.566,,
RAJASTHAN,Hanumangarh,HANUMANGARH,32,337.586,0.2827,3.705,30.279,207.688,80.567,,
RAJASTHAN,Hanumangarh,SANGARIA,19,204.164,0.3222,1.408,53.496,116.234,34.434,,
PUNJAB,Fazilka,ABOHAR,25,195.893,0.2223,0.187,0.0,107.853,88.041,,
PUNJAB,Sri Muktsar Sahib,LAMBI,23,252.18,0.4257,0.662,0.0,93.917,99.176,,
PUNJAB,Sri Muktsar Sahib,MALOUT,29,186.458,0.3425,0.47,15.582,95.684,75.192,,
PUNJAB,Fazilka,Arniwala Shiekh Subhan,23,127.578,0.4135,0.264,27.358,44.28,55.94,,
PUNJAB,Fazilka,FAZILKA,12,107.886,0.2681,1.035,0.0,50.215,57.67,,
PUNJAB,Fazilka,KHUIAN SARWAR,21,160.883,0.2433,0.342,21.667,53.281,85.579,,
PUNJAB,Ferozepur,GURU HAR SAHAI,14,125.094,0.3821,0.138,32.433,49.451,43.21,,
PUNJAB,Ferozepur,MAMDOT,13,89.378,0.2851,0.537,28.239,51.247,9.891,,
PUNJAB,Fazilka,JALALABAD,19,160.407,0.2942,0.311,36.682,81.598,42.127,,
PUNJAB,Sri Muktsar Sahib,MUKTSAR,38,338.875,0.4083,1.81,29.852,78.734,186.606,,
PUNJAB,Faridkot,Jaitu,20,116.309,0.2921,0.41,3.812,67.026,45.471,,
PUNJAB,Faridkot,KOT KAPURA,16,107.426,0.3327,2.826,12.8,34.794,49.522,,
PUNJAB,Ferozepur,GHALL KHURD,29,176.069,0.3458,1.201,0.0,50.381,74.083,,
PUNJAB,Faridkot,FARIDKOT,19,213.84,0.3043,1.03,14.391,68.699,83.848,,
PUNJAB,Ferozepur,FIROZPUR,14,127.02,0.2867,0.001,47.849,47.459,22.804,,
PUNJAB,Tarn Taran,VALTOHA-15,5,37.671,0.1083,0.149,0.0,11.82,25.851,,
PUNJAB,Tarn Taran,BHIKHI WIND-13,20,108.589,0.3204,1.139,9.596,31.315,67.678,,
PUNJAB,Tarn Taran,PATTI-14,17,113.993,0.2972,0.327,7.891,70.964,35.137,,
PUNJAB,Tarn Taran,NAUSHEHRA PANNUAN-11,11,65.836,0.3652,1.18,0.0,47.441,18.396,,
PUNJAB,Tarn Taran,CHOHLA SAHIB-8,12,93.946,0.3245,1.094,22.628,60.425,10.894,,
PUNJAB,Ferozepur,MAKHU,17,137.648,0.4348,1.438,0.0,47.339,63.481,,
PUNJAB,Ferozepur,ZIRA,26,158.644,0.3923,1.168,0.0,66.606,58.531,,
PUNJAB,Moga,KOT-ISE-KHAN,32,232.138,0.4208,0.567,8.798,121.902,101.438,,
PUNJAB,Jalandhar,LOHIAN,2,2.3,0.0084,9.928,0.0,1.059,1.241,,
PUNJAB,Kapurthala,SULTANPUR LODHI,1,1.133,0.0026,12.192,0.0,0.0,1.133,,
PUNJAB,Kapurthala,KAPURTHALA,5,36.322,0.1006,4.111,0.0,4.406,31.916,,
PUNJAB,Jalandhar,NAKODAR,8,42.253,0.1602,0.57,0.0,21.183,21.07,,
PUNJAB,Jalandhar,MEHATPUR,3,17.625,0.1026,3.226,0.0,15.417,2.208,,
PUNJAB,Jalandhar,SHAHKOT,2,7.989,0.0537,1.948,0.0,7.989,0.0,,
PUNJAB,Moga,MOGA-II,18,120.453,0.3771,0.679,0.0,55.707,64.746,,
PUNJAB,Moga,MOGA-I,12,108.671,0.2742,0.756,6.096,49.491,53.085,,
PUNJAB,Moga,BAGHAPURANA,22,188.891,0.3387,0.021,30.608,100.963,57.321,,
PUNJAB,Bathinda,BHAGTA BHAIKA,6,50.023,0.2619,0.357,0.0,35.548,14.475,,
PUNJAB,Moga,NIHAL SINGH WALA,15,85.517,0.2313,2.431,8.815,40.147,36.554,,
PUNJAB,Barnala,SEHNA,22,122.899,0.3004,0.247,19.782,43.414,59.702,,
PUNJAB,Mansa,BHIKHI,24,171.048,0.4496,1.587,10.634,48.393,103.972,,
PUNJAB,Mansa,MANSA,19,143.164,0.3863,1.89,24.539,26.908,91.717,,
PUNJAB,Bathinda,RAMPURA,11,75.648,0.2338,0.731,0.0,16.795,58.854,,
PUNJAB,Bathinda,MAUR,16,96.478,0.3176,0.134,29.154,32.326,34.998,,
PUNJAB,Bathinda,NATHANA,18,134.081,0.3101,0.827,20.492,39.122,74.467,,
PUNJAB,Bathinda,PHUL,15,118.818,0.3526,0.657,14.741,35.989,68.088,,
PUNJAB,Bathinda,GONIANA,13,89.57,0.2946,0.46,0.0,40.005,49.565,,
PUNJAB,Sri Muktsar Sahib,GIDDERBAHA,26,205.866,0.3409,0.298,5.121,73.817,78.327,,
PUNJAB,Bathinda,SANGAT,21,150.754,0.3343,0.844,17.086,64.881,68.787,,
PUNJAB,Bathinda,BATHINDA,21,134.001,0.3394,1.312,23.627,53.381,56.993,,
HARYANA,Sirsa,ODHAN,18,175.227,0.3634,0.485,21.067,88.997,65.163,,
HARYANA,Sirsa,DABWALI,30,308.732,0.3821,1.472,36.62,153.67,84.45,,
RAJASTHAN,Hanumangarh,TIBBI,28,277.216,0.383,0.489,65.114,129.019,61.783,,
HARYANA,Sirsa,RANIA,24,209.087,0.3511,0.941,36.164,71.576,95.012,,
HARYANA,Sirsa,SIRSA,14,121.97,0.2221,1.364,0.0,73.9,37.804,,
HARYANA,Sirsa,BARAGUDHA,20,191.341,0.3724,0.37,36.405,126.539,24.135,,
PUNJAB,Bathinda,TALWANDI SABO,27,195.396,0.3557,0.566,55.967,73.48,65.948,,
PUNJAB,Mansa,JHUNIR,31,122.844,0.3977,0.435,17.692,17.201,87.952,,
HARYANA,Fatehabad,NAGPUR,10,72.27,0.258,0.917,2.543,56.958,12.77,,
PUNJAB,Mansa,SARDULGARH,19,114.757,0.3282,2.191,28.758,61.428,24.572,,
HARYANA,Fatehabad,RATIA,13,121.367,0.347,1.814,42.673,56.762,21.932,,
PUNJAB,Mansa,BUDHLADA,39,248.48,0.3546,1.427,17.473,52.643,178.364,,
HARYANA,Fatehabad,JAKHAL,8,38.223,0.3044,1.244,15.735,22.488,0.0,,
PUNJAB,Sangrur,LEHRAGAGA,39,207.9,0.5177,0.608,21.858,81.158,104.884,,
HARYANA,Fatehabad,TOHANA,16,174.832,0.4743,1.742,47.465,86.993,20.986,,
HARYANA,Fatehabad,BHUNA,19,157.857,0.3672,1.315,28.261,61.266,39.618,,
HARYANA,Jind,UJHANA,13,125.882,0.409,0.667,18.97,29.307,68.622,,
HARYANA,Jind,NARWANA,16,107.497,0.3319,0.139,24.659,14.965,57.628,,
HARYANA,Kaithal,KALAYAT,17,111.771,0.3771,0.19,24.717,38.753,48.301,,
HARYANA,Kaithal,KAITHAL,23,191.646,0.3451,0.369,17.638,43.961,130.047,,
HARYANA,Kaithal,SIWAN,8,80.855,0.2881,0.259,0.0,8.145,72.711,,
PUNJAB,Patiala,PATRAN,21,134.636,0.3339,0.303,58.104,4.878,71.654,,
PUNJAB,Sangrur,ANDANA,14,100.126,0.3197,2.487,23.254,18.609,44.273,,
PUNJAB,Sangrur,DIRBA,22,125.045,0.413,0.714,9.691,58.718,56.636,,
PUNJAB,Patiala,SAMANA,20,161.659,0.4172,2.55,70.909,56.071,34.679,,
HARYANA,Kaithal,GUHLA,11,69.224,0.2105,0.87,6.705,21.778,40.742,,
PUNJAB,Patiala,PATIALA,26,100.868,0.3235,0.004,11.072,36.569,42.397,,
PUNJAB,Patiala,PATIALA RURAL,16,73.077,0.4195,0.056,28.248,25.866,18.036,,
PUNJAB,Patiala,NABHA,32,224.232,0.4197,0.959,26.257,92.659,83.504,,
PUNJAB,Sangrur,BHAWANI GARH,23,143.525,0.42,0.238,23.246,54.276,66.003,,
PUNJAB,Sangrur,DHURI,23,145.669,0.4572,1.064,22.606,58.513,56.441,,
PUNJAB,Sangrur,SHERPUR,9,58.783,0.2195,1.439,18.069,21.594,18.165,,
PUNJAB,Sangrur,SANGRUR,35,240.175,0.5595,0.765,6.262,74.418,150.228,,
PUNJAB,Sangrur,SUNAM,34,189.049,0.4016,1.023,11.62,77.122,100.306,,
PUNJAB,Barnala,BARNALA,33,263.885,0.3895,0.246,38.627,115.074,96.108,,
PUNJAB,Barnala,MEHAL KALAN,10,71.627,0.2387,0.249,16.375,34.588,20.664,,
PUNJAB,Ludhiana,RAIKOT,10,74.273,0.2705,1.101,10.89,36.126,27.257,,
PUNJAB,Malerkotla,AHMEDGARH,9,36.8,0.2017,3.14,10.535,16.816,9.448,,
PUNJAB,Malerkotla,Amargarh,16,106.52,0.3406,0.332,18.89,58.386,27.642,,
PUNJAB,Malerkotla,Ahmedgarh,8,51.499,0.3043,0.069,8.308,37.591,5.6,,
PUNJAB,Ludhiana,PAKHOWAL,11,61.481,0.2953,0.174,10.408,34.533,16.54,,
PUNJAB,Ludhiana,DEHLON,12,63.255,0.4527,0.747,24.727,29.575,8.953,,
PUNJAB,Ludhiana,LUDHIANA-1,11,49.053,0.1873,0.198,6.426,26.002,16.624,,
PUNJAB,Ludhiana,SUDHAR,13,69.082,0.347,3.533,14.497,40.825,13.76,,
PUNJAB,Ludhiana,JAGRAON,17,149.203,0.2554,1.455,29.044,97.708,22.451,,
PUNJAB,Ludhiana,SIDHWAN BET,11,81.405,0.3273,0.012,25.712,40.853,14.84,,
PUNJAB,Jalandhar,NURMAHAL,5,52.511,0.2048,0.534,0.0,27.864,24.648,,
PUNJAB,Jalandhar,RURKA KALAN,11,65.543,0.3499,1.601,0.0,27.356,38.187,,
PUNJAB,Jalandhar,JALANDHAR - WEST,9,67.698,0.2313,0.776,0.0,16.585,51.113,,
PUNJAB,Jalandhar,JALANDHAR-EAST,11,47.993,0.1559,0.942,0.0,33.86,14.133,,
PUNJAB,Kapurthala,PHAGWARA,9,43.517,0.1501,0.978,5.068,16.96,21.49,,
PUNJAB,Shahid Bhagat Singh Nagar,BANGA,9,71.882,0.2726,0.699,0.0,25.877,46.005,,
PUNJAB,Jalandhar,PHILLAUR,11,69.181,0.2397,0.442,6.286,52.198,10.697,,
PUNJAB,Shahid Bhagat Singh Nagar,NAWANSHAHR,9,59.7,0.2248,0.992,30.245,26.115,3.34,,
PUNJAB,Shahid Bhagat Singh Nagar,AUR,8,55.714,0.2571,0.17,12.158,38.039,5.516,,
PUNJAB,Hoshiarpur,MAHILPUR,2,25.584,0.0641,0.216,25.584,0.0,0.0,,
PUNJAB,Hoshiarpur,GARHSHANKAR,6,49.735,0.1313,2.41,42.761,5.779,1.195,,
PUNJAB,Shahid Bhagat Singh Nagar,BALACHAUR,4,29.641,0.0929,4.4,28.7,0.0,0.941,,
PUNJAB,Shahid Bhagat Singh Nagar,SAROYA,0,0.0,0.0,7.654,0.0,0.0,0.0,,
PUNJAB,Fatehgarh Sahib,KHAMANO,13,74.603,0.3899,1.321,5.37,25.86,43.373,,
PUNJAB,Ludhiana,SAMRALA,8,49.075,0.2698,0.125,3.1,17.936,28.04,,
PUNJAB,Ludhiana,MACHHIWARA,6,47.276,0.1515,1.658,20.218,9.397,17.661,,
PUNJAB,Ludhiana,LUDHIANA-2,11,55.387,0.101,0.362,14.08,20.155,21.152,,
PUNJAB,Ludhiana,DORAHA,11,54.384,0.2456,0.877,28.444,7.109,2.376,,
PUNJAB,Ludhiana,Maloud,9,52.083,0.2999,1.058,3.516,30.254,12.904,,
PUNJAB,Fatehgarh Sahib,AMLOH,12,62.927,0.2507,2.929,0.0,28.513,31.443,,
PUNJAB,Ludhiana,KHANNA,13,50.184,0.2047,1.291,0.93,20.712,25.636,,
PUNJAB,Fatehgarh Sahib,SIRHIND,14,114.344,0.426,2.203,35.151,34.769,44.423,,
PUNJAB,Fatehgarh Sahib,BASSI PATHANA,9,69.207,0.3371,1.358,21.301,23.503,24.403,,
PUNJAB,Fatehgarh Sahib,KHERA,5,42.753,0.2124,0.984,7.39,15.293,20.07,,
PUNJAB,Patiala,Shambu Kalan,8,58.746,0.2861,0.018,43.281,14.941,0.523,,
PUNJAB,Patiala,RAJPURA,5,41.162,0.1516,2.77,28.598,8.294,4.269,,
PUNJAB,S.A.S Nagar,DERA BASSI,1,2.723,0.0071,10.513,2.723,0.0,0.0,,
PUNJAB,S.A.S Nagar,MOHALI,0,0.0,0.0,10.594,0.0,0.0,0.0,,
CHANDIGARH,Chandigarh,CHANDIGARH,0,0.0,0.0,13.172,0.0,0.0,0.0,,
PUNJAB,S.A.S Nagar,MAJRI,0,0.0,0.0,16.395,0.0,0.0,0.0,,
PUNJAB,S.A.S Nagar,KHARAR,1,11.324,0.0649,2.109,11.324,0.0,0.0,,
PUNJAB,Rupnagar,MORINDA,6,32.481,0.2246,5.171,25.596,5.795,1.09,,
PUNJAB,Rupnagar,CHAMKAUR SAHIB,5,26.309,0.1421,2.073,25.3,0.0,1.009,,
PUNJAB,Rupnagar,RUPNAGAR,3,90.253,0.2402,0.578,90.253,0.0,0.0,,
PUNJAB,Rupnagar,NURPUR BEDI,0,0.0,0.0,8.982,0.0,0.0,0.0,,
PUNJAB,Rupnagar,ANANDPUR SAHIB,7,67.076,0.2181,2.911,5.693,0.193,0.773,,
HIMACHAL PRADESH,Bilaspur,JHANDUTTA,0,0.0,0.0,12.555,0.0,0.0,0.0,,
HIMACHAL PRADESH,Bilaspur,Shree Naina Devi,8,25.982,0.0981,1.158,0.0,24.959,0.0,,
HIMACHAL PRADESH,Bilaspur,BILASPUR SADAR,0,0.0,0.0,25.062,0.0,0.0,0.0,,
HIMACHAL PRADESH,Solan,NALAGARH,0,0.0,0.0,13.455,0.0,0.0,0.0,,
HIMACHAL PRADESH,Solan,KUNIHAR,0,0.0,0.0,31.784,0.0,0.0,0.0,,
HIMACHAL PRADESH,Mandi,KARSOG,0,0.0,0.0,34.226,0.0,0.0,0.0,,
HIMACHAL PRADESH,Shimla,BASANTPUR,0,0.0,0.0,52.426,0.0,0.0,0.0,,
HIMACHAL PRADESH,Shimla,MASHOBRA,0,0.0,0.0,45.223,0.0,0.0,0.0,,
HIMACHAL PRADESH,Solan,KANDAGHAT,0,0.0,0.0,47.085,0.0,0.0,0.0,,
HIMACHAL PRADESH,Sirmaur,PACHHAD,0,0.0,0.0,38.271,0.0,0.0,0.0,,
HIMACHAL PRADESH,Solan,SOLAN,0,0.0,0.0,44.194,0.0,0.0,0.0,,
HIMACHAL PRADESH,Solan,DHARAMPUR,0,0.0,0.0,37.026,0.0,0.0,0.0,,
HARYANA,Panchkula,PINJORE,0,0.0,0.0,23.63,0.0,0.0,0.0,,
HARYANA,Panchkula,MORNI,0,0.0,0.0,29.166,0.0,0.0,0.0,,
HARYANA,Panchkula,BARWALA,0,0.0,0.0,16.155,0.0,0.0,0.0,,
HARYANA,Panchkula,RAIPUR RANI,0,0.0,0.0,21.912,0.0,0.0,0.0,,
HIMACHAL PRADESH,Sirmaur,NAHAN,0,0.0,0.0,20.378,0.0,0.0,0.0,,
HARYANA,Yamunanagar,SADAURA (PART),0,0.0,0.0,25.257,0.0,0.0,0.0,,
HARYANA,Ambala,NARAINGARH,0,0.0,0.0,24.114,0.0,0.0,0.0,,
HARYANA,Yamunanagar,SARASWATI NAGAR,0,0.0,0.0,13.7,0.0,0.0,0.0,,
HARYANA,Yamunanagar,JAGADHRI,3,37.491,0.1198,0.654,34.703,0.0,0.0,,
HARYANA,Yamunanagar,RADAUR,3,23.594,0.0989,1.291,20.852,0.0,0.0,,
HARYANA,Kurukshetra,LADWA,1,3.577,0.0199,7.893,3.577,0.0,0.0,,
HARYANA,Kurukshetra,BABAIN,0,0.0,0.0,16.571,0.0,0.0,0.0,,
HARYANA,Kurukshetra,PIPLI,0,0.0,0.0,9.273,0.0,0.0,0.0,,
HARYANA,Kurukshetra,SHAHBAD,0,0.0,0.0,10.356,0.0,0.0,0.0,,
HARYANA,Ambala,BARARA,0,0.0,0.0,23.791,0.0,0.0,0.0,,
HARYANA,Ambala,SAHA,0,0.0,0.0,13.562,0.0,0.0,0.0,,
HARYANA,Ambala,SHAHZADPUR,0,0.0,0.0,12.19,0.0,0.0,0.0,,
HARYANA,Ambala,AMBALA-II,6,24.753,0.1398,3.242,0.0,19.092,5.661,,
PUNJAB,Patiala,GHANAUR,9,63.662,0.2663,1.006,31.711,16.86,15.09,,
PUNJAB,Patiala,SANOUR,16,107.629,0.3118,0.022,11.739,56.517,39.374,,
PUNJAB,Patiala,BHUNER HERI,10,103.248,0.2866,0.104,0.0,50.036,53.212,,
HARYANA,Kurukshetra,PEHOWA,18,144.72,0.3017,0.347,0.0,55.94,77.827,,
HARYANA,Ambala,AMBALA-I,20,119.331,0.3283,0.736,24.919,28.642,65.77,,
HARYANA,Kurukshetra,ISMAILABAD,6,42.776,0.4749,0.833,22.152,9.223,11.401,,
HARYANA,Kurukshetra,THANESAR,13,108.65,0.3153,0.592,56.38,24.442,22.027,,
HARYANA,Karnal,NILOKHERI,24,174.726,0.4413,0.683,92.401,26.468,52.185,,
HARYANA,Kaithal,DHAND,12,73.001,0.3623,2.286,14.47,29.051,29.479,,
HARYANA,Kaithal,PUNDRI,11,77.353,0.2863,0.172,39.472,20.213,17.668,,
HARYANA,Kaithal,RAJOUND,12,91.093,0.3292,2.229,13.632,22.538,54.923,,
HARYANA,Karnal,ASSANDH,8,89.185,0.234,1.47,0.0,34.788,54.397,,
HARYANA,Karnal,NISSING AT CHIRAO,17,97.199,0.2847,1.34,19.834,20.084,57.281,,
HARYANA,Karnal,MUNAK,14,81.324,0.3027,2.939,38.646,12.856,29.822,,
HARYANA,Karnal,GHARAUNDA (PART),4,22.083,0.081,5.792,16.615,0.0,5.468,,
HARYANA,Karnal,KARNAL,12,78.946,0.2675,1.67,56.692,3.677,8.943,,
HARYANA,Karnal,KUNJPURA,2,15.362,0.0974,4.176,13.994,0.0,0.0,,
HARYANA,Karnal,INDRI,8,64.077,0.2186,2.252,44.206,4.9,1.446,,
UTTAR PRADESH,Saharanpur,GANGOH,9,32.798,0.0797,10.695,0.0,17.27,15.528,,
UTTAR PRADESH,Shamli,UN,11,59.511,0.1525,2.642,0.0,44.511,15.0,,
UTTAR PRADESH,Shamli,THANA BHAWAN,21,109.413,0.4329,1.084,12.834,51.458,44.833,,
UTTAR PRADESH,Saharanpur,NANAUTA,25,148.172,0.6394,0.213,14.231,61.536,44.895,,
UTTAR PRADESH,Muzaffarnagar,CHARTHAWAL,15,84.883,0.331,0.656,14.196,43.007,27.68,,
UTTAR PRADESH,Saharanpur,DEOBAND,23,120.92,0.4406,1.69,21.634,33.793,51.865,,
UTTAR PRADESH,Saharanpur,NAGAL,8,37.793,0.1419,5.228,8.263,5.057,16.14,,
UTTAR PRADESH,Saharanpur,BALLIA KHERI,18,95.224,0.3553,1.045,13.267,58.863,23.094,,
UTTAR PRADESH,Saharanpur,RAMPUR MANIHARAN,22,121.509,0.5299,0.448,11.223,75.252,35.035,,
UTTAR PRADESH,Saharanpur,NAKUR,7,27.932,0.0891,9.427,0.0,23.779,4.153,,
UTTAR PRADESH,Saharanpur,SARSAWAN,14,46.731,0.134,3.197,0.0,34.989,11.741,,
HARYANA,Yamunanagar,CHHACHHRAULI,3,10.466,0.0529,4.843,10.466,0.0,0.0,,
HARYANA,Yamunanagar,BILASPUR,0,0.0,0.0,15.555,0.0,0.0,0.0,,
HARYANA,Yamunanagar,PARTAP NAGAR,2,38.527,0.1262,2.591,38.527,0.0,0.0,,
UTTARAKHAND,Dehradun,VIKASNAGAR,2,23.985,0.0578,6.252,0.0,0.0,23.985,,
UTTAR PRADESH,Saharanpur,SADAULI QADEEM,16,111.447,0.1824,5.312,22.793,56.378,22.577,,
UTTAR PRADESH,Saharanpur,MUZAFFARABAD,10,46.914,0.1211,8.487,9.914,24.685,12.315,,
UTTAR PRADESH,Saharanpur,PUWARKA,23,113.899,0.4203,0.045,13.969,51.017,48.913,,
UTTARAKHAND,Haridwar,BHAGWANPUR,0,0.0,0.0,13.32,0.0,0.0,0.0,,
UTTARAKHAND,Dehradun,SAHASPUR,0,0.0,0.0,17.861,0.0,0.0,0.0,,
UTTARAKHAND,Dehradun,RAIPUR,0,0.0,0.0,35.087,0.0,0.0,0.0,,
UTTARAKHAND,Dehradun,DOIWALA,0,0.0,0.0,18.964,0.0,0.0,0.0,,
UTTARAKHAND,Haridwar,BAHADRABAD,20,129.761,0.1552,0.422,54.387,25.059,50.315,,
UTTARAKHAND,Haridwar,ROORKEE,4,36.437,0.1631,0.346,32.857,1.227,0.0,,
UTTARAKHAND,Haridwar,NARSAN,21,119.728,0.4461,0.513,33.55,47.036,29.775,,
UTTAR PRADESH,Muzaffarnagar,PURKAJI,29,157.411,0.5538,0.897,29.277,83.882,44.252,,
UTTARAKHAND,Haridwar,KHANPUR,0,0.0,0.0,9.015,0.0,0.0,0.0,,
UTTARAKHAND,Haridwar,LAKSAR,0,0.0,0.0,11.843,0.0,0.0,0.0,,
UTTAR PRADESH,Bijnor,KIRATPUR,36,145.048,0.6141,0.588,33.169,42.463,68.259,,
UTTAR PRADESH,Bijnor,NAJIBABAD,50,246.138,0.3867,0.817,78.538,77.464,88.929,,
UTTARAKHAND,Pauri Garhwal,DWARIKHAL,0,0.0,0.0,37.674,0.0,0.0,0.0,,
UTTARAKHAND,Pauri Garhwal,DUGGADA,1,0.499,0.0005,14.152,0.0,0.0,0.0,,
UTTAR PRADESH,Bijnor,KOTWALI,25,110.695,0.1691,5.717,30.3,25.735,48.706,,
UTTARAKHAND,Pauri Garhwal,RIKHNIKHAL,0,0.0,0.0,22.374,0.0,0.0,0.0,,
UTTARAKHAND,Pauri Garhwal,NAINIDANDA,0,0.0,0.0,30.864,0.0,0.0,0.0,,
UTTARAKHAND,Pauri Garhwal,BIRONKHAL,0,0.0,0.0,49.01,0.0,0.0,0.0,,
UTTARAKHAND,Pauri Garhwal,EKESHWAR,0,0.0,0.0,51.454,0.0,0.0,0.0,,
UTTARAKHAND,Pauri Garhwal,POKHRA,0,0.0,0.0,47.516,0.0,0.0,0.0,,
UTTARAKHAND,Pauri Garhwal,ZAHRIKHAL,0,0.0,0.0,33.871,0.0,0.0,0.0,,
UTTARAKHAND,Pauri Garhwal,KALJIKHAL,0,0.0,0.0,50.229,0.0,0.0,0.0,,
UTTARAKHAND,Pauri Garhwal,PAURI,0,0.0,0.0,59.443,0.0,0.0,0.0,,
UTTARAKHAND,Pauri Garhwal,KHIRSU,0,0.0,0.0,67.784,0.0,0.0,0.0,,
UTTARAKHAND,Pauri Garhwal,PABAU,0,0.0,0.0,66.598,0.0,0.0,0.0,,
UTTARAKHAND,Pauri Garhwal,THALISAIN,0,0.0,0.0,70.727,0.0,0.0,0.0,,
UTTARAKHAND,Rudra Prayag,AUGUSTMUNI,0,0.0,0.0,92.795,0.0,0.0,0.0,,
UTTARAKHAND,Tehri Garhwal,KIRTINAGAR,0,0.0,0.0,66.855,0.0,0.0,0.0,,
UTTARAKHAND,Tehri Garhwal,JAKHNIDHAR,0,0.0,0.0,58.523,0.0,0.0,0.0,,
UTTARAKHAND,Tehri Garhwal,DEOPRAYAG,0,0.0,0.0,48.181,0.0,0.0,0.0,,
UTTARAKHAND,Pauri Garhwal,KOT,0,0.0,0.0,49.285,0.0,0.0,0.0,,
UTTARAKHAND,Tehri Garhwal,NARENDRA NAGAR,0,0.0,0.0,32.917,0.0,0.0,0.0,,
UTTARAKHAND,Pauri Garhwal,YAMKESHWAR,0,0.0,0.0,17.203,0.0,0.0,0.0,,
UTTARAKHAND,Tehri Garhwal,CHAMBA,0,0.0,0.0,48.591,0.0,0.0,0.0,,
UTTARAKHAND,Tehri Garhwal,THAULDHAR,0,0.0,0.0,50.821,0.0,0.0,0.0,,
UTTARAKHAND,Uttar Kashi,DUNDA,0,0.0,0.0,56.776,0.0,0.0,0.0,,
UTTARAKHAND,Uttar Kashi,CHINYALISAUR,0,0.0,0.0,54.692,0.0,0.0,0.0,,
UTTARAKHAND,Uttar Kashi,NAUGAON,0,0.0,0.0,54.72,0.0,0.0,0.0,,
UTTARAKHAND,Tehri Garhwal,PRATAPNAGAR,0,0.0,0.0,66.042,0.0,0.0,0.0,,
UTTARAKHAND,Tehri Garhwal,BHILANGNA,0,0.0,0.0,87.963,0.0,0.0,0.0,,
UTTARAKHAND,Rudra Prayag,AUGUSTMUNI,0,0.0,0.0,90.22,0.0,0.0,0.0,,
UTTARAKHAND,Rudra Prayag,UKHIMATH,0,0.0,0.0,113.116,0.0,0.0,0.0,,
UTTARAKHAND,Uttar Kashi,BHATWARI,0,0.0,0.0,127.627,0.0,0.0,0.0,,
HIMACHAL PRADESH,Kinnaur,KALPA,0,0.0,0.0,108.777,0.0,0.0,0.0,,
HIMACHAL PRADESH,Shimla,CHAUHARA,0,0.0,0.0,88.797,0.0,0.0,0.0,,
UTTARAKHAND,Uttar Kashi,MORI,0,0.0,0.0,76.414,0.0,0.0,0.0,,
UTTARAKHAND,Uttar Kashi,PUROLA,0,0.0,0.0,48.953,0.0,0.0,0.0,,
UTTARAKHAND,Tehri Garhwal,JAUNPUR,0,0.0,0.0,38.674,0.0,0.0,0.0,,
UTTARAKHAND,Dehradun,KALSI,0,0.0,0.0,15.117,0.0,0.0,0.0,,
UTTARAKHAND,Dehradun,CHAKRATA,0,0.0,0.0,37.387,0.0,0.0,0.0,,
HIMACHAL PRADESH,Shimla,CHAUPAL,0,0.0,0.0,44.487,0.0,0.0,0.0,,
HIMACHAL PRADESH,Shimla,Kupvi,0,0.0,0.0,35.511,0.0,0.0,0.0,,
HIMACHAL PRADESH,Sirmaur,SHILLAI,0,0.0,0.0,22.37,0.0,0.0,0.0,,
HIMACHAL PRADESH,Sirmaur,PAONTA SAHIB,22,63.941,0.0856,2.319,58.308,5.633,0.0,,
HIMACHAL PRADESH,Sirmaur,SANGRAH,0,0.0,0.0,22.973,0.0,0.0,0.0,,
HIMACHAL PRADESH,Sirmaur,RAJGARH,0,0.0,0.0,43.018,0.0,0.0,0.0,,
HIMACHAL PRADESH,Shimla,THEOG,0,0.0,0.0,61.317,0.0,0.0,0.0,,
HIMACHAL PRADESH,Shimla,Kotkhai,0,0.0,0.0,69.809,0.0,0.0,0.0,,
HIMACHAL PRADESH,Shimla,JUBBAL,0,0.0,0.0,59.69,0.0,0.0,0.0,,
HIMACHAL PRADESH,Shimla,ROHRU,0,0.0,0.0,77.244,0.0,0.0,0.0,,
HIMACHAL PRADESH,Shimla,NANKHARI,0,0.0,0.0,65.769,0.0,0.0,0.0,,
HIMACHAL PRADESH,Shimla,NARKANDA,0,0.0,0.0,53.126,0.0,0.0,0.0,,
HIMACHAL PRADESH,Kullu,ANNI,0,0.0,0.0,43.97,0.0,0.0,0.0,,
HIMACHAL PRADESH,Kullu,NIRMAND,0,0.0,0.0,61.171,0.0,0.0,0.0,,
HIMACHAL PRADESH,Shimla,RAMPUR,0,0.0,0.0,75.623,0.0,0.0,0.0,,
HIMACHAL PRADESH,Kullu,BANJAR,0,0.0,0.0,50.547,0.0,0.0,0.0,,
HIMACHAL PRADESH,Kullu,KULLU,0,0.0,0.0,65.463,0.0,0.0,0.0,,
HIMACHAL PRADESH,Kinnaur,NICHAR,0,0.0,0.0,97.473,0.0,0.0,0.0,,
HIMACHAL PRADESH,Kinnaur,POOH,0,0.0,0.0,137.552,0.0,0.0,0.0,,
LADAKH,Leh Ladakh,NYOMA,0,0.0,0.0,135.382,0.0,0.0,0.0,,
LADAKH,Leh Ladakh,Rupsho,0,0.0,0.0,94.378,0.0,0.0,0.0,,
HIMACHAL PRADESH,Lahul And Spiti,SPITI,0,0.0,0.0,137.056,0.0,0.0,0.0,,
LADAKH,Kargil,ZANSKER,0,0.0,0.0,88.484,0.0,0.0,0.0,,
HIMACHAL PRADESH,Chamba,PANGI,0,0.0,0.0,69.424,0.0,0.0,0.0,,
HIMACHAL PRADESH,Chamba,BHARMOUR,0,0.0,0.0,55.995,0.0,0.0,0.0,,
HIMACHAL PRADESH,Lahul And Spiti,LAHUL,0,0.0,0.0,106.586,0.0,0.0,0.0,,
HIMACHAL PRADESH,Kullu,NAGGAR,0,0.0,0.0,60.658,0.0,0.0,0.0,,
HIMACHAL PRADESH,Mandi,DRANG,0,0.0,0.0,32.178,0.0,0.0,0.0,,
HIMACHAL PRADESH,Mandi,SERAJ,0,0.0,0.0,20.648,0.0,0.0,0.0,,
HIMACHAL PRADESH,Mandi,BALI CHOWKI,0,0.0,0.0,28.891,0.0,0.0,0.0,,
HIMACHAL PRADESH,Mandi,GOHAR,0,0.0,0.0,8.532,0.0,0.0,0.0,,
HIMACHAL PRADESH,Mandi,SUNDARNAGAR,9,20.561,0.0405,13.444,3.642,2.777,9.379,,
HIMACHAL PRADESH,Mandi,BALH,3,0.964,0.0042,5.087,0.0,0.0,0.964,,
HIMACHAL PRADESH,Mandi,MANDI SADAR,11,30.285,0.0519,7.389,9.326,0.0,13.917,,
HIMACHAL PRADESH,Mandi,DHARMPUR,0,0.0,0.0,24.638,0.0,0.0,0.0,,
HIMACHAL PRADESH,Mandi,GOPALPUR,0,0.0,0.0,10.537,0.0,0.0,0.0,,
HIMACHAL PRADESH,Bilaspur,GHUMARWIN,0,0.0,0.0,18.433,0.0,0.0,0.0,,
HIMACHAL PRADESH,Hamirpur,BHORANJ,0,0.0,0.0,21.953,0.0,0.0,0.0,,
HIMACHAL PRADESH,Hamirpur,BIJHRI,0,0.0,0.0,18.947,0.0,0.0,0.0,,
HIMACHAL PRADESH,Hamirpur,HAMIRPUR,0,0.0,0.0,30.89,0.0,0.0,0.0,,
HIMACHAL PRADESH,Hamirpur,TIRA SUJANPUR,0,0.0,0.0,38.567,0.0,0.0,0.0,,
HIMACHAL PRADESH,Hamirpur,BAMSON,0,0.0,0.0,37.882,0.0,0.0,0.0,,
HIMACHAL PRADESH,Kangra,BHAWARNA,0,0.0,0.0,38.649,0.0,0.0,0.0,,
HIMACHAL PRADESH,Kangra,SULAH,0,0.0,0.0,45.568,0.0,0.0,0.0,,
HIMACHAL PRADESH,Kangra,LAMBAGAON,0,0.0,0.0,45.626,0.0,0.0,0.0,,
HIMACHAL PRADESH,Mandi,CHAUNTRA,0,0.0,0.0,35.865,0.0,0.0,0.0,,
HIMACHAL PRADESH,Kangra,BAIJNATH,0,0.0,0.0,60.905,0.0,0.0,0.0,,
HIMACHAL PRADESH,Kangra,PANCHRUKHI,0,0.0,0.0,46.107,0.0,0.0,0.0,,
HIMACHAL PRADESH,Kangra,DHARAMSHALA,0,0.0,0.0,29.256,0.0,0.0,0.0,,
HIMACHAL PRADESH,Kangra,RAIT,0,0.0,0.0,20.48,0.0,0.0,0.0,,
HIMACHAL PRADESH,Kangra,NAGROTA SURIAN,55,62.634,0.116,2.094,16.321,5.899,40.413,,
HIMACHAL PRADESH,Kangra,DEHRA GOPIPUR,0,0.0,0.0,33.489,0.0,0.0,0.0,,
HIMACHAL PRADESH,Kangra,KANGRA,0,0.0,0.0,21.783,0.0,0.0,0.0,,
HIMACHAL PRADESH,Kangra,NAGROTA BAGWAN,0,0.0,0.0,32.757,0.0,0.0,0.0,,
HIMACHAL PRADESH,Hamirpur,NADAUN,0,0.0,0.0,25.33,0.0,0.0,0.0,,
HIMACHAL PRADESH,Una,BANGANA,0,0.0,0.0,10.751,0.0,0.0,0.0,,
HIMACHAL PRADESH,Una,UNA,8,19.203,0.0869,2.775,0.0,0.0,19.203,,
HIMACHAL PRADESH,Una,HAROLI,0,0.0,0.0,10.571,0.0,0.0,0.0,,
HIMACHAL PRADESH,Una,GAGRET,0,0.0,0.0,13.509,0.0,0.0,0.0,,
HIMACHAL PRADESH,Una,AMB,0,0.0,0.0,25.618,0.0,0.0,0.0,,
HIMACHAL PRADESH,Kangra,PRAGPUR,0,0.0,0.0,26.656,0.0,0.0,0.0,,
PUNJAB,Hoshiarpur,BHUNGA,10,58.787,0.1093,0.172,23.015,14.257,19.623,,
PUNJAB,Hoshiarpur,HOSHIARPUR-I,2,12.385,0.0366,7.345,12.385,0.0,0.0,,
PUNJAB,Hoshiarpur,HOSHIARPUR-II,2,18.718,0.0442,3.493,18.718,0.0,0.0,,
PUNJAB,Jalandhar,BHOGPUR,1,1.319,0.0066,8.091,0.0,1.319,0.0,,
PUNJAB,Jalandhar,ADAMPUR,7,49.592,0.2666,0.541,9.833,35.087,4.671,,
PUNJAB,Kapurthala,NADALA,0,0.0,0.0,12.155,0.0,0.0,0.0,,
PUNJAB,Hoshiarpur,TANDA,0,0.0,0.0,12.275,0.0,0.0,0.0,,
PUNJAB,Hoshiarpur,DASUYA,10,62.326,0.1854,1.111,14.364,24.905,15.175,,
PUNJAB,Hoshiarpur,MUKERIAN,13,63.831,0.2742,0.399,8.528,49.908,3.545,,
PUNJAB,Hoshiarpur,HAJIPUR,14,87.342,0.5282,0.019,26.699,31.459,0.0,,
PUNJAB,Hoshiarpur,TALWARA,5,27.282,0.1242,6.206,13.121,0.0,1.425,,
HIMACHAL PRADESH,Kangra,FATEHPUR,5,35.238,0.1293,6.001,31.854,3.384,0.0,,
HIMACHAL PRADESH,Kangra,INDORA,7,68.304,0.1466,3.645,40.913,26.288,0.0,,
HIMACHAL PRADESH,Kangra,NURPUR,0,0.0,0.0,14.19,0.0,0.0,0.0,,
PUNJAB,Pathankot,SUJANPUR,12,45.436,0.4382,0.194,13.026,3.946,0.0,,
PUNJAB,Pathankot,PATHANKOT,6,25.194,0.1562,2.626,4.478,0.0,0.0,,
PUNJAB,Pathankot,GHAROTA,4,21.993,0.2018,2.946,11.078,3.612,0.0,,
JAMMU & KASHMIR,Kathua,KATHUA,18,63.237,0.3702,0.156,23.269,26.318,5.962,,
JAMMU & KASHMIR,Kathua,Keerian Gangyal,4,14.042,0.1187,3.879,13.683,0.0,0.0,,
JAMMU & KASHMIR,Kathua,Mahanpur,0,0.0,0.0,14.454,0.0,0.0,0.0,,
JAMMU & KASHMIR,Kathua,Mandli,0,0.0,0.0,18.921,0.0,0.0,0.0,,
JAMMU & KASHMIR,Kathua,BILLAWAR,0,0.0,0.0,19.369,0.0,0.0,0.0,,
JAMMU & KASHMIR,Kathua,Duggain,0,0.0,0.0,27.614,0.0,0.0,0.0,,
JAMMU & KASHMIR,Kathua,LOHAI-MALHAR,0,0.0,0.0,28.83,0.0,0.0,0.0,,
JAMMU & KASHMIR,Kathua,Baggan,0,0.0,0.0,22.087,0.0,0.0,0.0,,
JAMMU & KASHMIR,Kathua,Dhar Mahanpur,0,0.0,0.0,15.623,0.0,0.0,0.0,,
JAMMU & KASHMIR,Kathua,BANI,0,0.0,0.0,22.196,0.0,0.0,0.0,,
JAMMU & KASHMIR,Kathua,DUGGAN,0,0.0,0.0,14.508,0.0,0.0,0.0,,
JAMMU & KASHMIR,Kathua,Bhoond,1,3.772,0.0449,3.322,0.0,0.0,0.0,,
JAMMU & KASHMIR,Kathua,BASOHLI,0,0.0,0.0,10.748,0.0,0.0,0.0,,
PUNJAB,Pathankot,DHARKALAN,3,0.781,0.0024,8.434,0.309,0.064,0.0,,
HIMACHAL PRADESH,Chamba,BHATTIYAT,0,0.0,0.0,22.56,0.0,0.0,0.0,,
HIMACHAL PRADESH,Chamba,MEHLA,0,0.0,0.0,34.201,0.0,0.0,0.0,,
HIMACHAL PRADESH,Chamba,TISA,0,0.0,0.0,34.138,0.0,0.0,0.0,,
HIMACHAL PRADESH,Chamba,CHAMBA,0,0.0,0.0,23.012,0.0,0.0,0.0,,
HIMACHAL PRADESH,Chamba,SALUNI,0,0.0,0.0,18.106,0.0,0.0,0.0,,
JAMMU & KASHMIR,Doda,Changa,0,0.0,0.0,45.777,0.0,0.0,0.0,,
JAMMU & KASHMIR,Doda,BHALESSA(GANDOH),0,0.0,0.0,44.595,0.0,0.0,0.0,,
JAMMU & KASHMIR,Kishtwar,Bunjwah,0,0.0,0.0,58.09,0.0,0.0,0.0,,
JAMMU & KASHMIR,Doda,Chilli Pingal,0,0.0,0.0,48.537,0.0,0.0,0.0,,
JAMMU & KASHMIR,Doda,Jakyas,0,0.0,0.0,48.767,0.0,0.0,0.0,,
JAMMU & KASHMIR,Kishtwar,DRABSHALLA,0,0.0,0.0,65.441,0.0,0.0,0.0,,
JAMMU & KASHMIR,Kishtwar,KISHTWAR,0,0.0,0.0,70.195,0.0,0.0,0.0,,
JAMMU & KASHMIR,Kishtwar,Trigam,0,0.0,0.0,63.354,0.0,0.0,0.0,,
JAMMU & KASHMIR,Doda,THATHRI,0,0.0,0.0,48.543,0.0,0.0,0.0,,
JAMMU & KASHMIR,Doda,Kahara,0,0.0,0.0,52.914,0.0,0.0,0.0,,
JAMMU & KASHMIR,Doda,Chiralla,0,0.0,0.0,40.759,0.0,0.0,0.0,,
JAMMU & KASHMIR,Doda,Bhalla,0,0.0,0.0,38.538,0.0,0.0,0.0,,
JAMMU & KASHMIR,Doda,BHADERWAH,0,0.0,0.0,41.672,0.0,0.0,0.0,,
JAMMU & KASHMIR,Udhampur,DUDU,0,0.0,0.0,35.877,0.0,0.0,0.0,,
JAMMU & KASHMIR,Doda,Khellani,0,0.0,0.0,30.33,0.0,0.0,0.0,,
JAMMU & KASHMIR,Doda,DODA,0,0.0,0.0,40.228,0.0,0.0,0.0,,
JAMMU & KASHMIR,Doda,GUNDANA,0,0.0,0.0,50.734,0.0,0.0,0.0,,
JAMMU & KASHMIR,Doda,Dali Udhyanpur,0,0.0,0.0,47.089,0.0,0.0,0.0,,
JAMMU & KASHMIR,Kishtwar,Mughalmaidan,0,0.0,0.0,46.944,0.0,0.0,0.0,,
JAMMU & KASHMIR,Kishtwar,Thakraie,0,0.0,0.0,53.151,0.0,0.0,0.0,,
JAMMU & KASHMIR,Kishtwar,Palmar,0,0.0,0.0,55.891,0.0,0.0,0.0,,
JAMMU & KASHMIR,Kishtwar,NAGSENI,0,0.0,0.0,67.961,0.0,0.0,0.0,,
JAMMU & KASHMIR,Kishtwar,INDERWAL,0,0.0,0.0,36.229,0.0,0.0,0.0,,
JAMMU & KASHMIR,Kishtwar,WARWAN,0,0.0,0.0,32.546,0.0,0.0,0.0,,
LADAKH,Kargil,TAISURU,1,11.349,0.0057,10.099,11.349,0.0,0.0,,
LADAKH,Kargil,SANKOO,0,0.0,0.0,22.483,0.0,0.0,0.0,,
JAMMU & KASHMIR,Kishtwar,MARWAH,0,0.0,0.0,44.573,0.0,0.0,0.0,,
JAMMU & KASHMIR,Kishtwar,DACHHAN,0,0.0,0.0,63.035,0.0,0.0,0.0,,
JAMMU & KASHMIR,Kishtwar,PADDER,0,0.0,0.0,88.04,0.0,0.0,0.0,,
LADAKH,Kargil,Karsha,0,0.0,0.0,72.152,0.0,0.0,0.0,,
LADAKH,Leh Ladakh,LEH,1,5.087,0.0016,30.639,5.087,0.0,0.0,,
LADAKH,Leh Ladakh,Saspol,0,0.0,0.0,36.102,0.0,0.0,0.0,,
LADAKH,Kargil,LUNGNAK,0,0.0,0.0,56.189,0.0,0.0,0.0,,
LADAKH,Kargil,SHAKER CHAKTAN,0,0.0,0.0,44.073,0.0,0.0,0.0,,
LADAKH,Leh Ladakh,KHALTSI,0,0.0,0.0,59.634,0.0,0.0,0.0,,
LADAKH,Kargil,KARGIL,1,1.526,0.0022,8.669,0.0,0.0,0.0,,
LADAKH,Kargil,SHARGOL,0,0.0,0.0,20.094,0.0,0.0,0.0,,
LADAKH,Kargil,GM PORA (TRESPONE),0,0.0,0.0,12.445,0.0,0.0,0.0,,
LADAKH,Kargil,DRASS,0,0.0,0.0,35.966,0.0,0.0,0.0,,
LADAKH,Leh Ladakh,LEH,0,0.0,0.0,166.261,0.0,0.0,0.0,,
LADAKH,Leh Ladakh,Panamic,0,0.0,0.0,95.784,0.0,0.0,0.0,,
LADAKH,Leh Ladakh,Deskit,0,0.0,0.0,60.018,0.0,0.0,0.0,,
LADAKH,Leh Ladakh,Chuchot,2,29.813,0.0331,10.31,24.713,0.0,0.0,,
LADAKH,Leh Ladakh,KHARU,2,13.309,0.0054,22.451,12.942,0.0,0.0,,
LADAKH,Leh Ladakh,DURBUK,0,0.0,0.0,60.214,0.0,0.0,0.0,,
UTTARAKHAND,Chamoli,DASHOLI,0,0.0,0.0,118.767,0.0,0.0,0.0,,
UTTARAKHAND,Chamoli,JOSHIMATH,0,0.0,0.0,147.852,0.0,0.0,0.0,,
UTTARAKHAND,Bageshwar,KAPKOTE,0,0.0,0.0,95.818,0.0,0.0,0.0,,
UTTARAKHAND,Chamoli,DEWAL,0,0.0,0.0,96.855,0.0,0.0,0.0,,
UTTARAKHAND,Chamoli,GHAT,0,0.0,0.0,106.608,0.0,0.0,0.0,,
UTTARAKHAND,Chamoli,POKHARI,0,0.0,0.0,105.733,0.0,0.0,0.0,,
UTTARAKHAND,Chamoli,KARNAPRAYAG,0,0.0,0.0,90.026,0.0,0.0,0.0,,
UTTARAKHAND,Chamoli,NARAYANBAGAR,0,0.0,0.0,86.169,0.0,0.0,0.0,,
UTTARAKHAND,Chamoli,GAIRSAIN,0,0.0,0.0,74.817,0.0,0.0,0.0,,
UTTARAKHAND,Chamoli,THARALI,0,0.0,0.0,84.508,0.0,0.0,0.0,,
UTTARAKHAND,Almora,CHAUKHUTIYA,0,0.0,0.0,57.96,0.0,0.0,0.0,,
UTTARAKHAND,Almora,SYALDEY,0,0.0,0.0,48.241,0.0,0.0,0.0,,
UTTARAKHAND,Almora,BHIKIYASAIN,0,0.0,0.0,33.939,0.0,0.0,0.0,,
UTTARAKHAND,Almora,SULT,0,0.0,0.0,27.522,0.0,0.0,0.0,,
UTTARAKHAND,Almora,TARIKHET,0,0.0,0.0,36.882,0.0,0.0,0.0,,
UTTARAKHAND,Almora,DWARAHAT,0,0.0,0.0,46.802,0.0,0.0,0.0,,
UTTARAKHAND,Almora,LAMGARA,0,0.0,0.0,33.063,0.0,0.0,0.0,,
UTTARAKHAND,Almora,HAWALBAG,0,0.0,0.0,40.602,0.0,0.0,0.0,,
UTTARAKHAND,Almora,TAKULA,0,0.0,0.0,54.362,0.0,0.0,0.0,,
UTTARAKHAND,Bageshwar,GARUR,0,0.0,0.0,72.519,0.0,0.0,0.0,,
UTTARAKHAND,Bageshwar,BAGESHWAR,0,0.0,0.0,65.831,0.0,0.0,0.0,,
UTTARAKHAND,Pithoragarh,GANGOLIHAT,0,0.0,0.0,64.143,0.0,0.0,0.0,,
UTTARAKHAND,Almora,BHAISIYA CHHANA,0,0.0,0.0,44.869,0.0,0.0,0.0,,
UTTARAKHAND,Almora,DHAULADEVI,0,0.0,0.0,45.069,0.0,0.0,0.0,,
UTTARAKHAND,Pithoragarh,KANALICHINA,0,0.0,0.0,80.414,0.0,0.0,0.0,,
UTTARAKHAND,Pithoragarh,PITHORAGARH,0,0.0,0.0,62.308,0.0,0.0,0.0,,
UTTARAKHAND,Pithoragarh,MUNAKOT,0,0.0,0.0,64.334,0.0,0.0,0.0,,
UTTARAKHAND,Pithoragarh,DIDIHAT,0,0.0,0.0,85.943,0.0,0.0,0.0,,
UTTARAKHAND,Pithoragarh,BERINAG,0,0.0,0.0,76.181,0.0,0.0,0.0,,
UTTARAKHAND,Pithoragarh,MUNSYARI,0,0.0,0.0,130.985,0.0,0.0,0.0,,
UTTARAKHAND,Pithoragarh,DHARCHULA,0,0.0,0.0,137.855,0.0,0.0,0.0,,
UTTAR PRADESH,Kheri,RAMIA BEHAR,10,79.545,0.1554,1.097,50.841,5.174,22.839,,
UTTAR PRADESH,Bahraich,MIHINPURWA,6,75.304,0.0718,0.171,23.205,0.0,4.528,,
UTTAR PRADESH,Bahraich,BALAHA,5,26.667,0.0903,6.085,20.529,4.478,1.341,,
UTTAR PRADESH,Kheri,DHAURHARA,1,5.402,0.0165,7.485,5.402,0.0,0.0,,
UTTAR PRADESH,Kheri,ISANAGAR,0,0.0,0.0,18.895,0.0,0.0,0.0,,
UTTAR PRADESH,Sitapur,BEHTA,0,0.0,0.0,13.226,0.0,0.0,0.0,,
UTTAR PRADESH,Sitapur,SAKRAN,3,10.057,0.0334,8.53,0.0,0.0,1.996,,
UTTAR PRADESH,Bahraich,SHIVPUR,12,63.375,0.1713,0.191,13.049,22.079,28.247,,
UTTAR PRADESH,Bahraich,MAHASI,14,81.807,0.2035,2.068,22.314,25.309,34.184,,
UTTAR PRADESH,Bahraich,CHITAURA,27,105.38,0.3493,1.957,14.695,28.387,62.298,,
UTTAR PRADESH,Bahraich,RISIA,2,16.754,0.0673,4.807,13.07,0.0,0.0,,
UTTAR PRADESH,Bahraich,NAWABGANJ,15,94.342,0.3502,1.126,22.898,35.379,36.065,,
UTTAR PRADESH,Shravasti,JAMUNAHA,9,48.78,0.1465,3.541,17.725,7.482,6.115,,
UTTAR PRADESH,Shravasti,GILAULA,19,144.164,0.475,0.528,33.5,22.702,76.594,,
UTTAR PRADESH,Shravasti,HARIHARPUR RANI,2,7.217,0.0174,8.423,6.697,0.0,0.0,,
UTTAR PRADESH,Shravasti,SIRSIYA,1,29.597,0.055,3.412,29.597,0.0,0.0,,
UTTAR PRADESH,Balrampur,HARRIYA SATGHARWA,1,13.679,0.0229,4.397,13.679,0.0,0.0,,
UTTAR PRADESH,Balrampur,PACHPEDWA,16,128.551,0.2687,3.112,33.91,0.0,94.641,,
UTTAR PRADESH,Siddharth Nagar,ITWA,7,62.518,0.2528,0.7,0.0,32.268,30.25,,
UTTAR PRADESH,Siddharth Nagar,KHUNIYAON,5,31.741,0.1317,1.896,0.0,25.813,5.928,,
UTTAR PRADESH,Siddharth Nagar,DOMARIYAGANJ,15,97.163,0.339,0.586,40.006,23.496,31.059,,
UTTAR PRADESH,Siddharth Nagar,BHANWAPUR,6,62.743,0.2257,1.801,0.0,53.981,4.118,,
UTTAR PRADESH,Balrampur,GAINDAS BUJURG,12,48.827,0.3283,1.6,9.33,16.109,23.388,,
UTTAR PRADESH,Balrampur,REHERA BAZAAR,3,40.879,0.1789,0.839,26.958,7.526,6.395,,
UTTAR PRADESH,Balrampur,UTRAULA,13,58.773,0.3804,0.246,6.802,26.52,25.213,,
UTTAR PRADESH,Balrampur,GAISRI,7,32.048,0.0552,3.564,15.569,14.032,1.075,,
UTTAR PRADESH,Balrampur,TULSIPUR,1,20.487,0.0486,4.231,20.487,0.0,0.0,,
UTTAR PRADESH,Balrampur,BALRAMPUR,3,36.224,0.0827,2.01,20.781,0.0,15.443,,
UTTAR PRADESH,Shravasti,EKONA,1,23.209,0.0847,2.18,23.209,0.0,0.0,,
UTTAR PRADESH,Gonda,ITIATHOK,19,97.741,0.4103,0.244,31.345,12.285,54.111,,
UTTAR PRADESH,Gonda,RUPAIDEEH,31,142.968,0.506,0.023,34.875,41.759,66.334,,
UTTAR PRADESH,Gonda,PANDRI KRIPAL,9,56.816,0.3964,0.543,22.529,0.0,34.287,,
UTTAR PRADESH,Gonda,MUJEHANA,26,122.971,0.5256,0.447,27.64,18.111,77.219,,
UTTAR PRADESH,Balrampur,SHRIDUTTGANJ,12,50.279,0.2802,0.781,14.53,10.192,25.557,,
UTTAR PRADESH,Gonda,MANKAPUR,10,78.021,0.3065,1.865,38.643,5.107,34.27,,
UTTAR PRADESH,Gonda,NAWABGANJ,1,8.759,0.0324,3.886,8.759,0.0,0.0,,
UTTAR PRADESH,Gonda,JHANJHARI,9,33.062,0.1448,4.888,20.318,3.521,9.223,,
UTTAR PRADESH,Gonda,TARABGANJ,2,3.24,0.0119,6.055,0.0,2.149,1.091,,
UTTAR PRADESH,Gonda,WAZIRGANJ,5,39.843,0.1947,1.634,14.29,4.205,21.348,,
UTTAR PRADESH,Ayodhya,SOHAWAL,9,38.071,0.1854,1.561,20.756,2.549,14.766,,
UTTAR PRADESH,Ayodhya,MASODHA,18,91.357,0.3241,0.708,16.7,24.191,50.466,,
UTTAR PRADESH,Basti,VIKRAM JOT,4,42.518,0.1859,2.103,5.971,31.571,4.976,,
UTTAR PRADESH,Ayodhya,PURA BAZAR,16,75.073,0.3456,0.429,16.763,13.093,40.202,,
UTTAR PRADESH,Basti,DUBAULIYA,1,19.68,0.1006,3.011,0.0,19.68,0.0,,
UTTAR PRADESH,Basti,HARRAIYA,3,33.276,0.156,2.986,15.545,17.731,0.0,,
UTTAR PRADESH,Basti,PARAS RAMPUR,3,20.041,0.0957,5.725,17.428,2.613,0.0,,
UTTAR PRADESH,Gonda,CHHAPIA,13,76.4,0.338,0.242,11.95,24.839,39.612,,
UTTAR PRADESH,Gonda,BABHANJOT,4,26.915,0.1247,0.912,11.099,6.712,9.105,,
UTTAR PRADESH,Basti,GAUR,10,56.437,0.2392,2.027,2.444,29.57,24.423,,
UTTAR PRADESH,Basti,RAMNAGAR,15,73.339,0.3593,0.566,27.656,9.515,36.168,,
UTTAR PRADESH,Basti,SALTAUA GOPAL PUR,20,86.039,0.4046,0.292,19.66,25.565,40.813,,
UTTAR PRADESH,Basti,BASTI,4,19.364,0.098,2.01,0.0,17.935,1.429,,
UTTAR PRADESH,Basti,KAPTANGANJ,1,1.849,0.0144,5.844,0.0,1.849,0.0,,
UTTAR PRADESH,Basti,BAHADURPUR,1,9.805,0.0482,4.231,0.0,9.805,0.0,,
UTTAR PRADESH,Basti,KUDARAHA,1,7.992,0.0516,4.742,0.0,7.992,0.0,,
UTTAR PRADESH,Ambedkar Nagar,BASKHARI,13,71.437,0.3987,0.91,17.701,10.473,43.263,,
UTTAR PRADESH,Ambedkar Nagar,TANDA,32,125.332,0.4419,0.249,24.878,16.801,83.653,,
UTTAR PRADESH,Ayodhya,MAYA BAZAR,21,100.911,0.5463,0.525,3.815,40.629,56.466,,
UTTAR PRADESH,Ambedkar Nagar,KATEHARI,11,42.714,0.166,4.128,0.0,12.191,30.522,,
UTTAR PRADESH,Ambedkar Nagar,AKBARPUR,20,80.082,0.2018,4.136,13.971,21.173,44.938,,
UTTAR PRADESH,Sultanpur,DOSTPUR,16,67.326,0.4163,0.666,0.0,38.368,28.958,,
UTTAR PRADESH,Sultanpur,AKHAND NAGAR,8,67.891,0.2595,1.543,0.0,29.039,38.852,,
UTTAR PRADESH,Ambedkar Nagar,JALAL PUR,5,23.539,0.0829,3.94,16.326,0.0,7.213,,
UTTAR PRADESH,Azamgarh,PAWAI,2,34.764,0.1676,0.849,0.0,18.828,15.936,,
UTTAR PRADESH,Jaunpur,KHUTHAN,6,30.956,0.1659,2.241,17.38,6.287,7.289,,
UTTAR PRADESH,Jaunpur,SHAH GANJ,17,78.851,0.2776,0.283,10.859,44.839,23.152,,
UTTAR PRADESH,Azamgarh,PHULPUR,16,61.422,0.3381,0.307,0.0,32.948,28.474,,
UTTAR PRADESH,Jaunpur,DHARMA PUR,1,10.201,0.061,6.548,0.0,10.201,0.0,,
UTTAR PRADESH,Jaunpur,KARANJA KALA,2,16.776,0.0945,0.689,0.0,12.654,4.122,,
UTTAR PRADESH,Jaunpur,BADLA PUR,14,63.891,0.312,1.993,0.0,40.008,23.883,,
UTTAR PRADESH,Jaunpur,BAKSHA,9,44.482,0.2555,1.343,0.0,21.859,22.623,,
UTTAR PRADESH,Jaunpur,SIKRARA,2,15.731,0.0934,3.729,12.389,3.341,0.0,,
UTTAR PRADESH,Jaunpur,SUITHA KALA,4,29.791,0.1441,2.474,18.252,0.0,11.539,,
UTTAR PRADESH,Sultanpur,KADIPUR,6,25.388,0.1165,4.696,13.116,0.716,11.556,,
UTTAR PRADESH,Sultanpur,P.P.KAMAICHA,7,30.401,0.2231,0.831,0.0,20.498,9.903,,
UTTAR PRADESH,Sultanpur,LAMBHUA,24,93.964,0.4518,0.203,0.0,49.541,44.423,,
UTTAR PRADESH,Sultanpur,BHADAIYA,15,69.344,0.3771,1.774,0.0,25.708,43.636,,
UTTAR PRADESH,Pratapgarh,ASPUR DEOSARA,15,77.783,0.3709,0.698,0.0,40.435,37.348,,
UTTAR PRADESH,Jaunpur,MAHARAJ GANJ,18,78.868,0.4315,0.06,0.0,29.927,48.942,,
UTTAR PRADESH,Jaunpur,SUJAN GANJ,7,48.92,0.2174,0.763,25.974,11.767,11.179,,
UTTAR PRADESH,Pratapgarh,PATTI,13,59.32,0.3034,1.766,0.0,39.448,19.873,,
UTTAR PRADESH,Pratapgarh,BABA BELKHARNATH DHAM,2,14.141,0.1647,0.263,0.0,14.141,0.0,,
UTTAR PRADESH,Pratapgarh,SHIVGARH,0,0.0,0.0,4.88,0.0,0.0,0.0,,
UTTAR PRADESH,Pratapgarh,GAURA,4,42.211,0.1815,1.89,30.109,9.458,2.644,,
UTTAR PRADESH,Pratapgarh,PRATAPGARH (SADAR),6,18.463,0.0924,0.967,0.0,8.142,10.321,,
UTTAR PRADESH,Pratapgarh,MAGRAURA,21,91.443,0.3222,0.124,0.0,39.341,52.101,,
UTTAR PRADESH,Amethi,BHADAR,10,33.58,0.2131,3.564,0.0,22.18,11.399,,
UTTAR PRADESH,Amethi,BHETUA,2,24.784,0.1488,0.324,0.0,24.784,0.0,,
UTTAR PRADESH,Sultanpur,KURWAR,1,11.497,0.0558,5.417,11.497,0.0,0.0,,
UTTAR PRADESH,Sultanpur,DHANPATGANJ,21,82.557,0.3815,0.247,19.595,8.784,54.179,,
UTTAR PRADESH,Sultanpur,DUBEPUR,5,28.38,0.1298,1.681,16.637,7.807,3.937,,
UTTAR PRADESH,Sultanpur,MOTIGARPUR,10,41.673,0.3377,0.57,14.019,8.651,19.003,,
UTTAR PRADESH,Sultanpur,JAISINGHPUR,33,117.119,0.5253,0.324,14.537,16.741,85.841,,
UTTAR PRADESH,Sultanpur,KUREBHAR,32,112.327,0.5464,0.039,14.896,17.61,79.822,,
UTTAR PRADESH,Ambedkar Nagar,BHITI,1,1.75,0.0085,6.534,0.0,0.0,1.75,,
UTTAR PRADESH,Ayodhya,TARUN,0,0.0,0.0,7.664,0.0,0.0,0.0,,
UTTAR PRADESH,Ayodhya,BIKAPUR,0,0.0,0.0,8.958,0.0,0.0,0.0,,
UTTAR PRADESH,Ayodhya,HARIYANGATANGANJ,1,0.357,0.0016,7.716,0.0,0.0,0.357,,
UTTAR PRADESH,Ayodhya,MILKIPUR,1,9.281,0.0432,4.248,9.281,0.0,0.0,,
UTTAR PRADESH,Ayodhya,AMANIGANJ,1,14.398,0.06,1.316,14.398,0.0,0.0,,
UTTAR PRADESH,Sultanpur,BALDIRAI,16,53.88,0.2527,1.616,14.722,6.262,32.896,,
UTTAR PRADESH,Amethi,SHUKUL BAZAR,18,74.064,0.3917,0.04,0.0,34.426,36.36,,
UTTAR PRADESH,Barabanki,HAIDARGARH,24,104.911,0.414,0.182,0.0,59.2,45.711,,
UTTAR PRADESH,Amethi,SINGHPUR,21,111.068,0.4276,0.887,0.0,38.112,72.955,,
UTTAR PRADESH,Amethi,JAGDISHPUR,23,94.979,0.4891,0.972,0.0,33.567,61.412,,
UTTAR PRADESH,Amethi,TILOI,5,48.576,0.2231,0.552,20.852,21.924,5.8,,
UTTAR PRADESH,Amethi,BAHADURPUR,4,10.673,0.0634,3.146,0.0,10.673,0.0,,
UTTAR PRADESH,Amethi,GAURIGANJ,3,44.005,0.215,1.069,0.0,38.687,5.319,,
UTTAR PRADESH,Amethi,SHAHGARH,3,13.655,0.1091,1.622,0.0,11.817,1.838,,
UTTAR PRADESH,Amethi,JAMO,7,49.604,0.2106,0.202,21.843,17.592,10.169,,
UTTAR PRADESH,Amethi,MUSAFIR KHANA,5,21.562,0.1322,2.947,12.791,3.493,5.278,,
UTTAR PRADESH,Amethi,SANGRAMPUR,2,16.518,0.1671,0.488,0.0,16.518,0.0,,
UTTAR PRADESH,Amethi,AMETHI,3,27.035,0.1739,1.646,0.0,13.199,13.836,,
UTTAR PRADESH,Pratapgarh,SANDWA CHANDRIKA,1,0.223,0.0011,3.366,0.0,0.223,0.0,,
UTTAR PRADESH,Pratapgarh,LAKSHAMANPUR,12,76.497,0.3738,0.495,0.0,34.722,41.775,,
UTTAR PRADESH,Pratapgarh,MANDHATA,13,61.975,0.2957,0.522,9.138,30.568,22.268,,
UTTAR PRADESH,Pratapgarh,BIHAR,14,61.064,0.2318,0.493,22.813,18.494,19.757,,
UTTAR PRADESH,Pratapgarh,LALGANJ,13,58.447,0.3597,0.143,0.0,27.248,31.199,,
UTTAR PRADESH,Pratapgarh,RAMPUR SANRAMGARH,19,91.103,0.4452,0.499,0.0,43.121,47.982,,
UTTAR PRADESH,Pratapgarh,BABAGANJ,14,88.679,0.3574,0.542,16.507,43.291,28.882,,
UTTAR PRADESH,Rae Bareli,SALON,21,108.505,0.3755,0.886,0.0,41.3,64.562,,
UTTAR PRADESH,Pratapgarh,SANGIPUR,5,48.989,0.1897,1.68,0.0,48.989,0.0,,
UTTAR PRADESH,Rae Bareli,CHHATOH,4,27.364,0.1702,1.709,0.0,27.364,0.0,,
UTTAR PRADESH,Rae Bareli,DIH,3,39.627,0.2055,1.983,0.0,39.627,0.0,,
UTTAR PRADESH,Rae Bareli,RAHI,29,131.703,0.4534,0.539,0.0,44.425,68.262,,
UTTAR PRADESH,Rae Bareli,JAGATPUR,20,73.611,0.6894,0.532,8.912,10.589,45.469,,
UTTAR PRADESH,Rae Bareli,ROHANIA,16,70.16,0.6139,0.035,19.042,12.704,35.441,,
UTTAR PRADESH,Pratapgarh,KALAKANKAR,13,68.522,0.3781,0.879,10.322,23.327,34.873,,
UTTAR PRADESH,Fatehpur,AIRAYAN,19,108.937,0.3602,0.851,17.23,46.862,44.845,,
UTTAR PRADESH,Rae Bareli,UNCHAHAR,12,59.029,0.3086,2.166,7.013,31.227,20.789,,
UTTAR PRADESH,Fatehpur,HATHGAON,20,99.893,0.3793,0.55,21.566,13.049,65.277,,
UTTAR PRADESH,Rae Bareli,DEENSHAH GAURA,19,77.741,0.4817,0.432,10.256,10.552,56.934,,
UTTAR PRADESH,Rae Bareli,DALMAU,27,128.451,0.4877,0.875,27.899,37.358,63.194,,
UTTAR PRADESH,Rae Bareli,HARCHANDPUR,37,138.992,0.6192,0.064,0.0,29.235,104.118,,
UTTAR PRADESH,Rae Bareli,SATAON,20,106.034,0.4351,0.627,0.0,40.581,65.453,,
UTTAR PRADESH,Rae Bareli,AMAWAN,16,66.131,0.3753,0.619,0.0,21.576,34.757,,
UTTAR PRADESH,Rae Bareli,MAHRAJGANJ,20,77.44,0.3256,1.327,9.899,26.967,33.861,,
UTTAR PRADESH,Rae Bareli,SHIVGARH,13,62.449,0.3229,0.076,8.264,38.899,15.286,,
UTTAR PRADESH,Barabanki,TRIVEDIGANJ,24,109.451,0.4816,0.432,21.136,29.643,58.672,,
UTTAR PRADESH,Rae Bareli,BACHHARAWAN,40,170.616,0.6477,0.272,0.0,53.088,100.278,,
UTTAR PRADESH,Lucknow,MOHANLALGANJ,41,177.917,0.4533,0.61,35.2,48.282,82.953,,
UTTAR PRADESH,Lucknow,GOSAIGANJ,30,130.954,0.4665,0.231,8.635,29.003,73.676,,
UTTAR PRADESH,Barabanki,NINDAURA,23,99.132,0.3403,1.249,2.773,50.534,35.878,,
UTTAR PRADESH,Barabanki,DEWA,16,88.398,0.3446,0.81,17.429,15.106,35.852,,
UTTAR PRADESH,Barabanki,BANKI,13,61.734,0.298,0.144,9.376,35.908,14.691,,
UTTAR PRADESH,Barabanki,RAMNAGAR,8,41.497,0.1771,1.679,11.084,2.97,27.443,,
UTTAR PRADESH,Barabanki,MASAULI,12,56.395,0.3025,1.368,0.198,31.317,24.88,,
UTTAR PRADESH,Barabanki,HARAKH,8,49.653,0.2106,0.087,0.0,34.293,15.36,,
UTTAR PRADESH,Barabanki,SIDHAUR,10,68.266,0.2745,1.89,0.0,45.292,22.974,,
UTTAR PRADESH,Barabanki,BANI KODAR,14,80.321,0.2981,0.746,0.0,40.169,40.152,,
UTTAR PRADESH,Ayodhya,Mawai,2,16.764,0.0759,2.313,14.8,0.0,1.964,,
UTTAR PRADESH,Ayodhya,RUDAULI,6,67.168,0.1991,0.064,33.248,9.622,24.298,,
UTTAR PRADESH,Gonda,BELSAR,7,21.88,0.0783,1.463,10.114,1.977,9.789,,
UTTAR PRADESH,Gonda,PARASPUR,10,65.09,0.1997,2.236,11.294,34.356,19.441,,
UTTAR PRADESH,Gonda,COLONELGANJ,3,8.834,0.0373,6.822,0.0,7.814,1.02,,
UTTAR PRADESH,Barabanki,PUREDALAI,2,4.234,0.0189,5.392,3.375,0.0,0.859,,
UTTAR PRADESH,Barabanki,DARIYABAD,14,78.571,0.3506,0.546,26.051,9.291,43.229,,
UTTAR PRADESH,Barabanki,SIRAULI GAUSPUR,9,55.151,0.2589,1.396,13.272,12.687,29.191,,
UTTAR PRADESH,Bahraich,KAISARGANJ,8,61.37,0.255,0.234,0.0,42.176,19.195,,
UTTAR PRADESH,Bahraich,JARWAL,8,34.416,0.1315,1.663,3.152,13.213,18.05,,
UTTAR PRADESH,Gonda,HALDHARMAU,11,68.784,0.4226,0.162,18.13,20.867,29.787,,
UTTAR PRADESH,Gonda,KATRA BAZAR,13,70.808,0.2677,1.191,5.34,37.946,27.522,,
UTTAR PRADESH,Bahraich,HUZOORPUR,17,104.686,0.4382,2.02,30.139,41.483,33.064,,
UTTAR PRADESH,Bahraich,VISHESHWARGANJ,20,81.496,0.3422,0.042,16.473,34.56,30.464,,
UTTAR PRADESH,Bahraich,PAYAGPUR,24,100.151,0.3675,0.272,25.786,21.107,53.258,,
UTTAR PRADESH,Bahraich,PHAKHARPUR,13,86.99,0.2729,0.332,0.0,46.651,40.339,,
UTTAR PRADESH,Bahraich,TEJWAPUR,22,112.311,0.4167,1.243,15.465,35.871,60.975,,
UTTAR PRADESH,Sitapur,REUSA,0,0.0,0.0,17.381,0.0,0.0,0.0,,
UTTAR PRADESH,Barabanki,SURATGANJ,4,22.738,0.0644,6.497,0.0,5.696,17.042,,
UTTAR PRADESH,Sitapur,RAMPUR MATHURA,2,4.648,0.014,8.812,0.0,4.22,0.0,,
UTTAR PRADESH,Barabanki,FATEHPUR,16,111.696,0.3961,1.436,34.514,27.105,39.134,,
UTTAR PRADESH,Sitapur,PAHALA,8,78.224,0.2869,0.548,13.749,35.931,15.504,,
UTTAR PRADESH,Sitapur,BISWAN,16,101.378,0.2916,0.288,14.388,45.441,28.481,,
UTTAR PRADESH,Sitapur,MAHMUDABAD,6,29.911,0.1282,6.111,0.0,2.429,16.493,,
UTTAR PRADESH,Sitapur,KASMANDA,14,91.222,0.3407,0.422,35.517,19.59,36.115,,
UTTAR PRADESH,Sitapur,SIDHAULI,19,115.223,0.4539,0.954,15.753,25.904,65.707,,
UTTAR PRADESH,Sitapur,GONDLAMAU,20,78.765,0.2494,0.656,0.0,34.414,44.351,,
UTTAR PRADESH,Hardoi,BHARAWAN,24,86.108,0.2955,0.169,11.278,21.531,52.037,,
UTTAR PRADESH,Sitapur,MACHHREHTA,19,95.513,0.3689,1.222,0.0,50.073,45.44,,
UTTAR PRADESH,Sitapur,KHAIRABAD,13,67.76,0.2606,1.475,0.0,33.309,34.451,,
UTTAR PRADESH,Sitapur,MISRIKH,18,94.662,0.3172,0.251,11.201,30.828,49.352,,
UTTAR PRADESH,Hardoi,HARIYAWAN,19,88.65,0.3215,0.041,13.935,31.997,42.717,,
UTTAR PRADESH,Hardoi,TANDIYAWAN,15,101.594,0.3379,0.358,10.71,55.088,26.025,,
UTTAR PRADESH,Hardoi,SURSA,15,118.027,0.3698,0.071,19.856,36.431,61.035,,
UTTAR PRADESH,Hardoi,KACHAUNA,20,107.032,0.4379,0.596,19.826,40.568,46.637,,
UTTAR PRADESH,Hardoi,AHIRORI,19,127.215,0.3546,0.606,30.999,35.604,56.775,,
UTTAR PRADESH,Hardoi,KOTHAWAN,21,93.051,0.3178,0.288,17.941,13.88,61.23,,
UTTAR PRADESH,Hardoi,BEHENDAR,20,96.98,0.3745,0.227,15.665,31.628,49.686,,
UTTAR PRADESH,Hardoi,MALLAWAN,3,11.662,0.0666,0.564,9.25,2.116,0.296,,
UTTAR PRADESH,Hardoi,MADHOGANJ,4,39.915,0.1199,11.656,14.961,13.742,11.212,,
UTTAR PRADESH,Unnao,GANJ MORADABAD,3,32.534,0.1388,8.005,11.043,10.273,11.217,,
UTTAR PRADESH,Unnao,BANGARMAU,5,31.638,0.1373,8.678,7.259,23.596,0.783,,
UTTAR PRADESH,Unnao,FATEHPUR CHAURASI,3,12.108,0.044,11.225,8.339,3.769,0.0,,
UTTAR PRADESH,Kanpur Nagar,SHIVRAJPUR,16,119.559,0.5432,0.129,15.334,61.712,42.513,,
UTTAR PRADESH,Unnao,SAFIPUR,4,37.875,0.1514,2.537,20.468,13.167,4.24,,
UTTAR PRADESH,Unnao,MIANGANJ,36,145.758,0.5449,0.469,28.154,32.364,85.24,,
UTTAR PRADESH,Unnao,HASANGANJ,38,169.022,0.5686,0.417,12.735,55.302,99.504,,
UTTAR PRADESH,Unnao,AURAS,27,110.889,0.4422,1.228,19.143,25.845,65.902,,
UTTAR PRADESH,Hardoi,SANDILA,29,120.543,0.3971,1.533,13.467,48.01,59.067,,
UTTAR PRADESH,Lucknow,MAL,16,79.808,0.33,0.107,8.166,22.991,43.126,,
UTTAR PRADESH,Lucknow,MALIHABAD,20,87.939,0.4052,0.185,5.123,37.726,42.629,,
UTTAR PRADESH,Lucknow,BAKSHI-KA-TALAB,30,129.186,0.3614,0.705,0.0,57.224,71.962,,
UTTAR PRADESH,Lucknow,CHINHAT,16,91.953,0.22,1.993,16.527,20.914,45.134,,
UTTAR PRADESH,Lucknow,KAKORI,17,71.592,0.3512,0.835,18.188,21.143,30.09,,
UTTAR PRADESH,Lucknow,SAROJANINAGAR,34,125.589,0.3838,1.971,2.699,32.236,85.313,,
UTTAR PRADESH,Unnao,HILAULI,12,90.184,0.2759,0.82,0.0,63.553,26.631,,
UTTAR PRADESH,Unnao,ASOHA,31,134.52,0.49,0.241,7.163,61.026,66.33,,
UTTAR PRADESH,Unnao,NAWABGANJ,37,139.734,0.5303,0.391,5.092,44.85,89.792,,
UTTAR PRADESH,Unnao,BICHHIYA,48,207.785,0.6055,0.1,44.929,31.378,127.462,,
UTTAR PRADESH,Unnao,SIKANDARPUR KARAN,12,37.016,0.1063,0.911,9.775,0.0,26.551,,
UTTAR PRADESH,Unnao,BIGHAPUR,26,114.168,0.4432,0.676,19.954,24.216,63.505,,
UTTAR PRADESH,Unnao,SUMERPUR,32,123.022,0.4412,0.589,12.801,28.314,81.907,,
UTTAR PRADESH,Unnao,PURWA,29,144.726,0.6333,0.155,14.88,40.852,88.598,,
UTTAR PRADESH,Rae Bareli,KHIRON,28,117.984,0.5748,0.589,14.514,50.145,50.492,,
UTTAR PRADESH,Rae Bareli,LALGANJ,25,95.993,0.4569,1.238,2.933,26.948,66.111,,
UTTAR PRADESH,Rae Bareli,SARENI,21,97.929,0.3774,0.983,0.0,40.847,57.083,,
UTTAR PRADESH,Fatehpur,TELYANI,19,95.231,0.3277,0.796,8.712,39.796,46.723,,
UTTAR PRADESH,Fatehpur,BHITAURA,17,102.418,0.3372,0.144,23.97,39.972,38.476,,
UTTAR PRADESH,Fatehpur,HASWA,29,101.642,0.3227,2.155,9.846,41.934,49.211,,
UTTAR PRADESH,Fatehpur,BAHUA,37,162.554,0.574,0.297,21.295,64.374,76.867,,
UTTAR PRADESH,Fatehpur,ASOTHAR,27,93.516,0.2429,0.779,18.883,22.056,48.315,,
UTTAR PRADESH,Fatehpur,KHAJUHA,22,96.843,0.2985,1.332,22.73,30.587,37.909,,
UTTAR PRADESH,Fatehpur,MALWAN,22,118.73,0.339,1.005,34.81,31.943,51.978,,
UTTAR PRADESH,Fatehpur,DEVMAI,23,87.853,0.4014,0.687,13.873,32.605,41.374,,
UTTAR PRADESH,Kanpur Nagar,BHITARGAON,29,120.274,0.3928,0.768,17.557,43.0,57.383,,
UTTAR PRADESH,Fatehpur,AMAULI,15,79.351,0.2252,1.31,0.0,47.965,27.051,,
UTTAR PRADESH,Banda,JASPURA,0,0.0,0.0,14.511,0.0,0.0,0.0,,
UTTAR PRADESH,Hamirpur,SUMERPUR,15,41.5,0.0685,4.913,18.57,0.0,22.931,,
UTTAR PRADESH,Kanpur Nagar,GHATAMPUR,19,104.933,0.2097,4.63,14.853,39.413,43.189,,
UTTAR PRADESH,Kanpur Nagar,PATARA,27,114.11,0.4392,1.412,6.226,60.902,43.936,,
UTTAR PRADESH,Kanpur Dehat,SARBANKHERA,23,100.061,0.3773,0.799,6.161,49.564,44.336,,
UTTAR PRADESH,Kanpur Nagar,VIDHUNU,16,85.877,0.3336,0.028,29.015,8.255,48.608,,
UTTAR PRADESH,Kanpur Nagar,SARSOL,6,59.096,0.2041,0.939,0.0,33.208,25.888,,
UTTAR PRADESH,Kanpur Nagar,KALYANPUR,26,122.528,0.255,0.948,27.121,52.455,42.952,,
UTTAR PRADESH,Unnao,SIKANDARPUR SARAUSI,8,30.497,0.1108,4.269,10.382,4.401,15.714,,
UTTAR PRADESH,Kanpur Nagar,CHAUBEYPUR,14,86.582,0.4636,0.644,12.02,32.909,41.653,,
UTTAR PRADESH,Kanpur Dehat,MAITHA,22,140.278,0.3944,0.265,27.97,69.338,39.874,,
UTTAR PRADESH,Kanpur Dehat,AKBARPUR,17,107.076,0.3769,0.192,21.931,52.741,32.405,,
UTTAR PRADESH,Kanpur Dehat,JHINJHAK,9,46.902,0.1913,0.199,20.405,7.87,18.627,,
UTTAR PRADESH,Kanpur Dehat,SANDALPUR,24,83.688,0.4188,0.416,4.982,32.115,46.591,,
UTTAR PRADESH,Kanpur Dehat,DERAPUR,19,67.757,0.3067,1.203,3.998,22.52,41.239,,
UTTAR PRADESH,Kanpur Dehat,RAJPUR,20,117.352,0.3749,0.141,26.877,66.039,20.294,,
UTTAR PRADESH,Kanpur Dehat,MALASA,27,95.147,0.3289,0.062,3.262,65.802,26.083,,
UTTAR PRADESH,Kanpur Dehat,AMRODHA,17,84.825,0.2413,1.051,0.154,55.885,28.786,,
UTTAR PRADESH,Hamirpur,KURARA,14,72.896,0.1718,0.125,18.029,11.932,42.936,,
UTTAR PRADESH,Hamirpur,MUSKARA,66,253.386,0.5203,0.275,98.202,16.839,138.345,,
UTTAR PRADESH,Hamirpur,SARILA,20,119.025,0.1898,0.14,38.451,26.812,53.762,,
UTTAR PRADESH,Jalaun,KADAURA,58,301.432,0.4307,0.258,33.267,71.605,196.56,,
UTTAR PRADESH,Jalaun,DAKORE,88,426.661,0.478,0.091,43.487,74.274,308.9,,
UTTAR PRADESH,Jalaun,KONCH,47,222.434,0.4907,0.845,45.586,31.68,145.168,,
UTTAR PRADESH,Jalaun,JALAUN,52,247.395,0.5805,0.414,24.719,65.45,157.226,,
UTTAR PRADESH,Jalaun,MADHOGARH,26,117.895,0.4724,0.445,12.657,28.611,76.627,,
UTTAR PRADESH,Jalaun,RAMPURA,18,80.291,0.3121,0.309,17.229,5.612,57.45,,
UTTAR PRADESH,Jalaun,MAHEVA,33,114.739,0.227,0.438,6.849,28.294,79.595,,
UTTAR PRADESH,Jalaun,KUTHAUND,27,156.588,0.5134,0.794,12.868,32.713,111.008,,
UTTAR PRADESH,Auraiya,AURAIYA,14,103.614,0.2703,0.654,25.07,56.531,22.013,,
UTTAR PRADESH,Auraiya,BHAGYANAGAR,21,123.951,0.4672,0.104,5.983,51.931,66.036,,
UTTAR PRADESH,Auraiya,AJITMAL,16,99.434,0.4437,1.076,15.235,62.286,21.914,,
UTTAR PRADESH,Etawah,CHAKARNAGAR,0,0.0,0.0,10.557,0.0,0.0,0.0,,
UTTAR PRADESH,Etawah,MAHEWA,18,121.949,0.3952,0.371,21.723,46.679,53.546,,
UTTAR PRADESH,Etawah,BHARTHANA,21,118.651,0.4255,0.405,20.329,55.874,42.448,,
UTTAR PRADESH,Etawah,TAKHA,18,94.771,0.4098,1.879,0.0,36.759,54.415,,
UTTAR PRADESH,Mainpuri,KISHNI,28,147.301,0.4168,1.028,21.657,54.635,68.634,,
UTTAR PRADESH,Kannauj,SAURIKH,13,89.264,0.3482,1.424,15.427,53.182,20.655,,
UTTAR PRADESH,Kannauj,CHHIBRAMAU,11,64.576,0.2118,2.232,0.0,34.2,27.264,,
UTTAR PRADESH,Kannauj,HASERAN,16,92.364,0.4567,0.606,19.671,50.628,22.065,,
UTTAR PRADESH,Auraiya,BIDHUNA,19,92.494,0.2947,0.091,21.128,29.719,41.647,,
UTTAR PRADESH,Auraiya,ERWA KATRA,11,67.937,0.3169,0.845,0.0,29.291,38.646,,
UTTAR PRADESH,Auraiya,ACHCHALDA,20,123.508,0.4468,0.86,20.097,78.731,24.681,,
UTTAR PRADESH,Auraiya,SAHAR,15,79.118,0.2959,0.761,13.085,35.746,30.286,,
UTTAR PRADESH,Kannauj,UMARDA,25,218.072,0.4337,0.073,30.053,74.178,113.841,,
UTTAR PRADESH,Kanpur Dehat,RASULABAD,28,188.598,0.3652,1.431,25.621,81.715,81.236,,
UTTAR PRADESH,Kanpur Nagar,KAKWAN,8,47.622,0.3741,0.863,17.755,20.301,8.042,,
UTTAR PRADESH,Kanpur Nagar,BILHAUR,9,45.988,0.1765,0.307,0.0,28.16,17.828,,
UTTAR PRADESH,Kannauj,KANNAUJ,0,0.0,0.0,10.271,0.0,0.0,0.0,,
UTTAR PRADESH,Kannauj,JALALABAD,0,0.0,0.0,10.26,0.0,0.0,0.0,,
UTTAR PRADESH,Kannauj,TALGRAM,0,0.0,0.0,11.047,0.0,0.0,0.0,,
UTTAR PRADESH,Hardoi,HARPALPUR,2,2.945,0.0096,9.514,0.0,0.682,2.262,,
UTTAR PRADESH,Kannauj,GUGHRAPUR,0,0.0,0.0,19.258,0.0,0.0,0.0,,
UTTAR PRADESH,Hardoi,BILGRAM,2,25.797,0.0784,2.01,2.271,0.0,23.526,,
UTTAR PRADESH,Hardoi,SANDI,2,5.851,0.0187,9.959,5.851,0.0,0.0,,
UTTAR PRADESH,Hardoi,BAWAN,7,54.978,0.1659,0.223,29.419,16.663,8.896,,
UTTAR PRADESH,Hardoi,SHAHABAD,8,37.646,0.1189,5.299,3.279,22.862,11.505,,
UTTAR PRADESH,Hardoi,BHARKHANI,11,97.224,0.2387,1.021,30.164,33.404,33.656,,
UTTAR PRADESH,Farrukhabad,RAJEPUR,0,0.0,0.0,10.863,0.0,0.0,0.0,,
UTTAR PRADESH,Farrukhabad,SHAMSABAD,10,48.27,0.1419,0.708,0.0,23.64,22.972,,
UTTAR PRADESH,Farrukhabad,BARHPUR,2,4.79,0.033,7.935,0.0,3.906,0.884,,
UTTAR PRADESH,Farrukhabad,KAMALGANJ,0,0.0,0.0,8.519,0.0,0.0,0.0,,
UTTAR PRADESH,Farrukhabad,MOHAMDABAD,0,0.0,0.0,10.442,0.0,0.0,0.0,,
UTTAR PRADESH,Mainpuri,BEWAR,22,127.786,0.4578,0.785,24.489,68.4,34.897,,
UTTAR PRADESH,Etah,ALIGANJ,8,30.699,0.095,5.644,11.569,9.12,10.01,,
UTTAR PRADESH,Farrukhabad,NAWABGANJ,12,33.964,0.1543,1.782,7.381,8.701,17.426,,
UTTAR PRADESH,Farrukhabad,KAIMGANJ,19,77.092,0.2211,1.411,14.099,20.673,33.637,,
UTTAR PRADESH,Budaun,USAWAN,0,0.0,0.0,14.429,0.0,0.0,0.0,,
UTTAR PRADESH,Shahjahanpur,MIRZAPUR,0,0.0,0.0,9.142,0.0,0.0,0.0,,
UTTAR PRADESH,Shahjahanpur,KALAN,0,0.0,0.0,16.292,0.0,0.0,0.0,,
UTTAR PRADESH,Shahjahanpur,JAITIPUR,12,35.971,0.1491,3.106,0.0,26.611,9.36,,
UTTAR PRADESH,Budaun,DATAGANJ,0,0.0,0.0,15.065,0.0,0.0,0.0,,
UTTAR PRADESH,Budaun,MION,0,0.0,0.0,26.12,0.0,0.0,0.0,,
UTTAR PRADESH,Budaun,JAGAT,0,0.0,0.0,29.658,0.0,0.0,0.0,,
UTTAR PRADESH,Budaun,SALARPUR,0,0.0,0.0,33.554,0.0,0.0,0.0,,
UTTAR PRADESH,Bareilly,AALAMPUR JAFARABAD,0,0.0,0.0,18.099,0.0,0.0,0.0,,
UTTAR PRADESH,Bareilly,MAJHGAWAN,0,0.0,0.0,12.376,0.0,0.0,0.0,,
UTTAR PRADESH,Bareilly,MIRGANJ,2,2.619,0.0116,7.41,0.67,0.0,1.949,,
UTTAR PRADESH,Bareilly,FATEHGANJ WEST,16,54.926,0.3074,0.73,0.0,39.955,14.971,,
UTTAR PRADESH,Bareilly,KYARA,9,33.287,0.116,5.718,0.0,20.582,12.705,,
UTTAR PRADESH,Bareilly,BHOJIPURA,21,104.105,0.5379,1.277,2.482,59.749,41.874,,
UTTAR PRADESH,Bareilly,NAWABGANJ,42,193.548,0.6118,0.498,12.234,87.911,93.404,,
UTTAR PRADESH,Bareilly,BITHIRI CHAINPUR,21,106.255,0.4971,0.506,19.465,37.592,49.198,,
UTTAR PRADESH,Budaun,SAMRER,0,0.0,0.0,10.685,0.0,0.0,0.0,,
UTTAR PRADESH,Bareilly,FARIDPUR,20,101.033,0.3306,0.215,0.0,45.933,55.1,,
UTTAR PRADESH,Shahjahanpur,KHUDAGANJ KATRA,12,86.082,0.3224,0.648,24.807,38.332,20.892,,
UTTAR PRADESH,Pilibhit,BISALPUR,15,85.881,0.3227,1.472,27.516,21.106,37.258,,
UTTAR PRADESH,Bareilly,BHUTA,30,141.512,0.4448,1.433,23.422,72.498,43.714,,
UTTAR PRADESH,Bareilly,BHADPURA,27,119.279,0.4991,1.181,7.664,67.386,44.229,,
UTTAR PRADESH,Pilibhit,BARKHERA,19,95.33,0.3951,0.175,23.244,23.205,48.881,,
UTTAR PRADESH,Pilibhit,BILSANDA,12,125.377,0.3068,0.377,37.492,54.47,33.415,,
UTTAR PRADESH,Shahjahanpur,NIGOHI,19,91.52,0.3679,1.824,14.679,22.258,54.583,,
UTTAR PRADESH,Shahjahanpur,SINDHAULI,14,74.274,0.2603,2.675,22.811,12.349,39.114,,
UTTAR PRADESH,Shahjahanpur,TILHAR,17,74.89,0.3575,0.565,9.797,35.876,29.217,,
UTTAR PRADESH,Shahjahanpur,MADNAPUR,14,83.658,0.2984,1.844,7.846,43.297,32.515,,
UTTAR PRADESH,Shahjahanpur,KANTH,11,66.8,0.3256,1.267,25.197,16.823,24.78,,
UTTAR PRADESH,Shahjahanpur,JALALABAD,3,19.478,0.0659,4.745,0.0,17.998,1.48,,
UTTAR PRADESH,Shahjahanpur,DADROL,19,100.225,0.2945,1.407,0.025,47.029,49.111,,
UTTAR PRADESH,Shahjahanpur,BHAWAL KHERA,23,129.315,0.3963,0.75,0.0,51.179,78.136,,
UTTAR PRADESH,Hardoi,TODARPUR,13,82.338,0.2729,0.663,24.422,18.155,39.761,,
UTTAR PRADESH,Hardoi,PIHANI,16,103.842,0.3265,0.382,17.978,39.775,46.089,,
UTTAR PRADESH,Kheri,PASGAWAN,6,59.38,0.1356,2.942,40.705,0.0,18.675,,
UTTAR PRADESH,Kheri,MOHAMMADI,0,0.0,0.0,12.522,0.0,0.0,0.0,,
UTTAR PRADESH,Kheri,KUMBHIGOLA,7,55.265,0.1574,1.265,16.178,15.266,23.821,,
UTTAR PRADESH,Kheri,MITAULI,17,89.552,0.2322,0.589,20.865,31.856,35.842,,
UTTAR PRADESH,Sitapur,PISAWAN,7,27.349,0.069,7.449,8.57,12.523,6.257,,
UTTAR PRADESH,Sitapur,MAHOLI,22,98.542,0.4321,0.675,21.966,30.85,45.726,,
UTTAR PRADESH,Sitapur,AILIYA,23,97.233,0.3831,0.638,0.0,36.788,60.445,,
UTTAR PRADESH,Sitapur,PARSENDI,17,107.344,0.3739,0.622,15.589,49.41,42.346,,
UTTAR PRADESH,Sitapur,LAHARPUR,7,65.039,0.2983,0.806,1.273,20.287,20.969,,
UTTAR PRADESH,Sitapur,HARGAON,11,71.284,0.2603,1.521,13.055,44.365,9.676,,
UTTAR PRADESH,Kheri,NAKAHA,2,13.218,0.0552,3.739,0.0,0.0,1.014,,
UTTAR PRADESH,Kheri,PHOOLBEHAR,1,13.905,0.0268,7.962,0.0,0.0,0.0,,
UTTAR PRADESH,Kheri,BEHJAM,9,27.995,0.0988,6.201,9.347,13.472,5.176,,
UTTAR PRADESH,Kheri,LAKHIMPUR,20,130.661,0.3512,2.151,25.266,47.953,53.98,,
UTTAR PRADESH,Kheri,BIJUWA,1,3.193,0.0049,16.847,3.193,0.0,0.0,,
UTTAR PRADESH,Kheri,NIGHASAN,6,54.571,0.0801,8.788,25.14,12.857,16.574,,
UTTAR PRADESH,Kheri,PALIA,1,1.414,0.0012,20.568,1.414,0.0,0.0,,
UTTAR PRADESH,Kheri,BANKEYGANJ,13,98.506,0.1649,0.241,44.725,16.941,36.839,,
UTTAR PRADESH,Shahjahanpur,KHUTAR,2,4.959,0.0194,11.366,0.0,1.369,3.59,,
UTTAR PRADESH,Shahjahanpur,POWAYAN,2,8.199,0.0276,7.345,8.163,0.036,0.0,,
UTTAR PRADESH,Shahjahanpur,BANDA,2,37.515,0.0956,5.882,23.473,14.042,0.0,,
UTTAR PRADESH,Pilibhit,PURANPUR,24,329.586,0.1948,0.339,126.342,88.529,114.715,,
UTTARAKHAND,Champawat,CHAMPAWAT,1,5.904,0.006,18.129,5.904,0.0,0.0,,
UTTARAKHAND,Champawat,LOHAGHAT,0,0.0,0.0,41.55,0.0,0.0,0.0,,
UTTARAKHAND,Champawat,BARAKOT,0,0.0,0.0,51.606,0.0,0.0,0.0,,
UTTARAKHAND,Champawat,PATI,0,0.0,0.0,39.464,0.0,0.0,0.0,,
UTTARAKHAND,Nainital,RAMGARH,0,0.0,0.0,20.34,0.0,0.0,0.0,,
UTTARAKHAND,Nainital,DHARI,0,0.0,0.0,18.277,0.0,0.0,0.0,,
UTTARAKHAND,Nainital,OKHALKANDA,0,0.0,0.0,17.785,0.0,0.0,0.0,,
UTTARAKHAND,Nainital,HALDWANI,68,178.664,0.1774,3.399,19.761,21.159,137.743,,
UTTARAKHAND,Udam Singh Nagar,KHATIMA,4,80.564,0.1333,3.835,49.347,0.0,0.0,,
UTTAR PRADESH,Pilibhit,MARORI,9,70.131,0.1708,1.542,29.999,13.288,26.844,,
UTTAR PRADESH,Pilibhit,AMARIYA,19,123.734,0.2952,2.145,6.93,60.346,30.107,,
UTTAR PRADESH,Pilibhit,LALAURIKHERA,19,90.832,0.4454,1.357,0.0,48.421,42.411,,
UTTARAKHAND,Udam Singh Nagar,SITARGANJ,21,114.041,0.2692,1.403,40.406,18.74,47.507,,
UTTARAKHAND,Udam Singh Nagar,RUDRAPUR,13,80.748,0.1898,1.17,41.627,2.835,29.916,,
UTTAR PRADESH,Bareilly,BAHERI,33,181.004,0.4487,0.972,59.002,68.128,53.874,,
UTTAR PRADESH,Bareilly,DAMKHAUDA,35,160.664,0.6199,0.627,23.29,67.158,64.845,,
UTTAR PRADESH,Bareilly,SHERGARH,21,96.639,0.3666,2.47,2.625,65.959,28.055,,
UTTAR PRADESH,Rampur,MILAK,26,174.653,0.4499,0.515,56.383,33.699,84.57,,
UTTAR PRADESH,Rampur,BILASPUR,53,237.325,0.4679,0.468,89.634,23.286,124.405,,
UTTARAKHAND,Udam Singh Nagar,BAJPUR,1,0.912,0.0032,8.285,0.0,0.912,0.0,,
UTTARAKHAND,Udam Singh Nagar,GADARPUR,33,182.405,0.5253,0.517,30.55,72.44,71.424,,
UTTARAKHAND,Nainital,BHIMTAL,1,0.174,0.0004,9.69,0.174,0.0,0.0,,
UTTARAKHAND,Nainital,BETALGHAT,0,0.0,0.0,27.851,0.0,0.0,0.0,,
UTTARAKHAND,Nainital,KOTABAG,0,0.0,0.0,14.862,0.0,0.0,0.0,,
UTTARAKHAND,Nainital,RAMNAGAR,21,108.5,0.1191,1.789,35.047,3.471,61.442,,
UTTAR PRADESH,Rampur,SUAR,12,35.126,0.0647,11.29,6.528,10.681,17.917,,
UTTARAKHAND,Udam Singh Nagar,KASHIPUR,3,8.313,0.0323,6.539,0.0,5.998,2.315,,
UTTAR PRADESH,Moradabad,DILARI,18,105.979,0.347,0.316,0.0,47.846,58.133,,
UTTAR PRADESH,Moradabad,THAKURDWARA,19,106.741,0.3609,3.643,0.0,48.99,57.751,,
UTTAR PRADESH,Bijnor,AFZALGARH,39,198.356,0.3737,0.137,37.993,55.876,91.44,,
UTTARAKHAND,Udam Singh Nagar,JASPUR,26,106.097,0.4251,0.63,26.56,19.518,59.019,,
UTTAR PRADESH,Bijnor,DHAMPUR,21,109.043,0.3115,0.296,10.411,40.998,47.068,,
UTTAR PRADESH,Bijnor,NEHTAUR,16,73.383,0.3467,0.178,20.917,19.575,30.562,,
UTTAR PRADESH,Bijnor,NOORPUR,31,167.076,0.4952,0.818,20.933,27.173,106.301,,
UTTAR PRADESH,Bijnor,BUDHANPUR SEOHARA,14,81.428,0.3228,0.845,28.017,12.24,27.621,,
UTTAR PRADESH,Amroha,CHHAJLET,24,101.805,0.3538,0.14,1.257,39.558,60.99,,
UTTAR PRADESH,Amroha,JOYA,4,36.843,0.1149,2.036,36.431,0.413,0.0,,
UTTAR PRADESH,Amroha,AMROHA,14,77.312,0.2191,5.887,26.472,12.821,27.971,,
UTTAR PRADESH,Amroha,GAJRAULA,3,10.021,0.0342,4.661,2.952,7.069,0.0,,
UTTAR PRADESH,Amroha,HASANPUR,1,17.594,0.0518,6.05,17.594,0.0,0.0,,
UTTAR PRADESH,Amroha,GANGESHWARI,0,0.0,0.0,12.258,0.0,0.0,0.0,,
UTTAR PRADESH,Sambhal,SAMBHAL,2,30.403,0.0925,8.237,30.403,0.0,0.0,,
UTTAR PRADESH,Sambhal,ASMAULI,1,9.34,0.0336,9.309,9.34,0.0,0.0,,
UTTAR PRADESH,Moradabad,BILARI,1,0.109,0.0004,12.219,0.109,0.0,0.0,,
UTTAR PRADESH,Moradabad,KUNDARKI,1,2.279,0.0084,11.141,2.279,0.0,0.0,,
UTTAR PRADESH,Moradabad,MORADABAD,7,20.873,0.0853,2.923,0.0,13.456,7.417,,
UTTAR PRADESH,Moradabad,BHAGATPUR TANDA,8,80.355,0.3512,0.794,0.0,67.631,12.725,,
UTTAR PRADESH,Moradabad,MUNDA PANDEY,3,19.519,0.071,0.066,0.0,19.165,0.354,,
UTTAR PRADESH,Rampur,SAIDNAGAR,11,44.117,0.1936,1.224,12.01,8.975,23.132,,
UTTAR PRADESH,Rampur,CHAMRAON,17,66.615,0.3195,1.06,13.062,22.147,31.406,,
UTTAR PRADESH,Rampur,SHAHABAD,4,18.561,0.0446,5.38,0.0,5.567,12.995,,
UTTAR PRADESH,Bareilly,RAMNAGAR,0,0.0,0.0,17.305,0.0,0.0,0.0,,
UTTAR PRADESH,Budaun,ASAFPUR,0,0.0,0.0,25.669,0.0,0.0,0.0,,
UTTAR PRADESH,Sambhal,BANIYAKHERA,0,0.0,0.0,12.883,0.0,0.0,0.0,,
UTTAR PRADESH,Budaun,ISLAMNAGAR,0,0.0,0.0,24.444,0.0,0.0,0.0,,
UTTAR PRADESH,Budaun,SAHASWAN,0,0.0,0.0,24.728,0.0,0.0,0.0,,
UTTAR PRADESH,Budaun,AMBIAPUR,0,0.0,0.0,34.608,0.0,0.0,0.0,,
UTTAR PRADESH,Budaun,BISAULI,0,0.0,0.0,34.042,0.0,0.0,0.0,,
UTTAR PRADESH,Budaun,WAZIRGANJ,0,0.0,0.0,34.747,0.0,0.0,0.0,,
UTTAR PRADESH,Budaun,UJHANI,0,0.0,0.0,22.035,0.0,0.0,0.0,,
UTTAR PRADESH,Budaun,QADAR CHOWK,0,0.0,0.0,19.925,0.0,0.0,0.0,,
UTTAR PRADESH,Kasganj,PATIYALI,13,81.021,0.2911,2.284,21.712,38.179,19.531,,
UTTAR PRADESH,Kasganj,GANJ DUNDWARA,6,21.754,0.0564,10.651,4.509,16.389,0.856,,
UTTAR PRADESH,Kasganj,SAHAWAR,12,68.57,0.3066,1.16,18.642,30.43,19.498,,
UTTAR PRADESH,Kasganj,SIDHPURA,18,76.432,0.3845,0.922,0.835,41.076,34.522,,
UTTAR PRADESH,Kasganj,AMANPUR,15,82.055,0.3854,0.423,2.182,50.318,29.497,,
UTTAR PRADESH,Kasganj,SORON,9,61.152,0.1626,5.251,32.728,14.938,13.486,,
UTTAR PRADESH,Aligarh,BIJAULI,11,75.874,0.2943,1.777,42.192,29.834,3.848,,
UTTAR PRADESH,Kasganj,KASGANJ,14,62.363,0.2886,0.042,38.519,3.294,20.55,,
UTTAR PRADESH,Etah,MAREHRA,10,55.637,0.2894,3.393,27.983,14.369,11.645,,
UTTAR PRADESH,Hathras,SIKANDRARAO,13,65.726,0.2634,2.201,0.0,27.739,37.987,,
UTTAR PRADESH,Hathras,HASAYAN,24,169.203,0.5689,1.275,35.888,81.725,51.59,,
UTTAR PRADESH,Aligarh,AKRABAD,15,117.545,0.4028,0.705,28.097,81.13,8.318,,
UTTAR PRADESH,Aligarh,GANGIRI,18,112.435,0.3324,1.497,39.762,55.141,17.532,,
UTTAR PRADESH,Aligarh,ATRAULI,12,75.358,0.2734,0.486,20.619,23.033,31.706,,
UTTAR PRADESH,Bulandshahr,DANPUR,14,62.96,0.2831,2.242,15.884,34.098,11.905,,
UTTAR PRADESH,Bulandshahr,DIBAI,16,113.499,0.4614,0.434,53.108,41.168,16.845,,
UTTAR PRADESH,Sambhal,JUNAWAI,0,0.0,0.0,10.102,0.0,0.0,0.0,,
UTTAR PRADESH,Budaun,DAHGAVAN,0,0.0,0.0,15.496,0.0,0.0,0.0,,
UTTAR PRADESH,Sambhal,GUNNAUR,0,0.0,0.0,8.731,0.0,0.0,0.0,,
UTTAR PRADESH,Sambhal,BAHJOI,0,0.0,0.0,9.202,0.0,0.0,0.0,,
UTTAR PRADESH,Sambhal,PANWASA,2,13.893,0.0437,0.617,13.893,0.0,0.0,,
UTTAR PRADESH,Sambhal,RAJPURA,0,0.0,0.0,11.263,0.0,0.0,0.0,,
UTTAR PRADESH,Bulandshahr,UNCHAGAON,10,72.429,0.3609,0.75,15.295,44.287,12.847,,
UTTAR PRADESH,Bulandshahr,ANUPSHAHR,11,92.574,0.3632,0.929,16.912,63.084,12.29,,
UTTAR PRADESH,Bulandshahr,SHIKARPUR,19,112.419,0.4293,0.132,15.051,26.275,71.088,,
UTTAR PRADESH,Bulandshahr,JAHANGIRABAD,10,61.783,0.2862,0.619,12.013,20.115,29.655,,
UTTAR PRADESH,Bulandshahr,LAKHAOTHI,16,67.681,0.4109,0.273,11.004,13.052,43.624,,
UTTAR PRADESH,Bulandshahr,AGAUTA,8,41.784,0.2909,0.651,3.31,25.607,12.867,,
UTTAR PRADESH,Bulandshahr,GULAOTHI,13,63.031,0.5671,0.556,0.0,41.137,21.895,,
UTTAR PRADESH,Bulandshahr,BULANDSHAHR,22,117.755,0.6899,0.065,14.475,59.51,40.794,,
UTTAR PRADESH,Bulandshahr,KHURJA,20,81.306,0.2915,2.203,8.38,50.614,18.352,,
UTTAR PRADESH,Bulandshahr,ARANIYA,22,138.192,0.582,0.335,35.768,77.253,24.634,,
UTTAR PRADESH,Bulandshahr,PAHASU,15,95.965,0.357,0.901,8.771,53.807,33.387,,
UTTAR PRADESH,Aligarh,JAWAN SIKANDERPUR,16,113.016,0.3811,0.044,21.356,51.248,40.412,,
UTTAR PRADESH,Aligarh,LODHA,22,120.31,0.39,0.268,0.0,22.92,97.39,,
UTTAR PRADESH,Aligarh,DHANIPUR,22,146.097,0.5184,0.32,17.412,71.536,51.172,,
UTTAR PRADESH,Hathras,SASNI,17,91.453,0.3472,1.556,9.386,20.002,62.065,,
UTTAR PRADESH,Aligarh,IGLAS,20,109.456,0.438,0.655,34.432,27.826,47.198,,
UTTAR PRADESH,Aligarh,GONDA,14,119.072,0.4243,1.693,37.142,27.623,54.307,,
UTTAR PRADESH,Aligarh,KHAIR,28,134.79,0.4649,2.658,42.627,7.678,77.023,,
UTTAR PRADESH,Aligarh,CHANDAUS,17,91.453,0.2602,3.968,13.083,45.139,33.231,,
UTTAR PRADESH,Aligarh,TAPPAL,20,122.975,0.3381,1.256,7.301,39.436,76.237,,
UTTAR PRADESH,Mathura,NOHJHIL,25,112.628,0.3221,1.416,30.068,20.924,61.636,,
UTTAR PRADESH,Mathura,MAT,20,115.005,0.4361,0.119,32.817,38.563,41.319,,
UTTAR PRADESH,Mathura,CHAUMUHA,31,132.204,0.4405,1.111,12.415,49.532,67.303,,
UTTAR PRADESH,Mathura,CHHATA,59,193.081,0.4875,1.233,10.538,69.599,112.944,,
UTTAR PRADESH,Mathura,NANDGAON,42,199.669,0.616,0.093,13.611,78.732,107.326,,
HARYANA,Palwal,HASSANPUR,12,59.987,0.403,0.645,15.269,18.501,26.216,,
HARYANA,Palwal,HODAL,32,137.173,0.4677,0.173,13.852,51.294,72.026,,
HARYANA,Faridabad,BALLABGARH,12,56.029,0.2605,1.176,15.679,36.116,4.234,,
HARYANA,Palwal,BADOLI,8,34.202,0.1867,2.549,3.06,18.35,12.792,,
UTTAR PRADESH,Gautam Buddha Nagar,JEWAR,34,156.723,0.445,1.0,18.515,55.97,82.238,,
UTTAR PRADESH,Gautam Buddha Nagar,DANKAUR,47,174.743,0.3838,0.292,24.322,75.811,73.477,,
UTTAR PRADESH,Bulandshahr,SIKANDRABAD,37,157.46,0.5372,1.467,17.15,81.938,52.886,,
UTTAR PRADESH,Gautam Buddha Nagar,DADRI,26,134.218,0.6434,0.149,8.481,60.424,37.335,,
UTTAR PRADESH,Gautam Buddha Nagar,BISRAKH,17,55.847,0.1589,6.402,0.0,31.845,24.002,,
HARYANA,Faridabad,TIGAON,5,22.577,0.1693,2.139,0.0,12.344,10.232,,
HARYANA,Faridabad,FARIDABAD,14,95.519,0.259,2.003,26.448,37.593,17.492,,
UTTAR PRADESH,Ghaziabad,RAJAPUR,20,61.981,0.2769,1.37,6.397,33.195,22.389,,
UTTAR PRADESH,Baghpat,PILANA,13,55.3,0.2791,1.028,9.238,34.526,11.517,,
UTTAR PRADESH,Ghaziabad,MURADNAGAR,38,129.058,0.5803,0.107,16.738,37.584,70.329,,
UTTAR PRADESH,Ghaziabad,BHOJPUR,19,83.077,0.4037,1.578,0.0,28.651,53.062,,
UTTAR PRADESH,Meerut,JANIKHURD,28,127.158,0.7315,0.197,14.227,63.277,27.165,,
UTTAR PRADESH,Meerut,MEERUT,10,47.669,0.1911,3.491,0.0,31.839,15.83,,
UTTAR PRADESH,Hapur,DHAULANA,26,131.203,0.613,0.369,22.238,67.329,26.603,,
UTTAR PRADESH,Hapur,HAPUR,9,57.719,0.184,2.05,27.252,25.589,2.444,,
UTTAR PRADESH,Hapur,SIMBHAWALI,22,88.466,0.3938,1.42,28.898,20.545,39.023,,
UTTAR PRADESH,Bulandshahr,BHAWAN BAHADUR NAGAR,10,44.465,0.2787,3.367,13.962,9.751,20.752,,
UTTAR PRADESH,Bulandshahr,SYANA,10,49.715,0.288,1.044,12.79,27.593,5.667,,
UTTAR PRADESH,Hapur,GARH MUKTESHWAR,22,114.817,0.3489,2.986,17.254,53.856,35.615,,
UTTAR PRADESH,Amroha,DHANAURA,8,54.85,0.1369,3.937,14.134,12.563,5.878,,
UTTAR PRADESH,Meerut,PARIKSHITGARH,19,126.423,0.4251,1.465,31.62,35.69,59.113,,
UTTAR PRADESH,Meerut,MACHRA,17,84.855,0.4674,0.357,11.694,42.175,30.986,,
UTTAR PRADESH,Meerut,KHARKHODA,1,3.035,0.0158,8.779,0.0,3.035,0.0,,
UTTAR PRADESH,Meerut,RAJPURA,3,11.494,0.0718,2.919,0.0,4.38,7.114,,
UTTAR PRADESH,Meerut,MAWANA KALAN,20,105.073,0.4798,1.124,11.74,46.165,47.169,,
UTTAR PRADESH,Meerut,HASTINAPUR,13,88.852,0.2714,0.082,30.425,35.941,22.486,,
UTTAR PRADESH,Bijnor,JALILPUR,43,237.615,0.597,0.227,26.124,56.875,154.616,,
UTTAR PRADESH,Bijnor,HALDAUR(KHARI JHALU),36,207.499,0.5539,0.266,29.55,81.463,91.546,,
UTTAR PRADESH,Bijnor,MOHAMMEDPUR DEOMAL,35,156.601,0.3243,1.368,10.067,81.651,64.883,,
UTTAR PRADESH,Muzaffarnagar,MORNA,33,186.176,0.5317,0.241,23.186,130.605,32.386,,
UTTAR PRADESH,Muzaffarnagar,JANSATH,26,164.062,0.3875,0.708,40.506,88.019,35.538,,
UTTAR PRADESH,Muzaffarnagar,MUZAFFARNAGAR,27,120.705,0.4878,0.216,5.122,65.788,49.796,,
UTTAR PRADESH,Muzaffarnagar,BAGHARA,11,70.744,0.3154,0.789,14.675,28.027,28.042,,
UTTAR PRADESH,Muzaffarnagar,SHAHPUR,8,46.864,0.2138,1.918,11.346,21.453,14.066,,
UTTAR PRADESH,Muzaffarnagar,KHATAULI,30,162.358,0.518,0.575,20.788,63.036,72.635,,
UTTAR PRADESH,Meerut,SARDHANA,19,106.607,0.5624,0.213,17.456,46.369,34.327,,
UTTAR PRADESH,Meerut,DAURALA,6,49.3,0.2811,1.794,0.0,35.03,14.27,,
UTTAR PRADESH,Meerut,ROHTA,17,55.539,0.3713,1.475,8.143,30.324,16.712,,
UTTAR PRADESH,Meerut,SARURPUR KHURD,13,66.985,0.3394,0.505,5.537,34.098,27.349,,
UTTAR PRADESH,Baghpat,BINAULI,12,71.23,0.2521,3.136,0.0,35.737,35.493,,
UTTAR PRADESH,Muzaffarnagar,BUDHANA,14,79.218,0.234,0.783,5.799,43.093,30.326,,
UTTAR PRADESH,Shamli,SHAMLI,19,78.968,0.3973,3.133,10.791,51.595,16.582,,
UTTAR PRADESH,Shamli,KAIRANA,8,62.039,0.2708,2.155,5.159,32.772,24.108,,
UTTAR PRADESH,Shamli,KANDHLA,16,79.172,0.5091,0.156,13.833,41.207,24.131,,
HARYANA,Panipat,SANAULI KHURD,0,0.0,0.0,11.441,0.0,0.0,0.0,,
HARYANA,Panipat,PANIPAT,8,40.151,0.1936,2.282,25.691,7.535,6.925,,
HARYANA,Panipat,BAPOLI,0,0.0,0.0,7.419,0.0,0.0,0.0,,
HARYANA,Panipat,SAMALKHA,9,59.616,0.2708,0.73,17.887,27.131,14.598,,
HARYANA,Sonipat,GANAUR,19,121.402,0.4165,0.434,22.891,63.408,28.712,,
HARYANA,Sonipat,MURTHAL,2,4.156,0.0959,4.064,0.0,1.926,2.23,,
UTTAR PRADESH,Baghpat,CHHAPRAULI,14,79.541,0.4422,0.642,7.689,52.159,19.693,,
UTTAR PRADESH,Baghpat,BARAUT,23,145.886,0.5906,1.005,18.959,106.14,20.786,,
UTTAR PRADESH,Baghpat,BAGHPAT,14,83.118,0.4288,0.265,6.374,37.99,38.753,,
HARYANA,Sonipat,RAI,11,55.582,0.2074,0.793,7.687,40.151,7.744,,
UTTAR PRADESH,Baghpat,KHEKRA,9,54.624,0.3029,0.624,12.493,25.327,16.805,,
DELHI,Central,Central,0,0.0,0.0,6.192,0.0,0.0,0.0,,
DELHI,North East,North East,0,0.0,0.0,3.347,0.0,0.0,0.0,,
UTTAR PRADESH,Ghaziabad,LONI,6,31.756,0.1378,0.928,12.262,16.86,2.635,,
DELHI,Shahdara,Shahdara,0,0.0,0.0,4.667,0.0,0.0,0.0,,
DELHI,Central,East,0,0.0,0.0,8.688,0.0,0.0,0.0,,
DELHI,East,East,0,0.0,0.0,8.097,0.0,0.0,0.0,,
DELHI,New Delhi,New Delhi,0,0.0,0.0,15.073,0.0,0.0,0.0,,
DELHI,North,North,7,24.615,0.0872,1.62,17.406,7.004,0.205,,
DELHI,North West,North West,3,9.13,0.0613,3.588,3.132,4.316,1.682,,
DELHI,West,West,0,0.0,0.0,8.394,0.0,0.0,0.0,,
DELHI,South West,South West,1,0.191,0.0007,6.515,0.0,0.0,0.191,,
HARYANA,Sonipat,KHARKHODA,22,94.883,0.3206,0.532,6.005,19.222,69.657,,
HARYANA,Sonipat,SONIPAT,21,116.122,0.2814,1.097,20.329,48.567,47.225,,
HARYANA,Rohtak,ROHTAK,28,182.409,0.3408,2.427,34.258,36.657,78.532,,
HARYANA,Rohtak,SAMPLA,15,79.362,0.3497,0.7,0.0,53.466,25.896,,
HARYANA,Jhajjar,BAHADURGARH,23,118.8,0.3167,1.758,0.0,27.783,91.018,,
HARYANA,Jhajjar,BADLI,10,60.423,0.2999,1.294,0.0,10.931,49.491,,
HARYANA,Jhajjar,JHAJJAR,12,64.533,0.218,0.453,0.0,9.942,54.591,,
HARYANA,Jhajjar,BERI,20,135.392,0.4263,1.003,23.846,11.306,65.257,,
HARYANA,Rohtak,KALANAUR,17,85.526,0.2607,0.364,0.646,23.658,57.589,,
HARYANA,Rohtak,LAKHAN MAJRA,9,45.359,0.3835,1.145,20.735,0.0,24.624,,
HARYANA,Sonipat,KATHURA,12,66.629,0.3274,1.897,18.038,29.933,18.658,,
HARYANA,Sonipat,GOHANA,18,145.93,0.4997,0.277,19.143,51.196,56.452,,
HARYANA,Sonipat,MUNDLANA,12,85.651,0.2803,1.45,0.0,42.199,43.452,,
HARYANA,Jind,SAFIDON,15,98.077,0.347,0.344,22.833,36.296,38.948,,
HARYANA,Panipat,ISRANA,17,109.962,0.4032,0.413,20.283,49.224,40.455,,
HARYANA,Panipat,MADLAUDA,14,117.182,0.3442,1.032,34.828,35.57,46.783,,
HARYANA,Jind,PILLUKHERA,10,69.847,0.3346,0.939,13.926,36.043,19.878,,
HARYANA,Jind,ALEWA,11,54.114,0.2349,2.72,2.149,18.621,33.344,,
HARYANA,Jind,JIND,23,150.149,0.3251,1.531,25.242,65.745,55.019,,
HARYANA,Jind,JULANA,16,112.492,0.3295,0.117,0.175,22.362,89.956,,
HARYANA,Hisar,HANSI-II,22,128.546,0.4792,1.4,16.006,6.803,78.124,,
HARYANA,Hisar,NARNAUND,26,165.585,0.3694,1.747,0.57,87.094,59.445,,
HARYANA,Hisar,HANSI-I,33,228.366,0.4065,0.161,13.749,72.754,119.347,,
HARYANA,Jind,UCHANA,33,198.078,0.4022,0.207,28.31,32.177,118.753,,
HARYANA,Hisar,UKLANA,13,53.082,0.238,4.628,4.991,15.763,20.259,,
HARYANA,Hisar,BARWALA,12,118.627,0.2418,1.234,27.761,73.204,17.662,,
HARYANA,Hisar,AGROHA,16,91.871,0.2869,0.235,10.676,47.297,23.174,,
HARYANA,Hisar,HISAR-II,22,149.084,0.1991,0.756,0.0,33.28,102.874,,
HARYANA,Hisar,HISAR-I,30,199.727,0.3741,1.368,1.517,73.684,82.452,,
HARYANA,Bhiwani,TOSHAM,45,203.553,0.3932,0.138,13.892,79.584,68.701,,
HARYANA,Bhiwani,SIWANI,22,136.749,0.3006,2.039,0.0,50.508,65.062,,
HARYANA,Bhiwani,BEHAL,22,111.504,0.3559,0.448,17.796,49.513,40.925,,
HARYANA,Bhiwani,KAIRU,43,165.249,0.4959,0.847,26.335,8.492,128.775,,
HARYANA,Bhiwani,BAWANI KHERA,28,154.233,0.3069,2.452,27.368,0.0,106.823,,
HARYANA,Bhiwani,BHIWANI,48,273.879,0.4192,0.398,24.752,29.286,194.874,,
HARYANA,Rohtak,MAHAM,20,112.431,0.2757,0.923,12.499,7.855,87.013,,
HARYANA,Charki Dadri,BAUND,16,89.918,0.3963,0.65,0.0,43.792,41.107,,
HARYANA,Charki Dadri,CHARKHI DADRI,41,178.178,0.4372,0.133,2.815,67.576,80.575,,
HARYANA,Mahendragarh,ATELI NANGAL,9,48.266,0.326,0.842,0.0,15.561,32.706,,
HARYANA,Mahendragarh,SIHMA,15,52.346,0.3762,0.506,8.83,34.134,9.382,,
HARYANA,Mahendragarh,KANINA,27,159.803,0.4313,1.291,24.799,105.225,22.007,,
HARYANA,Mahendragarh,MAHENDRAGARH,29,105.032,0.2461,0.797,8.479,58.85,35.271,,
RAJASTHAN,Jhunjhunu,BUHANA,1,0.188,0.0005,9.285,0.0,0.0,0.188,,
HARYANA,Mahendragarh,SATNALI,14,52.928,0.3509,0.175,5.562,36.462,10.904,,
HARYANA,Charki Dadri,JHOJHU,30,126.745,0.3838,0.327,3.361,32.492,69.597,,
HARYANA,Charki Dadri,BADHRA,35,182.804,0.5,1.13,14.819,102.69,64.933,,
HARYANA,Bhiwani,LOHARU,27,183.88,0.4377,1.469,10.889,101.283,71.707,,
RAJASTHAN,Jhunjhunu,PILANI,0,0.0,0.0,13.102,0.0,0.0,0.0,,
RAJASTHAN,Jhunjhunu,CHIRAWA,0,0.0,0.0,33.921,0.0,0.0,0.0,,
RAJASTHAN,Jhunjhunu,SINGHANA,0,0.0,0.0,20.865,0.0,0.0,0.0,,
RAJASTHAN,Jhunjhunu,SURAJGARH,0,0.0,0.0,13.912,0.0,0.0,0.0,,
RAJASTHAN,Neem Ka Thana,KHETRI,0,0.0,0.0,18.057,0.0,0.0,0.0,,
RAJASTHAN,Neem Ka Thana,UDAIPURWATI,0,0.0,0.0,36.413,0.0,0.0,0.0,,
RAJASTHAN,Neem Ka Thana,NEEM KA THANA,0,0.0,0.0,17.953,0.0,0.0,0.0,,
RAJASTHAN,Kotputli-Behror,PAOTA,6,28.959,0.0727,0.913,5.801,20.04,3.119,,
RAJASTHAN,Kotputli-Behror,KOTPUTLI,0,0.0,0.0,12.166,0.0,0.0,0.0,,
RAJASTHAN,Neem Ka Thana,PATAN,2,10.84,0.0292,1.085,9.394,0.0,1.446,,
HARYANA,Mahendragarh,NIZAMPUR,5,19.756,0.162,3.162,0.0,11.567,8.189,,
HARYANA,Mahendragarh,NARNAUL,13,60.399,0.2631,2.26,3.163,46.034,11.202,,
HARYANA,Mahendragarh,NANGAL CHAUDHRY,7,49.277,0.1741,0.85,0.0,37.992,11.285,,
RAJASTHAN,Kotputli-Behror,NEEMRANA,3,1.445,0.0038,2.326,0.0,0.0,1.445,,
RAJASTHAN,Kotputli-Behror,BEHROR,0,0.0,0.0,11.864,0.0,0.0,0.0,,
RAJASTHAN,Kotputli-Behror,BANSUR,1,2.878,0.0034,21.227,2.878,0.0,0.0,,
RAJASTHAN,Khairthal-Tijara,KISHANGARH BAS,0,0.0,0.0,24.235,0.0,0.0,0.0,,
RAJASTHAN,Khairthal-Tijara,TIJARA,0,0.0,0.0,11.172,0.0,0.0,0.0,,
RAJASTHAN,Khairthal-Tijara,KOTKASIM,0,0.0,0.0,9.882,0.0,0.0,0.0,,
HARYANA,Rewari,BAWAL,15,85.979,0.3694,1.173,14.714,71.265,0.0,,
RAJASTHAN,Khairthal-Tijara,MANDAWAR,1,3.458,0.0063,5.605,3.458,0.0,0.0,,
HARYANA,Rewari,KHOL AT REWARI,12,30.208,0.1552,0.818,0.0,21.518,8.69,,
HARYANA,Rewari,REWARI,16,71.175,0.3227,1.734,16.865,48.691,4.258,,
HARYANA,Rewari,DAHINA,18,70.008,0.3633,1.705,0.0,57.924,12.083,,
HARYANA,Rewari,NAHAR,14,96.017,0.4108,1.265,22.52,47.163,19.946,,
HARYANA,Jhajjar,MATANNAIL,24,129.635,0.3779,0.638,12.833,30.114,66.416,,
HARYANA,Jhajjar,SALHAWAS,11,51.348,0.3546,0.277,6.02,20.682,21.128,,
HARYANA,Rewari,JATUSANA,16,76.305,0.3764,1.429,11.693,40.3,24.312,,
HARYANA,Jhajjar,MACHHRAULI,12,50.318,0.3229,0.568,0.0,14.406,35.912,,
HARYANA,Gurugram,FARRUKH NAGAR,7,24.304,0.0937,1.151,0.0,2.111,22.193,,
HARYANA,Gurugram,PATAUDI,4,15.958,0.0611,8.225,0.0,0.0,15.958,,
HARYANA,Rewari,DHARUHERA,9,24.426,0.1291,3.541,3.147,15.96,0.0,,
HARYANA,Nuh,TAORU,0,0.0,0.0,8.876,0.0,0.0,0.0,,
HARYANA,Gurugram,GURGAON,0,0.0,0.0,16.73,0.0,0.0,0.0,,
DELHI,South,South,0,0.0,0.0,11.263,0.0,0.0,0.0,,
DELHI,South East,South East,2,9.823,0.1001,3.027,7.108,0.0,0.0,,
HARYANA,Palwal,PRITHLA,11,60.875,0.3792,0.61,9.332,20.621,30.922,,
HARYANA,Gurugram,SOHNA,7,34.388,0.106,5.515,18.092,13.204,3.092,,
HARYANA,Nuh,INDRI,12,54.548,0.3274,0.813,14.24,31.283,9.024,,
HARYANA,Palwal,PALWAL,13,61.604,0.334,0.415,5.994,46.27,9.339,,
HARYANA,Palwal,HATHIN,23,137.275,0.3995,0.229,20.417,72.807,39.896,,
HARYANA,Nuh,PUNAHANA,12,64.702,0.3115,0.614,13.331,22.541,16.144,,
HARYANA,Nuh,PINGWAN,6,34.171,0.2159,2.713,2.062,20.933,11.177,,
HARYANA,Nuh,NUH,9,55.784,0.1964,2.749,24.711,31.073,0.0,,
HARYANA,Nuh,NAGINA,4,27.042,0.1675,0.114,0.0,12.182,14.86,,
HARYANA,Nuh,FEROZEPUR JHIRKA,0,0.0,0.0,10.236,0.0,0.0,0.0,,
RAJASTHAN,Deeg,PAHARI,19,89.958,0.2427,2.699,0.0,47.954,30.365,,
RAJASTHAN,Deeg,KAMAN,10,70.746,0.2058,0.189,47.441,16.419,6.886,,
RAJASTHAN,Deeg,DEEG,7,90.211,0.1848,2.45,43.548,13.935,7.982,,
RAJASTHAN,Deeg,NAGAR PAHARI,28,104.921,0.2298,0.907,21.735,69.154,14.031,,
RAJASTHAN,Alwar,GOVINDGARH,0,0.0,0.0,7.894,0.0,0.0,0.0,,
RAJASTHAN,Alwar,KATHUMAR,0,0.0,0.0,17.213,0.0,0.0,0.0,,
RAJASTHAN,Bharatpur,NADBAI,0,0.0,0.0,22.823,0.0,0.0,0.0,,
RAJASTHAN,Bharatpur,WEIR,0,0.0,0.0,19.702,0.0,0.0,0.0,,
RAJASTHAN,Bharatpur,BAYANA,13,35.245,0.047,7.544,21.154,0.0,13.068,,
RAJASTHAN,Karauli,HINDAUN,9,38.031,0.0927,0.256,17.627,9.353,11.051,,
RAJASTHAN,Karauli,SRI MAHAVEER JI,7,13.325,0.0656,3.028,4.354,0.0,8.971,,
RAJASTHAN,Gangapurcity,TODABHIM,6,10.908,0.0209,11.525,4.199,1.28,5.429,,
RAJASTHAN,Bharatpur,BHUSAWAR,0,0.0,0.0,19.831,0.0,0.0,0.0,,
RAJASTHAN,Dausa,MAHWA,0,0.0,0.0,27.843,0.0,0.0,0.0,,
RAJASTHAN,Dausa,BANDIKUI,0,0.0,0.0,15.534,0.0,0.0,0.0,,
RAJASTHAN,Gangapurcity,NADAUTI,12,24.395,0.0391,12.205,3.808,7.982,12.605,,
RAJASTHAN,Dausa,SIKRAI,1,0.142,0.0005,10.566,0.0,0.142,0.0,,
RAJASTHAN,Dausa,SIKANDARA,6,24.871,0.1075,6.497,15.524,6.124,3.224,,
RAJASTHAN,Dausa,BASWA,0,0.0,0.0,9.919,0.0,0.0,0.0,,
RAJASTHAN,Alwar,RAJGARH,7,23.059,0.03,5.584,18.186,4.873,0.0,,
RAJASTHAN,Alwar,RENI,0,0.0,0.0,28.56,0.0,0.0,0.0,,
RAJASTHAN,Alwar,LAXMANGARH,0,0.0,0.0,19.788,0.0,0.0,0.0,,
RAJASTHAN,Alwar,RAMGARH,0,0.0,0.0,13.937,0.0,0.0,0.0,,
RAJASTHAN,Alwar,UMREN,11,51.771,0.0731,4.46,19.798,3.313,18.402,,
RAJASTHAN,Alwar,MALKHEDA,5,7.179,0.0158,7.397,2.584,0.0,2.72,,
RAJASTHAN,Alwar,THANAGAZI,0,0.0,0.0,17.254,0.0,0.0,0.0,,
RAJASTHAN,Kotputli-Behror,VIRATNAGAR,0,0.0,0.0,17.152,0.0,0.0,0.0,,
RAJASTHAN,Neem Ka Thana,AJEETGARH,0,0.0,0.0,9.396,0.0,0.0,0.0,,
RAJASTHAN,Sikar,KHANDELA,0,0.0,0.0,43.851,0.0,0.0,0.0,,
RAJASTHAN,Neem Ka Thana,SRI MADHOPUR,0,0.0,0.0,33.698,0.0,0.0,0.0,,
RAJASTHAN,Jaipur Gramin,GOVINDGARH,0,0.0,0.0,45.447,0.0,0.0,0.0,,
RAJASTHAN,Jaipur Gramin,SHAHPURA,0,0.0,0.0,23.58,0.0,0.0,0.0,,
RAJASTHAN,Jaipur,AMBER,0,0.0,0.0,15.665,0.0,0.0,0.0,,
RAJASTHAN,Jaipur,JHOTWARA,0,0.0,0.0,29.257,0.0,0.0,0.0,,
RAJASTHAN,Jaipur,Jalsu,0,0.0,0.0,38.492,0.0,0.0,0.0,,
RAJASTHAN,Jaipur,SANGANER,0,0.0,0.0,20.199,0.0,0.0,0.0,,
RAJASTHAN,Jaipur Gramin,TUNGA,0,0.0,0.0,22.489,0.0,0.0,0.0,,
RAJASTHAN,Jaipur Gramin,BASSI,14,39.281,0.105,14.263,12.492,26.789,0.0,,
RAJASTHAN,Jaipur Gramin,JAMWA RAMGARH,2,5.842,0.0114,5.909,2.818,0.0,3.024,,
RAJASTHAN,Jaipur Gramin,ANDHI,15,49.559,0.1045,1.417,10.682,17.688,21.188,,
RAJASTHAN,Dausa,DAUSA,12,52.877,0.0877,5.745,30.562,22.316,0.0,,
RAJASTHAN,Dausa,LAWAN,1,0.294,0.0018,7.27,0.0,0.294,0.0,,
RAJASTHAN,Dausa,NANGAL RAJAWATAN,0,0.0,0.0,15.552,0.0,0.0,0.0,,
RAJASTHAN,Dausa,LALSOT,5,18.44,0.0266,13.197,9.995,0.0,8.445,,
RAJASTHAN,Dausa,RAMGARH PACHWARA,0,0.0,0.0,22.854,0.0,0.0,0.0,,
RAJASTHAN,Sawai Madhopur,BONLI,7,46.125,0.0762,8.584,39.512,2.116,4.497,,
RAJASTHAN,Tonk,NEWAI,1,0.802,0.0008,18.777,0.802,0.0,0.0,,
RAJASTHAN,Jaipur Gramin,KOTKHAWDA,0,0.0,0.0,29.038,0.0,0.0,0.0,,
RAJASTHAN,Jaipur Gramin,CHAKSU,0,0.0,0.0,27.63,0.0,0.0,0.0,,
RAJASTHAN,Dudu,MADHORAJPURA,0,0.0,0.0,21.386,0.0,0.0,0.0,,
RAJASTHAN,Dudu,PHAGI,11,36.521,0.0589,8.189,23.347,1.884,11.289,,
RAJASTHAN,Tonk,PEEPLU,18,86.758,0.1295,0.329,48.922,0.0,37.835,,
RAJASTHAN,Tonk,TONK,42,227.74,0.2904,1.964,50.735,96.17,80.834,,
RAJASTHAN,Tonk,DEOLI,24,119.487,0.1012,1.387,45.021,27.154,47.311,,
RAJASTHAN,Tonk,UNIARA,33,182.585,0.1919,0.189,73.273,31.132,78.18,,
RAJASTHAN,Sawai Madhopur,Chauth Ka Barwara,1,3.711,0.0073,8.166,3.711,0.0,0.0,,
RAJASTHAN,Sawai Madhopur,KHANDAR,9,29.195,0.0218,9.154,13.09,6.735,9.37,,
RAJASTHAN,Sawai Madhopur,SAWAI MADHOPUR,10,48.717,0.0684,1.942,30.993,0.0,17.724,,
RAJASTHAN,Sawai Madhopur,Malarna Doongar,73,151.519,0.4203,0.762,46.089,9.173,96.258,,
RAJASTHAN,Gangapurcity,BAMANWAS,14,84.942,0.121,1.618,72.235,5.407,7.301,,
RAJASTHAN,Gangapurcity,GANGAPUR CITY,11,50.443,0.0822,13.777,28.906,0.0,21.537,,
RAJASTHAN,Karauli,SAPOTRA,11,49.724,0.0381,0.415,7.917,11.551,30.256,,
RAJASTHAN,Karauli,KARAULI,1,6.5,0.0099,12.592,6.5,0.0,0.0,,
RAJASTHAN,Karauli,Masalpur,0,0.0,0.0,16.593,0.0,0.0,0.0,,
RAJASTHAN,Karauli,Mandrayal,0,0.0,0.0,14.227,0.0,0.0,0.0,,
MADHYA PRADESH,Sheopur,VIJAYPUR,12,93.324,0.034,23.328,43.14,37.244,12.94,,
MADHYA PRADESH,Gwalior,BHITARWAR,154,539.173,0.6173,0.144,140.926,212.578,185.669,,
MADHYA PRADESH,Gwalior,GHATIGAON,57,164.106,0.0909,1.034,97.826,26.983,38.525,,
MADHYA PRADESH,Morena,JOURA,72,216.198,0.3262,2.084,44.048,88.181,81.254,,
MADHYA PRADESH,Morena,MORENA,103,309.366,0.3003,0.242,76.138,154.082,76.569,,
RAJASTHAN,Dholpur,BARI,9,33.112,0.0432,4.268,8.269,4.392,20.451,,
MADHYA PRADESH,Morena,PAHADGARH,48,145.066,0.1693,1.949,39.907,56.824,48.335,,
MADHYA PRADESH,Morena,KAILARAS,51,165.848,0.3399,3.788,24.747,71.743,69.358,,
MADHYA PRADESH,Morena,SABALGARH,39,158.535,0.2139,0.039,52.445,56.851,49.239,,
RAJASTHAN,Dholpur,SARMATHURA,0,0.0,0.0,14.846,0.0,0.0,0.0,,
RAJASTHAN,Dholpur,BASERI,21,106.118,0.3156,0.567,62.31,0.0,43.808,,
UTTAR PRADESH,Agra,JAGNER,1,0.255,0.0008,4.868,0.255,0.0,0.0,,
RAJASTHAN,Bharatpur,RUPBAS,6,19.809,0.052,12.822,18.719,0.0,1.09,,
UTTAR PRADESH,Agra,FATEHPUR SIKRI,14,61.368,0.1947,3.934,17.501,11.57,32.297,,
RAJASTHAN,Bharatpur,UCHAIN,0,0.0,0.0,8.209,0.0,0.0,0.0,,
RAJASTHAN,Bharatpur,SEWAR,7,58.089,0.1201,1.533,4.871,15.25,4.415,,
RAJASTHAN,Deeg,KUMHER,8,58.224,0.1346,4.739,17.417,0.49,28.152,,
UTTAR PRADESH,Mathura,GOVARDHAN,26,169.899,0.4723,0.125,14.152,47.42,97.338,,
UTTAR PRADESH,Mathura,MATHURA,27,142.934,0.3453,0.233,8.975,56.277,77.681,,
UTTAR PRADESH,Mathura,FARAH,21,120.999,0.4527,0.436,22.001,63.206,35.792,,
UTTAR PRADESH,Agra,ACHHNERA,19,104.127,0.3676,2.479,2.986,56.889,44.252,,
UTTAR PRADESH,Agra,BICHPURI,8,38.96,0.1448,1.543,0.0,26.365,12.595,,
UTTAR PRADESH,Mathura,BALDEO,12,89.522,0.2776,0.308,1.981,42.189,45.352,,
UTTAR PRADESH,Mathura,RAYA,16,99.671,0.4366,0.716,15.128,41.57,42.973,,
UTTAR PRADESH,Hathras,MURSAN,13,62.795,0.2841,0.744,4.849,42.142,15.805,,
UTTAR PRADESH,Hathras,SADABAD,13,108.641,0.379,0.435,0.0,87.445,21.196,,
UTTAR PRADESH,Hathras,HATHRAS,20,92.963,0.3894,0.171,30.794,31.407,30.761,,
UTTAR PRADESH,Hathras,SEHPAU,9,50.222,0.3071,0.707,8.314,29.005,12.902,,
UTTAR PRADESH,Agra,ETMADPUR,12,67.431,0.3007,0.386,0.0,30.723,36.708,,
UTTAR PRADESH,Agra,KHANDAULI,9,44.237,0.2224,0.218,0.0,22.254,21.983,,
UTTAR PRADESH,Agra,SAIYAN,13,74.241,0.3287,0.17,22.253,0.0,51.989,,
UTTAR PRADESH,Agra,SHAMSABAD,4,32.03,0.1254,3.056,0.0,27.519,4.511,,
UTTAR PRADESH,Agra,BARAULI AHIR,8,39.317,0.1754,1.423,0.0,16.609,22.708,,
UTTAR PRADESH,Agra,AKOLA,14,48.983,0.3103,0.545,1.348,26.078,21.557,,
UTTAR PRADESH,Agra,KHERAGARH,12,71.749,0.2955,0.561,16.613,0.0,55.137,,
RAJASTHAN,Dholpur,SAIPAU,20,91.05,0.3031,0.018,30.614,13.788,46.648,,
RAJASTHAN,Dholpur,DHAULPUR,3,16.103,0.0533,6.22,13.692,0.0,2.412,,
RAJASTHAN,Dholpur,RAJAKHERA,1,0.216,0.0004,8.719,0.216,0.0,0.0,,
MADHYA PRADESH,Morena,PORSA,50,176.419,0.3477,1.719,33.325,68.884,74.21,,
UTTAR PRADESH,Agra,BAH,6,43.985,0.1593,0.593,14.92,0.0,29.065,,
UTTAR PRADESH,Firozabad,SHIKOHABAD,2,17.658,0.0725,3.782,12.979,4.679,0.0,,
UTTAR PRADESH,Firozabad,FIROZABAD,2,23.545,0.0874,2.074,0.0,14.238,9.307,,
UTTAR PRADESH,Agra,PINAHAT,2,20.996,0.0738,1.443,15.204,0.0,5.792,,
UTTAR PRADESH,Agra,FATEHABAD,3,27.61,0.0797,1.774,0.0,17.106,10.503,,
UTTAR PRADESH,Firozabad,TUNDLA,24,103.637,0.2945,0.313,0.0,37.913,65.725,,
UTTAR PRADESH,Firozabad,NARKHI,8,26.769,0.1409,4.261,0.0,9.537,17.232,,
UTTAR PRADESH,Etah,JALESAR,15,78.477,0.3399,2.215,2.712,47.444,28.321,,
UTTAR PRADESH,Etah,AWAGARH,16,122.376,0.4413,0.57,12.695,61.499,48.182,,
UTTAR PRADESH,Etah,NIDHAULI KALAN,17,115.174,0.3384,0.618,61.692,12.423,41.059,,
UTTAR PRADESH,Firozabad,EKA,18,111.45,0.3249,0.222,63.438,10.93,37.082,,
UTTAR PRADESH,Firozabad,HATHWANT,6,28.105,0.1233,4.851,9.661,6.783,11.661,,
UTTAR PRADESH,Firozabad,JASRANA,10,52.642,0.2346,1.638,19.053,16.793,16.796,,
UTTAR PRADESH,Mainpuri,GHIROR,9,82.515,0.2457,3.121,35.386,30.971,16.158,,
UTTAR PRADESH,Etah,SAKIT,7,67.523,0.184,2.665,14.191,25.242,22.562,,
UTTAR PRADESH,Etah,SHITALPUR,18,114.283,0.3775,0.91,18.414,32.969,40.899,,
UTTAR PRADESH,Mainpuri,KURAOLI,12,90.613,0.3502,0.032,18.47,19.477,33.002,,
UTTAR PRADESH,Etah,JAITHARA,14,54.202,0.1777,1.121,1.251,18.514,32.768,,
UTTAR PRADESH,Mainpuri,SULTANGANJ,21,119.736,0.3993,1.469,19.976,38.114,47.189,,
UTTAR PRADESH,Mainpuri,MAINPURI,7,60.413,0.1605,0.633,25.817,31.023,3.573,,
UTTAR PRADESH,Mainpuri,JAGEER,7,43.792,0.2096,1.658,14.616,25.875,2.8,,
UTTAR PRADESH,Etawah,SEFAI,17,74.776,0.3942,0.607,7.714,22.674,44.388,,
UTTAR PRADESH,Mainpuri,KARHAL,23,117.361,0.3653,0.747,11.752,50.371,53.784,,
UTTAR PRADESH,Mainpuri,BARNAHAL,6,32.628,0.1578,5.557,6.566,18.887,7.175,,
UTTAR PRADESH,Firozabad,ARAON,7,29.76,0.1503,1.119,0.0,0.033,29.727,,
UTTAR PRADESH,Firozabad,MADANPUR,11,108.945,0.3811,0.034,22.116,65.406,21.424,,
UTTAR PRADESH,Etawah,JASWANTNAGAR,14,68.262,0.2772,0.482,28.723,5.653,30.16,,
UTTAR PRADESH,Agra,JAITPUR KALAN,3,44.396,0.1506,1.472,21.445,0.0,22.951,,
UTTAR PRADESH,Etawah,BARHPURA,12,62.727,0.1795,1.344,24.222,0.0,38.505,,
UTTAR PRADESH,Etawah,BASREHAR,26,114.601,0.4122,0.284,21.497,27.256,65.848,,
MADHYA PRADESH,Bhind,BHIND,14,70.014,0.1084,1.375,28.39,37.668,3.957,,
MADHYA PRADESH,Bhind,RAON,15,78.884,0.1896,1.346,19.257,18.241,41.386,,
MADHYA PRADESH,Bhind,ATER,44,194.985,0.2895,3.843,60.516,83.263,51.205,,
MADHYA PRADESH,Bhind,MEHGAON,54,241.185,0.2573,1.075,39.471,58.151,143.563,,
MADHYA PRADESH,Morena,AMBAH,53,192.388,0.3726,0.378,28.029,79.462,84.897,,
MADHYA PRADESH,Gwalior,MORAR,72,267.161,0.3492,0.675,50.0,55.759,161.401,,
MADHYA PRADESH,Bhind,GOHAD,91,330.191,0.3325,0.51,66.803,84.5,178.888,,
MADHYA PRADESH,Datia,SEONDHA,64,329.547,0.3624,0.099,77.436,35.694,216.417,,
MADHYA PRADESH,Gwalior,DABRA,61,244.259,0.2573,1.269,10.261,107.775,123.915,,
MADHYA PRADESH,Datia,BHANDER,88,284.42,0.4694,0.69,22.658,63.487,198.055,,
MADHYA PRADESH,Bhind,LAHAR,51,234.779,0.3715,0.577,25.962,61.939,146.878,,
UTTAR PRADESH,Jalaun,NADIGAON,61,275.922,0.4564,2.064,29.805,87.817,158.3,,
UTTAR PRADESH,Jhansi,MOTH,53,317.205,0.4999,0.051,58.299,79.561,179.345,,
UTTAR PRADESH,Jhansi,BANGRA,10,28.329,0.0538,3.384,18.367,0.0,9.962,,
MADHYA PRADESH,Niwari,NIWARI,30,64.505,0.0981,9.914,8.252,20.787,29.511,,
UTTAR PRADESH,Jhansi,CHIRGAON,41,182.369,0.359,3.215,52.725,31.945,97.699,,
UTTAR PRADESH,Jhansi,BABINA,9,66.145,0.096,6.86,0.0,15.122,10.797,,
MADHYA PRADESH,Datia,DATIA,204,600.635,0.5611,0.051,65.116,116.803,418.716,,
UTTAR PRADESH,Jhansi,BADAGAON,27,115.323,0.2552,3.108,22.159,20.452,68.58,,
UTTAR PRADESH,Lalitpur,TALBEHAT,54,251.792,0.3578,0.28,54.119,54.6,143.074,,
UTTAR PRADESH,Lalitpur,JAKHAURA,88,367.315,0.4002,0.148,98.928,96.451,171.936,,
UTTAR PRADESH,Lalitpur,BAR,57,242.48,0.3683,0.526,63.011,52.463,127.006,,
MADHYA PRADESH,Tikamgarh,JATARA,62,98.069,0.0942,12.963,4.731,9.067,83.825,,
MADHYA PRADESH,Niwari,PRITHVIPUR,11,31.509,0.0513,10.796,12.432,0.0,19.077,,
MADHYA PRADESH,Tikamgarh,PALERA,226,390.07,0.4891,0.286,0.0,78.107,308.261,,
MADHYA PRADESH,Tikamgarh,TIKAMGARH,13,19.703,0.0226,14.438,7.404,0.0,12.299,,
UTTAR PRADESH,Lalitpur,MEHRONI,35,157.456,0.2185,0.882,60.87,25.91,70.677,,
UTTAR PRADESH,Lalitpur,MANDAWARA,6,40.018,0.0481,1.979,32.758,4.644,2.616,,
MADHYA PRADESH,Sagar,SHAHGARH,18,51.817,0.0646,10.167,22.931,12.137,16.749,,
MADHYA PRADESH,Sagar,BANDA,0,0.0,0.0,30.491,0.0,0.0,0.0,,
MADHYA PRADESH,Sagar,MALTHONE,2,48.948,0.0531,0.846,0.0,0.0,0.0,,
MADHYA PRADESH,Sagar,RAHATGARH,3,6.31,0.0069,5.214,0.0,0.0,0.0,,
MADHYA PRADESH,Sagar,KHURAI,4,78.029,0.1089,4.231,0.0,0.0,0.0,,
UTTAR PRADESH,Lalitpur,BIRDHA,42,165.402,0.1624,5.07,61.795,14.114,86.121,,
MADHYA PRADESH,Ashoknagar,CHANDERI,13,59.528,0.0594,11.212,27.76,0.0,31.768,,
MADHYA PRADESH,Ashoknagar,MUNGAOLI,17,63.933,0.0519,7.852,28.296,10.975,24.661,,
MADHYA PRADESH,Sagar,BINA,8,12.748,0.0181,12.897,2.35,0.0,8.786,1224.59,
MADHYA PRADESH,Vidisha,KURWAI,10,49.186,0.0616,3.033,9.473,0.0,10.372,8775.41,
MADHYA PRADESH,Vidisha,BASODA,23,48.328,0.0406,18.382,11.384,4.636,32.308,,
MADHYA PRADESH,Vidisha,SIRONJ,35,80.476,0.066,1.828,38.472,1.053,40.95,,
MADHYA PRADESH,Vidisha,NATERAN,93,226.69,0.2217,5.519,43.835,39.635,143.22,,
MADHYA PRADESH,Vidisha,LATERI,0,0.0,0.0,23.563,0.0,0.0,0.0,,
MADHYA PRADESH,Guna,ARON,0,0.0,0.0,16.417,0.0,0.0,0.0,,
MADHYA PRADESH,Ashoknagar,ASHOKNAGAR,0,0.0,0.0,29.716,0.0,0.0,0.0,,
MADHYA PRADESH,Guna,GUNA,2,1.183,0.0007,21.271,1.183,0.0,0.0,,
MADHYA PRADESH,Shivpuri,BADARWAS,3,14.101,0.0142,5.831,12.029,0.0,2.073,,
MADHYA PRADESH,Shivpuri,KOLARAS,0,0.0,0.0,25.555,0.0,0.0,0.0,,
MADHYA PRADESH,Ashoknagar,ISAGARH,0,0.0,0.0,26.215,0.0,0.0,0.0,,
MADHYA PRADESH,Shivpuri,KHANIADHANA,138,435.597,0.3247,3.755,115.217,71.844,166.755,,
MADHYA PRADESH,Shivpuri,PICHHORE,33,123.032,0.1258,6.316,52.848,0.0,29.32,155.71,
MADHYA PRADESH,Shivpuri,KARERA,112,256.289,0.2576,1.38,50.863,42.371,105.852,618.35,
MADHYA PRADESH,Shivpuri,NARWAR,190,524.9,0.5695,2.295,70.514,210.14,230.451,,
MADHYA PRADESH,Shivpuri,SHIVPURI,0,0.0,0.0,18.765,0.0,0.0,0.0,,
MADHYA PRADESH,Shivpuri,POHRI,0,0.0,0.0,41.627,0.0,0.0,0.0,,
MADHYA PRADESH,Sheopur,KARAHAL,7,16.88,0.0074,23.462,11.885,1.391,3.605,,
RAJASTHAN,Baran,SHAHBAD,0,0.0,0.0,35.969,0.0,0.0,0.0,,
MADHYA PRADESH,Guna,BAMORI,29,89.602,0.0629,7.347,45.665,0.0,43.249,,
RAJASTHAN,Baran,KISHANGANJ,30,122.531,0.0893,0.5,52.622,24.108,45.8,,
RAJASTHAN,Baran,ATRU,17,93.133,0.1162,2.363,14.907,38.386,39.839,,
RAJASTHAN,Baran,BARAN (FULL),19,107.526,0.179,4.707,52.815,13.862,40.849,,
RAJASTHAN,Baran,MANGROL,58,223.89,0.5275,0.375,73.881,55.469,94.54,,
MADHYA PRADESH,Sheopur,SHEOPUR,87,399.636,0.2989,1.32,106.69,139.964,152.982,,
RAJASTHAN,Kota,ITAWA,96,442.949,0.5117,0.037,75.556,126.994,240.4,,
RAJASTHAN,Kota,SULTANPUR,126,472.983,0.537,0.548,101.065,101.871,270.047,,
RAJASTHAN,Bundi,KESHORAIPATAN,114,544.346,0.4217,0.108,107.841,138.263,295.296,,
RAJASTHAN,Bundi,NAINWA,8,31.9,0.028,6.423,9.757,0.0,22.144,,
RAJASTHAN,Bundi,HINDOLI,32,187.084,0.1449,0.94,60.464,36.334,90.286,,
RAJASTHAN,Bundi,BUNDI,63,300.601,0.3197,0.039,82.875,105.527,112.199,,
RAJASTHAN,Kota,LADPURA,79,290.549,0.2063,7.398,103.158,30.093,157.298,,
RAJASTHAN,Bundi,TALERA,55,231.944,0.2592,6.32,43.865,102.664,85.416,,
RAJASTHAN,Chittorgarh,BHAINSRORGARH,0,0.0,0.0,26.75,0.0,0.0,0.0,,
RAJASTHAN,Baran,ANTA,44,175.449,0.3332,2.061,77.165,8.733,89.55,,
RAJASTHAN,Kota,SANGOD,36,147.539,0.1468,0.585,40.241,50.571,56.727,,
RAJASTHAN,Jhalawar,KHANPUR,68,171.836,0.1907,0.905,66.015,37.824,67.998,,
RAJASTHAN,Jhalawar,JHALRAPATAN,0,0.0,0.0,8.993,0.0,0.0,0.0,,
RAJASTHAN,Jhalawar,BAKANI,0,0.0,0.0,10.992,0.0,0.0,0.0,,
RAJASTHAN,Kota,KHAIRABAD,3,33.131,0.045,4.562,0.0,0.0,0.0,,
MADHYA PRADESH,Mandsaur,BHANPURA,0,0.0,0.0,19.021,0.0,0.0,0.0,,
RAJASTHAN,Jhalawar,BHAWANI MANDI,5,28.419,0.0421,7.686,19.574,2.11,0.0,,
MADHYA PRADESH,Mandsaur,GAROTH,2,7.23,0.0066,7.071,5.156,0.0,2.073,,
MADHYA PRADESH,Mandsaur,SITAMAU,0,0.0,0.0,27.74,0.0,0.0,0.0,,
RAJASTHAN,Jhalawar,DAG,1,1.174,0.0013,16.79,0.0,1.174,0.0,,
RAJASTHAN,Jhalawar,PIRAWA (SUNEL),25,104.088,0.103,7.284,59.295,14.331,26.307,,
MADHYA PRADESH,Agar Malwa,SUSNER,0,0.0,0.0,15.305,0.0,0.0,0.0,,
MADHYA PRADESH,Rajgarh,ZIRAPUR,14,35.308,0.0431,0.278,8.46,13.137,13.71,,
MADHYA PRADESH,Agar Malwa,NALKHEDA,6,17.687,0.0305,10.12,10.807,0.0,6.881,,
MADHYA PRADESH,Rajgarh,RAJGARH,6,20.112,0.0186,12.63,13.92,0.0,6.192,,
RAJASTHAN,Jhalawar,MANOHARTHANA,0,0.0,0.0,24.336,0.0,0.0,0.0,,
MADHYA PRADESH,Rajgarh,KHILCHIPUR,0,0.0,0.0,19.897,0.0,0.0,0.0,,
RAJASTHAN,Jhalawar,AKLERA,27,87.852,0.1173,0.567,39.032,7.581,41.238,,
RAJASTHAN,Baran,CHHIPABAROD,0,0.0,0.0,18.069,0.0,0.0,0.0,,
MADHYA PRADESH,Guna,CHANCHODA,0,0.0,0.0,14.486,0.0,0.0,0.0,,
RAJASTHAN,Baran,CHHABRA,14,63.799,0.0829,0.775,17.976,30.373,15.45,,
MADHYA PRADESH,Guna,RAGHOGARH,27,79.88,0.0667,7.388,32.843,7.432,39.605,,
MADHYA PRADESH,Rajgarh,BIAORA,26,72.026,0.0651,8.205,35.434,0.0,36.593,,
MADHYA PRADESH,Rajgarh,NARSINGHGARH,8,43.646,0.0337,4.491,26.779,0.0,16.867,,
MADHYA PRADESH,Sehore,SEHORE,8,27.782,0.0182,7.586,22.643,0.0,5.139,,
MADHYA PRADESH,Sehore,ICHHAWAR,0,0.0,0.0,27.872,0.0,0.0,0.0,,
MADHYA PRADESH,Shajapur,KALAPIPAL,0,0.0,0.0,25.725,0.0,0.0,0.0,,
MADHYA PRADESH,Shajapur,SHUJALPUR,0,0.0,0.0,37.966,0.0,0.0,0.0,,
MADHYA PRADESH,Sehore,ASHTA,15,49.14,0.0353,6.444,35.251,0.0,13.888,,
MADHYA PRADESH,Rajgarh,SARANGPUR,0,0.0,0.0,27.144,0.0,0.0,0.0,,
MADHYA PRADESH,Shajapur,MOMAN BADODIA,3,3.269,0.0038,18.729,2.139,0.0,1.13,,
MADHYA PRADESH,Shajapur,SHAJAPUR,26,107.43,0.1215,6.954,76.085,8.782,22.563,,
MADHYA PRADESH,Agar Malwa,AGAR,21,69.726,0.0995,4.782,36.938,11.043,21.746,,
MADHYA PRADESH,Agar Malwa,BAROD,16,47.023,0.0673,0.377,19.428,11.885,15.71,,
MADHYA PRADESH,Ujjain,MAHIDPUR,23,67.061,0.0613,2.637,30.19,6.459,30.412,,
MADHYA PRADESH,Ujjain,UJJAIN,4,4.197,0.0059,9.088,3.097,0.0,1.1,,
MADHYA PRADESH,Ujjain,GHATIYA,9,13.703,0.0222,3.899,8.658,0.0,5.045,,
MADHYA PRADESH,Indore,SANWER,0,0.0,0.0,19.894,0.0,0.0,0.0,,
MADHYA PRADESH,Dewas,DEWAS,1,2.846,0.003,10.215,2.846,0.0,0.0,,
MADHYA PRADESH,Ujjain,TARANA,6,11.209,0.0111,12.325,7.892,0.0,3.318,,
MADHYA PRADESH,Dewas,TONK KHURD,0,0.0,0.0,12.685,0.0,0.0,0.0,,
MADHYA PRADESH,Dewas,SONKATCH,0,0.0,0.0,24.837,0.0,0.0,0.0,,
MADHYA PRADESH,Dewas,BAGLI,8,18.864,0.0101,7.786,7.592,0.0,11.272,,
MADHYA PRADESH,Indore,INDORE,1,6.602,0.0067,16.955,6.602,0.0,0.0,,
MADHYA PRADESH,Indore,DEPALPUR,0,0.0,0.0,30.357,0.0,0.0,0.0,,
MADHYA PRADESH,Dhar,DHAR,0,0.0,0.0,20.818,0.0,0.0,0.0,,
MADHYA PRADESH,Indore,MHOW,4,44.235,0.0418,1.519,35.55,0.0,1.626,,
MADHYA PRADESH,Khargone,MAHESHWAR,55,188.565,0.2365,1.195,89.745,7.76,89.644,,
MADHYA PRADESH,Khargone,KASRAWAD,108,307.653,0.3166,0.318,82.366,60.946,164.235,,
MADHYA PRADESH,Khargone,BARWAH,146,396.066,0.2765,3.356,101.001,94.808,198.176,,
MADHYA PRADESH,East Nimar,PUNASA,134,305.936,0.2672,0.405,40.233,59.891,203.429,,
MADHYA PRADESH,East Nimar,KHANDWA,31,59.706,0.08,16.843,12.126,16.967,30.613,,
MADHYA PRADESH,East Nimar,HARSUD,0,0.0,0.0,18.766,0.0,0.0,0.0,,
MADHYA PRADESH,East Nimar,BALADI,1,0.583,0.0007,17.191,0.0,0.583,0.0,,
MADHYA PRADESH,Dewas,KANNOD,34,76.42,0.0474,0.417,21.06,7.489,47.87,,
MADHYA PRADESH,Dewas,KHATEGAON,0,0.0,0.0,19.495,0.0,0.0,0.0,,
MADHYA PRADESH,Sehore,NASRULLAGANJ,90,250.462,0.1987,2.648,40.523,59.279,150.659,,
MADHYA PRADESH,Harda,TIMARNI,131,382.854,0.2741,1.061,47.945,103.784,231.125,,
MADHYA PRADESH,Harda,HARDA,168,404.008,0.4186,0.879,38.223,100.662,265.123,,
MADHYA PRADESH,Harda,KHIRKIYA,42,151.05,0.177,0.182,0.0,45.04,106.009,,
MADHYA PRADESH,Betul,CHICHOLI,12,9.293,0.0134,25.73,0.0,4.385,4.908,,
MADHYA PRADESH,Betul,GHORADONGRI,0,0.0,0.0,32.52,0.0,0.0,0.0,,
MADHYA PRADESH,Betul,SHAHPUR,0,0.0,0.0,19.431,0.0,0.0,0.0,,
MADHYA PRADESH,Narmadapuram,KESLA,62,181.602,0.1942,9.704,41.95,71.051,68.601,,
MADHYA PRADESH,Narmadapuram,SOHAGPUR,50,216.372,0.1399,0.344,47.469,85.451,83.451,,
MADHYA PRADESH,Narmadapuram,BABAI,55,205.348,0.3671,0.628,16.854,80.537,107.958,,
MADHYA PRADESH,Sehore,BUDNI,84,279.813,0.2714,6.035,45.922,50.668,183.222,,
MADHYA PRADESH,Narmadapuram,HOSHANGABAD,99,274.096,0.5409,0.062,2.096,83.488,188.511,,
MADHYA PRADESH,Narmadapuram,SEONI MALWA,111,433.908,0.3502,0.215,41.722,129.627,262.558,,
MADHYA PRADESH,Raisen,OBAIDALLAGANJ,15,19.777,0.0117,13.618,0.0,11.505,8.272,,
MADHYA PRADESH,Bhopal,PHANDA,36,111.919,0.0856,7.278,31.765,16.699,63.002,,
MADHYA PRADESH,Bhopal,BERASIA,8,16.05,0.0119,15.04,5.932,0.0,10.118,,
MADHYA PRADESH,Raisen,SANCHI,30,89.441,0.0683,9.877,1.283,37.568,50.59,,
MADHYA PRADESH,Vidisha,VIDISHA,142,338.466,0.3318,2.184,43.514,80.876,214.075,,
MADHYA PRADESH,Vidisha,GYARASPUR,0,0.0,0.0,22.184,0.0,0.0,0.0,,
MADHYA PRADESH,Raisen,GAIRATGANJ,0,0.0,0.0,31.269,0.0,0.0,0.0,,
MADHYA PRADESH,Raisen,BADI,138,437.763,0.3186,0.27,41.375,81.563,314.825,,
MADHYA PRADESH,Narsinghpur,SAINKHEDA,2,12.886,0.0264,8.42,0.0,11.406,1.481,,
MADHYA PRADESH,Raisen,UDAIPURA,3,8.002,0.0103,18.437,0.0,1.31,6.692,,
MADHYA PRADESH,Raisen,SILWANI,0,0.0,0.0,22.015,0.0,0.0,0.0,,
MADHYA PRADESH,Sagar,JAISINAGAR,9,43.95,0.0559,10.818,23.29,0.0,18.51,3179.78,
MADHYA PRADESH,Raisen,BEGAMGANJ,0,0.0,0.0,27.998,0.0,0.0,0.0,,
MADHYA PRADESH,Sagar,KESLI,16,77.478,0.0969,0.689,41.38,18.327,17.771,4992.06,
MADHYA PRADESH,Sagar,SAGAR,1,0.148,0.0002,11.594,0.148,0.0,0.0,20.22,
MADHYA PRADESH,Sagar,REHLI,3,8.8,0.0076,17.31,5.02,3.78,0.0,1656.59,
MADHYA PRADESH,Sagar,DEORI,22,69.046,0.0633,2.809,33.269,19.08,16.697,2851.35,
MADHYA PRADESH,Narsinghpur,CHAWARPATHA,43,162.852,0.1996,2.567,17.96,25.053,119.84,,
MADHYA PRADESH,Narsinghpur,KARELI,33,113.37,0.1818,4.654,18.63,26.818,67.922,,
MADHYA PRADESH,Chhindwara,HARRAI,0,0.0,0.0,24.976,0.0,0.0,0.0,,
MADHYA PRADESH,Chhindwara,TAMIA,0,0.0,0.0,36.109,0.0,0.0,0.0,,
MADHYA PRADESH,Narsinghpur,BABAI CHICHALI,23,59.37,0.0611,10.888,11.573,15.728,32.07,,
MADHYA PRADESH,Narmadapuram,BANKHEDI,1,5.338,0.0087,12.937,5.338,0.0,0.0,,
MADHYA PRADESH,Narmadapuram,PIPARIYA,35,132.892,0.1284,1.064,41.889,13.744,77.258,,
MADHYA PRADESH,Chhindwara,JAMAI,0,0.0,0.0,27.754,0.0,0.0,0.0,,
MADHYA PRADESH,Betul,AMLA,23,51.036,0.0738,4.074,26.757,0.0,24.279,,
MADHYA PRADESH,Chhindwara,PARASIA,0,0.0,0.0,15.632,0.0,0.0,0.0,,
MADHYA PRADESH,Chhindwara,CHHINDWARA,22,63.371,0.1011,6.187,18.294,31.052,14.025,,
MADHYA PRADESH,Chhindwara,CHAURAI,46,199.972,0.2036,2.402,65.792,79.738,54.443,,
MADHYA PRADESH,Seoni,SEONI,176,465.347,0.3427,4.102,141.779,109.212,214.357,,
MADHYA PRADESH,Chhindwara,AMARWARA,0,0.0,0.0,19.665,0.0,0.0,0.0,,
MADHYA PRADESH,Seoni,LAKHNADON,0,0.0,0.0,27.029,0.0,0.0,0.0,,
MADHYA PRADESH,Seoni,CHHAPARA,18,64.458,0.0747,7.184,43.737,8.523,12.198,,
MADHYA PRADESH,Seoni,DHANAURA,48,116.878,0.2194,5.349,35.418,37.921,43.54,,
MADHYA PRADESH,Seoni,KAHNAPAS(GHANSAUR),0,0.0,0.0,19.042,0.0,0.0,0.0,,
MADHYA PRADESH,Seoni,KEOLARI,148,404.18,0.3815,0.124,70.773,91.782,236.593,,
MADHYA PRADESH,Seoni,BARGHAT,36,115.063,0.1515,1.425,40.092,10.322,64.649,,
MADHYA PRADESH,Balaghat,LALBARRA,80,252.93,0.3622,0.016,86.462,15.243,151.225,,
MADHYA PRADESH,Balaghat,BALAGHAT,66,246.978,0.2258,6.108,84.569,64.738,97.671,,
MADHYA PRADESH,Balaghat,PARASWADA,3,12.797,0.0107,5.321,2.987,0.0,9.81,,
MADHYA PRADESH,Balaghat,BAIHAR,0,0.0,0.0,9.807,0.0,0.0,0.0,,
MADHYA PRADESH,Mandla,BICHHIYA,63,138.484,0.1024,6.346,79.713,10.064,48.708,,
MADHYA PRADESH,Mandla,MAWAI,0,0.0,0.0,24.392,0.0,0.0,0.0,,
MADHYA PRADESH,Mandla,GHUGHRI,0,0.0,0.0,19.185,0.0,0.0,0.0,,
MADHYA PRADESH,Mandla,MOHGAON,0,0.0,0.0,21.567,0.0,0.0,0.0,,
MADHYA PRADESH,Mandla,MANDLA,16,56.726,0.0737,7.423,16.579,20.382,19.765,,
MADHYA PRADESH,Mandla,NAINPUR,84,206.998,0.2362,2.903,58.672,70.012,78.313,,
MADHYA PRADESH,Mandla,NARAYANGANJ,0,0.0,0.0,24.723,0.0,0.0,0.0,,
MADHYA PRADESH,Mandla,BIJADANDI,0,0.0,0.0,11.295,0.0,0.0,0.0,,
MADHYA PRADESH,Jabalpur,KUNDAM,40,148.349,0.1604,0.339,78.203,61.303,8.844,,
MADHYA PRADESH,Mandla,NIWAS,2,23.511,0.0523,0.186,23.511,0.0,0.0,,
MADHYA PRADESH,Dindori,MEHANDWANI,1,0.501,0.0007,13.93,0.0,0.0,0.501,,
MADHYA PRADESH,Dindori,SHAHPURA,30,108.603,0.1252,0.134,52.555,19.622,36.426,,
MADHYA PRADESH,Umaria,KARKELI,9,28.69,0.0177,10.817,15.646,3.049,9.994,,
MADHYA PRADESH,Katni,BADWARA,4,7.883,0.0081,16.739,7.116,0.0,0.767,,
MADHYA PRADESH,Katni,DHEEMERKHEDA,23,87.464,0.0886,7.071,37.37,14.988,35.106,,
MADHYA PRADESH,Jabalpur,SIHORA,63,226.991,0.5079,0.338,24.116,41.611,161.264,,
MADHYA PRADESH,Katni,BAHORIBAND,11,71.217,0.0767,2.742,59.879,1.34,9.999,,
MADHYA PRADESH,Damoh,JABERA,8,36.372,0.032,7.627,23.278,7.863,5.231,,
MADHYA PRADESH,Jabalpur,MAJHOULI,86,260.335,0.4325,1.444,22.589,58.627,178.929,,
MADHYA PRADESH,Jabalpur,PANAGAR,55,217.563,0.3827,0.572,28.073,38.164,151.326,,
MADHYA PRADESH,Jabalpur,JABALPUR,51,190.682,0.1987,1.827,86.98,8.634,95.068,,
MADHYA PRADESH,Jabalpur,PATAN,111,304.746,0.5338,0.215,21.826,20.679,262.24,,
MADHYA PRADESH,Jabalpur,SHAHPURA,74,244.691,0.2964,1.337,26.536,47.351,170.804,,
MADHYA PRADESH,Narsinghpur,GOTEGAON,93,343.209,0.3879,0.756,78.316,79.806,185.088,,
MADHYA PRADESH,Narsinghpur,NARSIMHAPUR,75,253.31,0.2192,0.176,54.18,60.41,138.72,,
MADHYA PRADESH,Damoh,TENDUKHEDA,9,20.686,0.014,6.794,14.536,4.351,1.799,,
MADHYA PRADESH,Damoh,DAMOH,0,0.0,0.0,23.459,0.0,0.0,0.0,,
MADHYA PRADESH,Damoh,PATHARIYA,0,0.0,0.0,43.792,0.0,0.0,0.0,,
MADHYA PRADESH,Damoh,BATIYAGARH,0,0.0,0.0,38.212,0.0,0.0,0.0,,
MADHYA PRADESH,Damoh,PATERA,0,0.0,0.0,19.115,0.0,0.0,0.0,,
MADHYA PRADESH,Damoh,HATTA,0,0.0,0.0,46.995,0.0,0.0,0.0,,
MADHYA PRADESH,Chhatarpur,BIJAWAR,0,0.0,0.0,24.059,0.0,0.0,0.0,,
MADHYA PRADESH,Chhatarpur,BUXWAHA,0,0.0,0.0,16.823,0.0,0.0,0.0,,
MADHYA PRADESH,Chhatarpur,BADA MALEHARA,23,83.996,0.0845,12.361,16.373,46.457,21.166,,
MADHYA PRADESH,Tikamgarh,BALDEOGARH,158,384.061,0.4423,2.696,29.94,130.065,221.781,,
MADHYA PRADESH,Chhatarpur,CHHATARPUR,0,0.0,0.0,18.224,0.0,0.0,0.0,,
MADHYA PRADESH,Chhatarpur,NOWGONG,35,81.194,0.0925,5.889,27.846,16.928,36.42,,
UTTAR PRADESH,Mahoba,JAITPUR,19,83.482,0.1454,1.285,13.096,22.934,47.452,,
UTTAR PRADESH,Jhansi,MAURANIPUR,19,94.899,0.175,2.029,41.074,0.0,53.825,,
UTTAR PRADESH,Jhansi,GURSARAI,40,143.648,0.1928,1.752,52.871,11.775,79.002,,
UTTAR PRADESH,Jhansi,BAMAUR,35,202.944,0.2758,0.156,30.074,89.191,83.678,,
UTTAR PRADESH,Hamirpur,GOHAND,45,220.469,0.4384,1.075,39.134,61.491,115.959,,
UTTAR PRADESH,Hamirpur,RATH,38,183.762,0.4237,0.412,65.23,52.89,56.712,,
UTTAR PRADESH,Mahoba,PANWARI,29,193.264,0.3212,0.418,55.771,14.686,96.48,,
UTTAR PRADESH,Mahoba,CHARKHARI,21,125.505,0.1605,0.811,25.503,31.013,45.583,,
UTTAR PRADESH,Mahoba,KABRAI,28,150.745,0.1271,2.519,52.245,34.058,45.204,,
MADHYA PRADESH,Chhatarpur,RAJNAGAR,102,283.961,0.2116,0.538,80.056,38.836,150.208,,
MADHYA PRADESH,Panna,AJAIGARH,5,45.537,0.063,4.043,40.443,0.0,5.095,,
MADHYA PRADESH,Chhatarpur,LAUNDI,146,349.624,0.4247,0.486,64.689,101.12,183.814,,
MADHYA PRADESH,Chhatarpur,BARIGARH,122,233.307,0.2635,7.971,19.566,97.086,116.655,,
UTTAR PRADESH,Hamirpur,MAUDAHA,31,83.971,0.1257,0.941,11.076,2.571,70.324,,
UTTAR PRADESH,Banda,BADOKHAR KHURD,35,148.491,0.2378,0.279,17.807,32.326,98.358,,
UTTAR PRADESH,Banda,TINDWARI,25,98.799,0.1712,2.1,0.0,32.682,66.116,,
UTTAR PRADESH,Banda,MAHUVA,65,263.272,0.5459,0.93,33.323,41.86,188.09,,
UTTAR PRADESH,Banda,BISANDA,40,196.042,0.4258,0.394,13.129,75.955,106.959,,
UTTAR PRADESH,Banda,BABERU,29,151.303,0.2698,0.624,0.0,55.219,92.404,,
UTTAR PRADESH,Banda,KAMASIN,21,101.107,0.2068,0.133,0.0,49.176,51.931,,
UTTAR PRADESH,Chitrakoot,KARWI,9,63.344,0.1075,1.121,31.222,0.0,32.122,,
UTTAR PRADESH,Banda,NARAINI,39,142.422,0.1933,4.935,31.833,29.621,80.968,,
MADHYA PRADESH,Satna,MAJHGAWAN,5,8.126,0.0052,18.209,6.612,0.0,1.514,,
MADHYA PRADESH,Satna,SOHAWAL,27,96.167,0.1365,6.634,50.867,4.535,40.765,,
MADHYA PRADESH,Satna,UNCHAHARA,29,100.134,0.1071,5.969,48.927,0.0,50.758,,
MADHYA PRADESH,Satna,NAGOD,2,6.465,0.0078,15.075,4.441,0.0,2.024,,
MADHYA PRADESH,Panna,PANNA,9,32.75,0.0183,15.145,10.881,9.894,11.975,,
MADHYA PRADESH,Panna,GUNOUR,2,3.214,0.0029,11.757,3.214,0.0,0.0,,
MADHYA PRADESH,Panna,PAWAI,6,36.077,0.0304,10.64,18.659,5.215,0.93,,
MADHYA PRADESH,Panna,SHAHNAGAR,2,7.8,0.0038,11.489,4.327,0.0,0.0,,
MADHYA PRADESH,Katni,RITHI,1,15.462,0.0229,15.019,15.462,0.0,0.0,,
MADHYA PRADESH,Katni,KATNI,11,45.462,0.0764,3.362,21.341,11.922,12.199,,
MADHYA PRADESH,Katni,VIJAYRAGHAVGARH,5,10.357,0.0147,11.669,0.0,2.198,8.159,,
MADHYA PRADESH,Satna,MAIHAR,32,121.271,0.11,3.397,79.991,6.659,28.128,,
MADHYA PRADESH,Satna,RAMNAGAR,26,62.763,0.1076,10.581,24.477,8.131,29.96,,
MADHYA PRADESH,Shahdol,BEOHARI,38,139.999,0.1303,8.341,63.359,0.0,76.376,,
MADHYA PRADESH,Sidhi,KUSMI,23,39.075,0.0273,9.461,11.08,0.0,27.995,,
MADHYA PRADESH,Sidhi,MAJHAULI,5,7.482,0.0111,15.329,2.104,0.0,5.378,,
MADHYA PRADESH,Sidhi,RAMPUR NAIKIN,142,457.312,0.6199,1.502,97.831,65.736,265.472,8129.61,
MADHYA PRADESH,Sidhi,SIDHI,61,202.076,0.1978,1.446,60.972,2.041,113.81,7613.39,
MADHYA PRADESH,Rewa,MAUGANJ,3,5.543,0.011,10.801,0.665,0.0,0.0,,
MADHYA PRADESH,Rewa,RAIPUR KARCHULIYAN,25,114.915,0.2027,3.01,27.241,16.311,41.933,,
MADHYA PRADESH,Rewa,GANGEV,45,155.814,0.2914,4.106,46.336,39.72,69.758,,
MADHYA PRADESH,Rewa,REWA,86,307.876,0.4346,1.023,79.43,56.727,140.269,,
MADHYA PRADESH,Satna,AMARPATAN,10,24.471,0.0369,8.314,14.343,0.0,10.128,,
MADHYA PRADESH,Satna,RAMPUR BAGHELAN,53,216.575,0.2539,0.173,61.927,45.727,104.793,,
MADHYA PRADESH,Rewa,SIRMOUR,95,365.043,0.395,2.396,41.147,62.074,233.984,,
UTTAR PRADESH,Chitrakoot,MAU,2,22.884,0.0489,6.384,22.853,0.03,0.0,,
UTTAR PRADESH,Chitrakoot,MANIKPUR,9,64.878,0.0575,4.943,39.389,0.0,25.489,,
UTTAR PRADESH,Chitrakoot,PAHARI,22,113.506,0.201,4.223,55.943,4.921,52.516,,
UTTAR PRADESH,Fatehpur,VIJAYIPUR,24,115.606,0.333,2.208,14.435,52.298,48.873,,
UTTAR PRADESH,Fatehpur,DHATA,26,106.816,0.3863,0.002,16.814,31.182,55.698,,
UTTAR PRADESH,Kaushambi,KARA,13,70.499,0.2707,0.171,20.498,17.777,32.224,,
UTTAR PRADESH,Kaushambi,SIRATHU,11,74.191,0.2393,0.681,0.0,45.099,29.093,,
UTTAR PRADESH,Kaushambi,MANJHANPUR,13,66.676,0.3388,0.035,0.0,40.517,26.098,,
UTTAR PRADESH,Kaushambi,SARSAWAN,17,90.906,0.3472,0.921,0.0,57.301,31.353,,
UTTAR PRADESH,Chitrakoot,RAMNAGAR,11,59.864,0.1866,0.325,22.226,11.909,25.104,,
UTTAR PRADESH,Kaushambi,NEVADA,14,77.977,0.3833,0.173,0.0,27.104,50.873,,
UTTAR PRADESH,Kaushambi,CHAIL,0,0.0,0.0,4.337,0.0,0.0,0.0,,
UTTAR PRADESH,Kaushambi,KAUSHAMBI,16,93.015,0.4407,0.13,0.0,57.053,31.405,,
UTTAR PRADESH,Pratapgarh,KUNDA,3,28.65,0.0982,0.074,4.57,21.614,2.466,,
UTTAR PRADESH,Kaushambi,MOORATGANJ,1,0.183,0.0008,8.807,0.0,0.183,0.0,,
UTTAR PRADESH,Prayagraj,KAURIHAR,1,6.077,0.0212,4.81,0.0,6.077,0.0,,
UTTAR PRADESH,Prayagraj,SRINGVERPUR DHAM,4,7.982,0.25,0.647,2.457,5.526,0.0,,
UTTAR PRADESH,Prayagraj,HOLAGARH,5,30.85,0.2757,1.142,6.776,16.307,7.767,,
UTTAR PRADESH,Prayagraj,SORAON,5,31.314,0.2363,1.529,0.0,20.996,10.318,,
UTTAR PRADESH,Prayagraj,CHAKA,3,5.472,0.0494,3.375,0.0,5.123,0.349,,
UTTAR PRADESH,Prayagraj,BHAGWATPUR,1,2.994,0.0137,3.947,0.0,2.994,0.0,,
UTTAR PRADESH,Prayagraj,JASRA,59,163.72,0.6362,0.222,10.868,32.934,110.253,,
UTTAR PRADESH,Prayagraj,KAUDHIYARA,39,152.338,0.8096,0.007,7.354,60.566,84.419,,
UTTAR PRADESH,Prayagraj,SHANKARGARH,44,184.311,0.4022,0.774,43.991,44.475,80.376,,
MADHYA PRADESH,Rewa,JAWA,5,3.574,0.0045,17.995,2.054,0.0,1.52,,
MADHYA PRADESH,Rewa,NAIGARHI,4,5.369,0.0146,10.589,0.0,0.522,4.847,,
MADHYA PRADESH,Rewa,TEONTHAR,29,98.409,0.1365,0.14,33.53,9.529,55.35,,
UTTAR PRADESH,Prayagraj,KORAON,92,331.554,0.5387,0.141,51.305,42.022,237.723,,
UTTAR PRADESH,Mirzapur,HALLIA,40,161.145,0.1813,3.041,18.713,36.803,81.447,,
UTTAR PRADESH,Prayagraj,MANDA,31,140.583,0.3479,0.597,37.839,27.296,75.448,,
UTTAR PRADESH,Prayagraj,MEJA,64,210.831,0.4887,1.038,0.236,81.084,128.498,,
UTTAR PRADESH,Prayagraj,KARCHHANA,28,108.356,0.4044,0.291,0.0,40.557,67.799,,
UTTAR PRADESH,Prayagraj,SAIDABAD,5,33.596,0.1824,0.36,0.0,12.662,20.934,,
UTTAR PRADESH,Prayagraj,BAHADURPUR,1,0.756,0.0028,8.476,0.0,0.0,0.756,,
UTTAR PRADESH,Prayagraj,MAUAIMA,8,36.428,0.2343,1.411,9.242,15.641,11.545,,
UTTAR PRADESH,Prayagraj,BAHRIA,7,47.208,0.2094,0.213,0.0,37.526,9.682,,
UTTAR PRADESH,Prayagraj,PHULPUR,8,45.516,0.2078,0.727,0.0,33.039,12.477,,
UTTAR PRADESH,Prayagraj,PRATAPPUR,7,48.845,0.233,3.626,0.0,19.926,28.919,,
UTTAR PRADESH,Jaunpur,MUNGRA BADSHAH PUR,7,48.047,0.2131,1.969,0.0,24.86,23.187,,
UTTAR PRADESH,Prayagraj,DHANUPUR,8,28.273,0.174,1.021,0.0,16.3,11.973,,
UTTAR PRADESH,Prayagraj,HANDIA,8,41.606,0.2508,2.487,9.206,14.553,17.846,,
UTTAR PRADESH,Prayagraj,URUWAN,17,81.179,0.5132,0.228,0.0,42.388,38.791,,
UTTAR PRADESH,Bhadohi,DEEGH,4,22.649,0.1136,2.344,14.178,0.0,8.47,,
UTTAR PRADESH,Bhadohi,GYANPUR,5,24.179,0.1722,1.048,4.834,1.182,18.163,,
UTTAR PRADESH,Bhadohi,AURAI,6,43.273,0.2302,0.231,12.678,22.22,8.375,,
UTTAR PRADESH,Bhadohi,SURIYAVAN,3,16.673,0.1366,1.64,0.0,13.461,3.212,,
UTTAR PRADESH,Bhadohi,ABHAULI,3,25.523,0.273,1.045,0.0,9.736,15.786,,
UTTAR PRADESH,Jaunpur,MACHCHALI SHAHAR,17,87.548,0.335,0.232,4.747,34.724,48.077,,
UTTAR PRADESH,Jaunpur,MARIYAHU,6,40.394,0.1898,0.077,15.752,21.593,3.049,,
UTTAR PRADESH,Jaunpur,BARASATHI,9,59.948,0.2793,1.698,0.0,32.346,27.602,,
UTTAR PRADESH,Jaunpur,RAM NAGAR,8,33.807,0.1957,1.585,0.0,15.288,18.519,,
UTTAR PRADESH,Jaunpur,SIRKONI,0,0.0,0.0,7.858,0.0,0.0,0.0,,
UTTAR PRADESH,Jaunpur,JALAL PUR,2,22.197,0.1531,1.911,0.0,19.982,2.215,,
UTTAR PRADESH,Varanasi,BARAGAON,4,31.329,0.1832,0.366,0.0,16.924,14.405,,
UTTAR PRADESH,Jaunpur,RAM PUR,6,28.16,0.143,1.831,0.0,19.773,8.387,,
UTTAR PRADESH,Bhadohi,BHADOHI,6,29.059,0.1247,4.918,11.865,8.997,8.196,,
UTTAR PRADESH,Varanasi,SEVAPURI,5,23.411,0.1555,0.376,5.147,6.063,12.202,,
UTTAR PRADESH,Mirzapur,MAJHAWA,1,1.876,0.0172,5.415,0.0,1.876,0.0,,
UTTAR PRADESH,Mirzapur,PAHARI,18,71.11,0.2157,1.959,31.557,0.0,18.263,,
UTTAR PRADESH,Mirzapur,KON,1,0.026,0.0004,3.801,0.0,0.0,0.0,,
UTTAR PRADESH,Mirzapur,NAGAR (CITY),20,77.073,0.3006,0.135,29.48,0.0,41.85,,
UTTAR PRADESH,Mirzapur,CHHANVEY,4,17.039,0.0454,0.873,0.0,12.545,4.494,,
UTTAR PRADESH,Mirzapur,LALGANJ,45,214.745,0.5583,0.052,5.911,57.637,111.944,,
UTTAR PRADESH,Mirzapur,PATEHRA,33,150.116,0.2822,0.273,37.276,11.237,66.379,,
UTTAR PRADESH,Sonbhadra,GHORAWAL,44,199.658,0.2412,0.098,26.118,47.76,105.255,,
MADHYA PRADESH,Singrauli,CHITRANGI,0,0.0,0.0,17.864,0.0,0.0,0.0,,
MADHYA PRADESH,Rewa,HANUMANA,29,87.266,0.093,3.665,13.662,11.337,62.267,,
MADHYA PRADESH,Sidhi,SIHAWAL,41,165.863,0.2265,6.056,8.68,31.684,107.782,,
MADHYA PRADESH,Singrauli,DEVSAR,29,83.933,0.0473,17.687,31.932,9.686,42.315,,
MADHYA PRADESH,Singrauli,BAIDHAN,31,65.915,0.0354,3.596,28.375,4.163,33.377,,
CHHATTISGARH,Surajpur,ODAGI,0,0.0,0.0,40.949,0.0,0.0,0.0,,
CHHATTISGARH,Korea,SONHAT,0,0.0,0.0,29.093,0.0,0.0,0.0,,
CHHATTISGARH,Surajpur,RAMANUJNAGAR,0,0.0,0.0,14.26,0.0,0.0,0.0,,
CHHATTISGARH,Surajpur,PREMNAGAR,0,0.0,0.0,30.046,0.0,0.0,0.0,,
CHHATTISGARH,Manendragarh Chirimiri Bharatpur,KHADGAWANA,0,0.0,0.0,19.771,0.0,0.0,0.0,,
CHHATTISGARH,Korea,BAIKUNTHPUR,12,49.88,0.075,0.439,37.773,12.108,0.0,,
CHHATTISGARH,Manendragarh Chirimiri Bharatpur,MANENDRAGARH,0,0.0,0.0,25.937,0.0,0.0,0.0,,
CHHATTISGARH,Gaurella Pendra Marwahi,MARWAHI,0,0.0,0.0,36.543,0.0,0.0,0.0,,
MADHYA PRADESH,Anuppur,ANUPPUR,0,0.0,0.0,45.298,0.0,0.0,0.0,,
MADHYA PRADESH,Anuppur,KOTMA,0,0.0,0.0,45.94,0.0,0.0,0.0,,
CHHATTISGARH,Manendragarh Chirimiri Bharatpur,BHARATPUR,0,0.0,0.0,38.718,0.0,0.0,0.0,,
MADHYA PRADESH,Shahdol,BURHAR,0,0.0,0.0,63.383,0.0,0.0,0.0,,
MADHYA PRADESH,Shahdol,GOHPARU,0,0.0,0.0,58.487,0.0,0.0,0.0,,
MADHYA PRADESH,Shahdol,JAISINGHNAGAR,0,0.0,0.0,37.663,0.0,0.0,0.0,,
MADHYA PRADESH,Umaria,MANPUR,5,10.482,0.0054,20.698,5.737,0.0,4.744,,
MADHYA PRADESH,Umaria,PALI,0,0.0,0.0,31.309,0.0,0.0,0.0,,
MADHYA PRADESH,Dindori,DINDORI,0,0.0,0.0,26.34,0.0,0.0,0.0,,
MADHYA PRADESH,Anuppur,PUSHPRAJGARH,8,18.387,0.0109,32.751,12.38,0.0,6.007,,
MADHYA PRADESH,Shahdol,SOHAGPUR,0,0.0,0.0,51.99,0.0,0.0,0.0,,
MADHYA PRADESH,Anuppur,JAITHARI,0,0.0,0.0,25.476,0.0,0.0,0.0,,
CHHATTISGARH,Mungeli,LORMI,57,278.774,0.1752,11.952,7.474,147.868,123.432,,
MADHYA PRADESH,Dindori,KARANJIYA,0,0.0,0.0,26.781,0.0,0.0,0.0,,
MADHYA PRADESH,Dindori,BAJAG,0,0.0,0.0,39.553,0.0,0.0,0.0,,
MADHYA PRADESH,Dindori,AMARPUR,0,0.0,0.0,34.805,0.0,0.0,0.0,,
MADHYA PRADESH,Dindori,SAMNAPUR,0,0.0,0.0,47.289,0.0,0.0,0.0,,
CHHATTISGARH,Kabirdham,PANDARIYA,0,0.0,0.0,11.965,0.0,0.0,0.0,,
CHHATTISGARH,Kabirdham,BODLA,48,135.168,0.074,8.907,26.223,34.522,74.423,,
CHHATTISGARH,Kabirdham,KAWARDHA,26,101.411,0.1961,0.692,28.619,32.777,34.469,,
CHHATTISGARH,Mungeli,MUNGELI,36,118.978,0.203,4.928,0.0,68.311,50.667,,
CHHATTISGARH,Mungeli,PATHARIYA,12,39.95,0.0807,7.378,0.0,29.962,9.988,,
CHHATTISGARH,Bilaspur,TAKHATPUR,13,38.657,0.0561,8.246,0.843,26.755,11.059,,
CHHATTISGARH,Bilaspur,MASTURI,87,301.017,0.3644,0.077,59.902,131.376,109.739,,
CHHATTISGARH,Bilaspur,BELHA,31,104.129,0.1329,2.082,37.299,45.275,21.556,,
CHHATTISGARH,Bilaspur,KOTA,23,72.307,0.065,12.495,33.419,6.71,32.179,,
CHHATTISGARH,Gaurella Pendra Marwahi,GAURELLA-2,0,0.0,0.0,15.789,0.0,0.0,0.0,,
CHHATTISGARH,Gaurella Pendra Marwahi,GAURELLA-1,0,0.0,0.0,31.436,0.0,0.0,0.0,,
CHHATTISGARH,Korba,PALI,0,0.0,0.0,20.746,0.0,0.0,0.0,,
CHHATTISGARH,Korba,PODI UPARODA,0,0.0,0.0,38.196,0.0,0.0,0.0,,
CHHATTISGARH,Korba,KATGHORA,6,25.157,0.0539,8.004,19.424,0.0,5.733,,
CHHATTISGARH,Janjgir-Champa,BALODA,20,77.575,0.2324,0.975,24.124,29.537,23.914,,
CHHATTISGARH,Janjgir-Champa,AKALTARA,110,275.571,0.7256,1.1,45.716,68.375,161.48,,
CHHATTISGARH,Sakti,SAKTI,92,268.122,0.6877,0.602,44.057,100.203,123.863,,
CHHATTISGARH,Raigarh,KHARSIA,41,149.93,0.3045,3.001,31.989,56.131,61.81,,
CHHATTISGARH,Korba,KARTALA,37,97.292,0.1529,8.022,37.297,22.577,37.417,,
CHHATTISGARH,Korba,KORBA,7,41.398,0.0216,18.35,37.501,0.0,3.896,,
CHHATTISGARH,Surguja,UDAIPUR,0,0.0,0.0,18.377,0.0,0.0,0.0,,
CHHATTISGARH,Raigarh,DHARAMJAIGARH,0,0.0,0.0,27.263,0.0,0.0,0.0,,
CHHATTISGARH,Surguja,MAINPAT,0,0.0,0.0,17.727,0.0,0.0,0.0,,
CHHATTISGARH,Surguja,SITAPUR,0,0.0,0.0,36.757,0.0,0.0,0.0,,
CHHATTISGARH,Jashpur,PATTHALGAON,0,0.0,0.0,17.176,0.0,0.0,0.0,,
CHHATTISGARH,Raigarh,LAILUNGA,14,38.738,0.0504,1.757,18.801,3.997,15.94,,
CHHATTISGARH,Raigarh,GHARGHODA,0,0.0,0.0,22.212,0.0,0.0,0.0,,
CHHATTISGARH,Raigarh,TAMNAR,0,0.0,0.0,20.722,0.0,0.0,0.0,,
CHHATTISGARH,Raigarh,RAIGARH,30,79.735,0.1211,2.952,27.103,18.304,34.328,,
ODISHA,Sundargarh,HEMGIR,0,0.0,0.0,19.674,0.0,0.0,0.0,,
ODISHA,Sundargarh,LEPHRIPARA,14,38.659,0.0751,2.709,0.0,11.708,26.615,,
ODISHA,Sundargarh,BALISANKARA,0,0.0,0.0,8.26,0.0,0.0,0.0,,
ODISHA,Sundargarh,SUBDEGA,33,55.284,0.1507,5.869,0.0,28.81,26.474,,
ODISHA,Sundargarh,SUNDARGARH,0,0.0,0.0,26.26,0.0,0.0,0.0,,
ODISHA,Sundargarh,TANGARPALI,0,0.0,0.0,13.955,0.0,0.0,0.0,,
ODISHA,Jharsuguda,KIRMIRA,0,0.0,0.0,38.003,0.0,0.0,0.0,,
ODISHA,Jharsuguda,LAIKERA,0,0.0,0.0,41.084,0.0,0.0,0.0,,
ODISHA,Sambalpur,BAMRA,0,0.0,0.0,26.256,0.0,0.0,0.0,,
ODISHA,Sundargarh,KUTRA,0,0.0,0.0,14.223,0.0,0.0,0.0,,
ODISHA,Sundargarh,RAJGANGPUR,43,90.935,0.1621,1.762,0.0,36.513,54.164,,
ODISHA,Sundargarh,BARGAON,0,0.0,0.0,15.066,0.0,0.0,0.0,,
JHARKHAND,Simdega,KERSAI,0,0.0,0.0,23.755,0.0,0.0,0.0,,
JHARKHAND,Simdega,BOLBA,0,0.0,0.0,19.078,0.0,0.0,0.0,,
JHARKHAND,Simdega,THETHAITANGER,2,24.832,0.0412,7.159,24.832,0.0,0.0,,
JHARKHAND,Simdega,SIMDEGA,3,14.119,0.0315,3.828,14.119,0.0,0.0,,
JHARKHAND,Simdega,PAKARTANR,2,17.639,0.0638,1.409,17.639,0.0,0.0,,
JHARKHAND,Gumla,PALKOT,1,5.53,0.0099,10.807,5.53,0.0,0.0,,
CHHATTISGARH,Jashpur,DULDULA,0,0.0,0.0,31.761,0.0,0.0,0.0,,
JHARKHAND,Simdega,KURDEG,0,0.0,0.0,23.912,0.0,0.0,0.0,,
CHHATTISGARH,Jashpur,PHARSABAHAR,0,0.0,0.0,19.453,0.0,0.0,0.0,,
CHHATTISGARH,Jashpur,KANSABEL,0,0.0,0.0,34.618,0.0,0.0,0.0,,
CHHATTISGARH,Jashpur,KUNKURI,0,0.0,0.0,49.236,0.0,0.0,0.0,,
JHARKHAND,Gumla,DUMRI,2,14.257,0.0398,6.104,14.257,0.0,0.0,,
CHHATTISGARH,Jashpur,MANORA,0,0.0,0.0,30.087,0.0,0.0,0.0,,
CHHATTISGARH,Jashpur,JASHPUR,0,0.0,0.0,26.774,0.0,0.0,0.0,,
JHARKHAND,Gumla,ALBERT EKKA,0,0.0,0.0,15.371,0.0,0.0,0.0,,
JHARKHAND,Gumla,RAIDIH,0,0.0,0.0,20.715,0.0,0.0,0.0,,
JHARKHAND,Gumla,GUMLA,5,41.245,0.0794,2.808,35.218,6.027,0.0,,
JHARKHAND,Gumla,GHAGHRA,9,36.01,0.0693,6.494,25.433,6.068,4.509,,
JHARKHAND,Gumla,CHAINPUR,1,14.483,0.0318,2.098,14.483,0.0,0.0,,
JHARKHAND,Gumla,BISHUNPUR,2,16.194,0.0272,8.003,16.194,0.0,0.0,,
JHARKHAND,Lohardaga,PESHRAR,0,0.0,0.0,13.741,0.0,0.0,0.0,,
JHARKHAND,Latehar,LATEHAR,0,0.0,0.0,12.055,0.0,0.0,0.0,,
JHARKHAND,Latehar,GARU,0,0.0,0.0,19.327,0.0,0.0,0.0,,
JHARKHAND,Latehar,BARWADIH,0,0.0,0.0,14.228,0.0,0.0,0.0,,
JHARKHAND,Latehar,MAHUADANR,2,10.421,0.0166,2.499,10.421,0.0,0.0,,
CHHATTISGARH,Balrampur,KUSMI,0,0.0,0.0,23.244,0.0,0.0,0.0,,
JHARKHAND,Garhwa,BHANDARIA,0,0.0,0.0,32.775,0.0,0.0,0.0,,
CHHATTISGARH,Balrampur,BALRAMPUR,0,0.0,0.0,46.802,0.0,0.0,0.0,,
CHHATTISGARH,Balrampur,RAJPUR,0,0.0,0.0,29.122,0.0,0.0,0.0,,
CHHATTISGARH,Balrampur,SHANKARGARH,0,0.0,0.0,44.615,0.0,0.0,0.0,,
CHHATTISGARH,Jashpur,BAGICHA,0,0.0,0.0,45.899,0.0,0.0,0.0,,
CHHATTISGARH,Surguja,BATAULI,0,0.0,0.0,21.985,0.0,0.0,0.0,,
CHHATTISGARH,Surguja,LUNDRA,0,0.0,0.0,15.641,0.0,0.0,0.0,,
CHHATTISGARH,Surguja,AMBIKAPUR,22,83.823,0.1448,0.528,61.954,20.435,1.434,,
CHHATTISGARH,Surguja,LAKHANPUR,13,74.114,0.1168,6.846,58.13,15.984,0.0,,
CHHATTISGARH,Surajpur,SURAJPUR,5,12.062,0.0178,8.299,6.421,5.111,0.53,,
CHHATTISGARH,Surajpur,BHAIYATHAN,0,0.0,0.0,25.099,0.0,0.0,0.0,,
CHHATTISGARH,Surajpur,PRATAPPUR,0,0.0,0.0,45.118,0.0,0.0,0.0,,
CHHATTISGARH,Balrampur,WADRAFNAGAR,0,0.0,0.0,40.357,0.0,0.0,0.0,,
UTTAR PRADESH,Sonbhadra,MYORPUR,1,0.671,0.0004,30.965,0.671,0.0,0.0,,
UTTAR PRADESH,Sonbhadra,DUDHI,3,43.645,0.0673,2.841,43.645,0.0,0.0,,
UTTAR PRADESH,Sonbhadra,BABHANI,0,0.0,0.0,26.487,0.0,0.0,0.0,,
CHHATTISGARH,Balrampur,RAMCHANDRAPUR,0,0.0,0.0,19.01,0.0,0.0,0.0,,
JHARKHAND,Garhwa,RANKA,0,0.0,0.0,15.253,0.0,0.0,0.0,,
JHARKHAND,Garhwa,CHINIA,1,19.726,0.0721,1.758,19.726,0.0,0.0,,
JHARKHAND,Garhwa,DANDAI,2,16.167,0.1346,0.734,16.167,0.0,0.0,,
JHARKHAND,Garhwa,RAMNA,0,0.0,0.0,8.62,0.0,0.0,0.0,,
JHARKHAND,Garhwa,SAGMA,0,0.0,0.0,4.239,0.0,0.0,0.0,,
JHARKHAND,Garhwa,DHURKI,3,2.373,0.0102,8.599,2.373,0.0,0.0,,
JHARKHAND,Garhwa,NAGAR UNTARI,12,31.446,0.1582,1.524,20.241,11.205,0.0,,
JHARKHAND,Garhwa,BISHUNPURA,2,12.839,0.1825,1.761,12.839,0.0,0.0,,
JHARKHAND,Garhwa,BHAWNATHPUR,3,13.63,0.0495,4.378,6.95,6.68,0.0,,
JHARKHAND,Garhwa,KETAR,2,3.95,0.0231,0.914,3.95,0.0,0.0,,
JHARKHAND,Garhwa,KHARAUNDHI,0,0.0,0.0,11.665,0.0,0.0,0.0,,
BIHAR,Kaimur (Bhabua),ADHAURA,1,2.601,0.0029,15.798,2.601,0.0,0.0,,
UTTAR PRADESH,Sonbhadra,NAGWA,1,1.01,0.0012,10.298,0.0,0.0,1.01,,
UTTAR PRADESH,Sonbhadra,CHATRA,26,109.039,0.4962,0.111,2.707,62.502,36.364,,
UTTAR PRADESH,Sonbhadra,ROBERTSGANJ,52,212.64,0.3603,1.179,51.63,69.134,90.374,,
UTTAR PRADESH,Sonbhadra,CHOPAN,4,7.801,0.0049,10.639,6.401,1.4,0.0,,
UTTAR PRADESH,Mirzapur,RAJGARH,39,167.535,0.2373,7.819,39.171,33.012,74.373,,
UTTAR PRADESH,Chandauli,NAUGARH,20,66.653,0.0868,3.442,0.0,38.879,27.774,,
UTTAR PRADESH,Mirzapur,JAMALPUR,57,191.376,0.7582,0.001,18.589,82.612,63.8,,
UTTAR PRADESH,Chandauli,CHAKIYA,31,124.021,0.5376,0.448,14.654,49.016,57.676,,
UTTAR PRADESH,Mirzapur,NARAINPUR,45,123.75,0.5301,0.367,23.924,25.831,66.403,,
UTTAR PRADESH,Mirzapur,SHIKHAR,0,0.0,0.0,8.523,0.0,0.0,0.0,,
UTTAR PRADESH,Varanasi,ARAJILINE,2,18.773,0.0863,2.063,17.312,1.461,0.0,,
UTTAR PRADESH,Varanasi,KASHI VIDYAPEETH,4,8.476,0.0651,1.937,5.615,0.0,2.513,,
UTTAR PRADESH,Varanasi,HARAHUA,3,10.62,0.0467,5.888,0.0,9.284,1.336,,
UTTAR PRADESH,Varanasi,PINDRA,4,20.187,0.0939,0.886,0.0,7.72,12.467,,
UTTAR PRADESH,Jaunpur,MUFTI GANJ,3,23.945,0.1892,0.38,0.0,23.945,0.0,,
UTTAR PRADESH,Jaunpur,KERAKAT,4,25.044,0.1594,2.728,0.0,25.044,0.0,,
UTTAR PRADESH,Varanasi,CHOLAPUR,5,17.978,0.1004,0.993,0.0,0.249,17.729,,
UTTAR PRADESH,Jaunpur,DOBHI,4,22.41,0.1579,2.187,0.0,22.41,0.0,,
UTTAR PRADESH,Ghazipur,SADAT,16,69.165,0.3053,0.948,13.855,41.946,13.364,,
UTTAR PRADESH,Ghazipur,SAIDPUR,6,47.59,0.2175,1.96,7.12,28.677,11.794,,
UTTAR PRADESH,Chandauli,CHAHNIYA,23,83.34,0.4016,1.544,13.932,18.77,43.752,,
UTTAR PRADESH,Varanasi,CHIRAIGAON,2,18.795,0.1019,0.94,0.0,13.884,4.911,,
UTTAR PRADESH,Chandauli,NIYAMATABAD,28,86.818,0.4994,0.037,0.0,5.743,66.42,,
UTTAR PRADESH,Chandauli,SAKALDIHA,33,121.909,0.5842,0.029,1.834,52.525,63.198,,
UTTAR PRADESH,Chandauli,BERAHANI,48,204.518,0.7772,0.376,24.261,25.424,149.352,,
UTTAR PRADESH,Chandauli,DHANAPUR,31,132.88,0.5973,0.263,1.876,40.917,86.243,,
UTTAR PRADESH,Ghazipur,DEVKALI,24,74.564,0.3531,0.323,0.0,16.795,57.769,,
UTTAR PRADESH,Ghazipur,MANIHARI,38,114.973,0.5175,0.785,12.95,22.111,79.912,,
UTTAR PRADESH,Ghazipur,KARANDA,4,6.418,0.0427,4.689,0.0,0.0,6.418,,
UTTAR PRADESH,Ghazipur,GHAZIPUR,5,19.479,0.1129,4.177,0.0,11.575,7.905,,
UTTAR PRADESH,Ghazipur,REVATIPUR,16,47.832,0.2346,2.488,18.536,6.944,22.351,,
UTTAR PRADESH,Ghazipur,ZAMANIA,57,188.157,0.686,0.991,61.547,4.634,118.575,,
BIHAR,Kaimur (Bhabua),DURGAWATI,16,61.854,0.3712,0.797,20.592,8.359,29.244,,
BIHAR,Kaimur (Bhabua),RAMGARH,17,63.127,0.3901,1.4,22.361,33.652,6.136,,
BIHAR,Kaimur (Bhabua),MOHANIA,12,94.253,0.3443,0.28,24.178,70.075,0.0,,
BIHAR,Kaimur (Bhabua),BHABUA,13,100.234,0.313,1.325,21.253,49.745,29.235,,
UTTAR PRADESH,Chandauli,CHANDAULI,48,158.662,0.8326,0.17,16.573,25.715,106.248,,
UTTAR PRADESH,Chandauli,SAHABGANJ,36,137.891,0.7356,0.713,17.689,39.94,76.747,,
BIHAR,Kaimur (Bhabua),CHAND,10,43.106,0.2128,0.17,16.556,5.285,12.898,,
BIHAR,Kaimur (Bhabua),CHAINPUR,13,74.432,0.1703,1.461,24.205,23.576,24.042,,
BIHAR,Kaimur (Bhabua),BHAGWANPUR,11,43.952,0.1911,0.205,28.112,8.456,7.385,,
BIHAR,Kaimur (Bhabua),RAMPUR,11,49.817,0.3002,0.01,23.955,10.77,15.091,,
BIHAR,Rohtas,CHENARI,16,65.903,0.2858,0.346,24.315,25.001,16.587,,
BIHAR,Rohtas,SHEOSAGAR,20,82.081,0.2563,1.918,23.299,41.955,14.745,,
BIHAR,Rohtas,TILOUTHU,1,0.08,0.0005,7.198,0.08,0.0,0.0,,
BIHAR,Rohtas,SASARAM,25,95.178,0.3065,1.318,58.952,12.259,22.028,,
BIHAR,Rohtas,NOKHA,15,66.743,0.4069,1.661,26.931,30.736,7.994,,
BIHAR,Rohtas,KOCHAS,7,33.09,0.2256,0.179,0.0,33.09,0.0,,
BIHAR,Rohtas,KARGAHAR,19,135.8,0.4258,1.194,17.686,106.261,7.925,,
BIHAR,Kaimur (Bhabua),KUDRA,11,70.199,0.3498,1.169,28.288,39.666,2.245,,
BIHAR,Kaimur (Bhabua),NUAON,7,42.625,0.2309,0.458,7.151,27.569,7.905,,
BIHAR,Buxar,RAJPUR,12,100.295,0.3805,0.355,24.672,60.078,15.546,,
BIHAR,Buxar,CHAUSA,9,35.406,0.3273,0.957,9.879,10.983,14.543,,
UTTAR PRADESH,Ghazipur,BHADAURA,41,126.363,0.6051,0.023,43.761,18.123,63.19,,
UTTAR PRADESH,Ghazipur,MOHAMMADABAD,3,3.956,0.0236,6.521,0.0,0.986,2.97,,
UTTAR PRADESH,Ghazipur,BHANWARKOL,0,0.0,0.0,9.404,0.0,0.0,0.0,,
BIHAR,Buxar,BUXAR,5,28.018,0.1698,2.138,0.0,6.395,21.623,,
UTTAR PRADESH,Ballia,SOHANV,1,0.873,0.0041,11.007,0.0,0.873,0.0,,
BIHAR,Buxar,SIMRI,0,0.0,0.0,8.558,0.0,0.0,0.0,,
BIHAR,Buxar,DUMRAON,9,51.218,0.2751,0.374,11.798,36.391,3.03,,
BIHAR,Buxar,ITARHI,15,80.533,0.351,0.493,0.0,63.803,16.73,,
BIHAR,Rohtas,DINARA,14,132.244,0.3633,1.09,27.915,99.94,4.39,,
BIHAR,Rohtas,DAWATH,8,32.645,0.3211,0.149,8.344,20.568,3.734,,
BIHAR,Rohtas,SURAJPURA,8,25.659,0.4696,0.455,7.282,11.449,6.927,,
BIHAR,Bhojpur,PIRO,14,78.893,0.376,0.845,15.131,32.893,24.16,,
BIHAR,Buxar,KESATH,6,25.012,0.8371,0.151,9.136,13.925,1.95,,
BIHAR,Buxar,NAWANAGAR,16,79.675,0.4437,0.252,9.656,59.621,10.398,,
BIHAR,Buxar,CHOUGAIN,5,18.616,0.3612,1.001,2.185,8.41,8.021,,
BIHAR,Buxar,CHAKKI,0,0.0,0.0,10.909,0.0,0.0,0.0,,
BIHAR,Buxar,BRAHMPUR,5,25.851,0.1381,3.24,0.0,20.984,4.867,,
BIHAR,Bhojpur,JAGDISHPUR,11,73.743,0.2966,1.548,16.946,46.601,6.652,,
BIHAR,Bhojpur,BEHEA,6,12.452,0.0775,3.467,0.375,9.478,2.599,,
BIHAR,Bhojpur,SHAHPUR,0,0.0,0.0,10.974,0.0,0.0,0.0,,
BIHAR,Bhojpur,ARA,4,14.145,0.0818,7.951,7.54,0.0,6.605,,
BIHAR,Bhojpur,UDWANTNAGAR,11,65.422,0.3849,0.266,17.406,32.355,15.517,,
BIHAR,Bhojpur,GARHANI,7,26.472,0.247,1.25,0.0,23.565,2.907,,
BIHAR,Bhojpur,CHARPOKHARI,10,42.563,0.4005,1.542,0.0,22.327,12.613,,
BIHAR,Bhojpur,TARARI,13,89.739,0.4634,1.39,21.002,51.806,16.931,,
BIHAR,Bhojpur,SAHAR,12,57.938,0.4706,0.17,10.029,30.393,11.766,,
BIHAR,Arwal,KALER,5,55.196,0.3995,0.332,16.536,37.652,1.008,,
BIHAR,Aurangabad,HASPURA,5,34.399,0.266,0.618,0.0,34.399,0.0,,
BIHAR,Aurangabad,DAUDNAGAR,9,60.926,0.3255,1.308,15.516,43.096,2.314,,
BIHAR,Rohtas,KARAKAT,10,85.162,0.4321,0.361,21.025,51.772,12.365,,
BIHAR,Rohtas,BIKRAMGANJ,9,45.121,0.3412,0.842,14.374,25.032,2.62,,
BIHAR,Rohtas,SANJHOULI,7,24.723,0.3758,1.142,5.927,7.369,7.898,,
BIHAR,Rohtas,RAJPUR,8,23.856,0.3546,0.687,0.0,22.221,1.635,,
BIHAR,Rohtas,AKORHIGOLA,9,43.653,0.4463,1.296,14.402,25.61,3.641,,
BIHAR,Rohtas,NASRIGANJ,10,58.621,0.4458,0.635,21.63,35.758,0.0,,
BIHAR,Rohtas,DEHRI,10,40.914,0.2606,0.342,26.246,3.601,4.194,,
BIHAR,Aurangabad,BARUN,34,162.435,0.5396,0.556,44.65,38.891,46.637,,
BIHAR,Aurangabad,AURANGABAD,35,158.255,0.5818,0.854,40.842,14.806,91.763,,
BIHAR,Aurangabad,OBRA,15,64.191,0.2491,1.187,6.953,37.226,19.964,,
BIHAR,Aurangabad,RAFIGANJ,37,172.886,0.4707,1.525,52.925,58.259,53.891,,
BIHAR,Aurangabad,DEO,18,82.367,0.3089,0.291,34.294,23.76,24.312,,
BIHAR,Aurangabad,MADANPUR,19,106.965,0.3231,0.164,11.538,59.448,35.979,,
JHARKHAND,Chatra,PRATAPPUR,0,0.0,0.0,19.442,0.0,0.0,0.0,,
BIHAR,Gaya,IMAMGANJ,0,0.0,0.0,20.33,0.0,0.0,0.0,,
BIHAR,Gaya,DUMARIA,1,1.813,0.0059,9.841,1.813,0.0,0.0,,
JHARKHAND,Palamu,NAWDIHA BAZAR,2,5.298,0.0236,5.7,5.298,0.0,0.0,,
JHARKHAND,Palamu,CHHATARPUR,3,5.585,0.0133,11.243,5.585,0.0,0.0,,
JHARKHAND,Palamu,HARIHARGANJ,11,45.48,0.3874,0.743,29.43,13.186,2.864,,
JHARKHAND,Palamu,PIPRA,4,8.833,0.0906,2.876,7.298,1.535,0.0,,
BIHAR,Aurangabad,KUTUMBA,28,143.478,0.5684,0.525,43.726,43.005,49.674,,
BIHAR,Aurangabad,NABINAGAR,29,168.717,0.3245,0.631,56.114,63.617,48.986,,
BIHAR,Rohtas,ROHTAS,0,0.0,0.0,11.885,0.0,0.0,0.0,,
BIHAR,Rohtas,NAWHATTA,0,0.0,0.0,17.164,0.0,0.0,0.0,,
JHARKHAND,Palamu,MOHAMADGANJ,1,12.494,0.1279,0.952,12.494,0.0,0.0,,
JHARKHAND,Garhwa,KANDI,4,21.143,0.1224,1.195,7.179,13.964,0.0,,
JHARKHAND,Garhwa,BARDIHA,2,14.083,0.1534,0.516,14.083,0.0,0.0,,
JHARKHAND,Garhwa,MANJHGAON,5,24.095,0.175,0.136,18.914,5.182,0.0,,
JHARKHAND,Palamu,UNTARI ROAD,0,0.0,0.0,7.597,0.0,0.0,0.0,,
JHARKHAND,Palamu,PANDU,0,0.0,0.0,11.453,0.0,0.0,0.0,,
JHARKHAND,Palamu,HAIDERNAGAR,3,8.893,0.0919,3.065,6.614,0.0,2.279,,
JHARKHAND,Palamu,HUSSAINABAD,9,45.994,0.1625,1.758,29.638,1.386,14.97,,
JHARKHAND,Palamu,NAWA BAZAR,0,0.0,0.0,7.219,0.0,0.0,0.0,,
JHARKHAND,Palamu,PADWA,2,7.135,0.0931,2.937,7.135,0.0,0.0,,
JHARKHAND,Garhwa,DANDA,0,0.0,0.0,3.977,0.0,0.0,0.0,,
JHARKHAND,Palamu,BISHRAMPUR,1,2.926,0.016,4.147,2.926,0.0,0.0,,
JHARKHAND,Garhwa,MERAL,6,29.08,0.1088,3.014,29.08,0.0,0.0,,
JHARKHAND,Garhwa,GARHWA,11,73.161,0.2701,0.775,29.448,43.713,0.0,,
JHARKHAND,Garhwa,RAMKANDA,0,0.0,0.0,15.973,0.0,0.0,0.0,,
JHARKHAND,Palamu,RAMGARH,0,0.0,0.0,7.173,0.0,0.0,0.0,,
JHARKHAND,Palamu,CHAINPUR,5,16.411,0.0271,2.736,16.411,0.0,0.0,,
JHARKHAND,Palamu,MEDININAGAR,8,60.76,0.3835,0.065,31.77,28.991,0.0,,
JHARKHAND,Palamu,SATBARWA,1,14.647,0.1117,1.259,14.647,0.0,0.0,,
JHARKHAND,Latehar,MANIKA,0,0.0,0.0,11.771,0.0,0.0,0.0,,
JHARKHAND,Palamu,LESLIGANJ,9,56.426,0.3266,0.712,34.678,21.748,0.0,,
JHARKHAND,Palamu,PATAN,8,58.56,0.1866,0.077,39.369,14.36,0.0,,
JHARKHAND,Palamu,TARHASI,2,22.781,0.1345,1.658,19.059,0.0,0.0,,
JHARKHAND,Palamu,MANATU,1,2.375,0.0082,10.387,2.375,0.0,0.0,,
JHARKHAND,Palamu,PANKI,11,46.329,0.1103,1.997,25.003,21.325,0.0,,
JHARKHAND,Latehar,HERHANJ,0,0.0,0.0,15.397,0.0,0.0,0.0,,
JHARKHAND,Latehar,BARIYATU,0,0.0,0.0,15.708,0.0,0.0,0.0,,
JHARKHAND,Chatra,LAWALONG,0,0.0,0.0,14.39,0.0,0.0,0.0,,
JHARKHAND,Chatra,KUNDA,0,0.0,0.0,12.112,0.0,0.0,0.0,,
JHARKHAND,Chatra,CHATRA,2,13.762,0.0346,3.345,13.762,0.0,0.0,,
JHARKHAND,Chatra,GIDDHOR,0,0.0,0.0,12.099,0.0,0.0,0.0,,
JHARKHAND,Chatra,SIMARIA,0,0.0,0.0,15.226,0.0,0.0,0.0,,
JHARKHAND,Chatra,TANDWA,0,0.0,0.0,8.512,0.0,0.0,0.0,,
JHARKHAND,Hazaribagh,KEREDARI,4,23.273,0.0674,5.461,16.136,7.136,0.0,,
JHARKHAND,Hazaribagh,KATKAMDAG,3,6.064,0.0377,4.953,4.779,1.285,0.0,,
JHARKHAND,Hazaribagh,BARKAGAON,3,8.229,0.0186,5.921,6.336,1.893,0.0,,
JHARKHAND,Hazaribagh,CHURCHU,0,0.0,0.0,19.975,0.0,0.0,0.0,,
JHARKHAND,Hazaribagh,SADAR,0,0.0,0.0,11.132,0.0,0.0,0.0,,
JHARKHAND,Hazaribagh,ICHAK,2,2.135,0.0077,5.456,2.135,0.0,0.0,,
JHARKHAND,Hazaribagh,BARHI,1,12.984,0.0366,3.264,12.984,0.0,0.0,,
JHARKHAND,Hazaribagh,PADMA,2,15.252,0.1241,2.19,15.252,0.0,0.0,,
JHARKHAND,Chatra,MAYURHAND,2,13.384,0.1005,1.805,9.026,4.358,0.0,,
JHARKHAND,Hazaribagh,KATKAMSANDI,2,5.55,0.0192,8.36,5.55,0.0,0.0,,
JHARKHAND,Chatra,PATHALGADA,0,0.0,0.0,16.933,0.0,0.0,0.0,,
JHARKHAND,Chatra,ITKHORI,2,19.688,0.1268,0.372,13.151,6.537,0.0,,
JHARKHAND,Hazaribagh,CHOUPARAN,1,16.72,0.0362,6.0,16.72,0.0,0.0,,
JHARKHAND,Koderma,CHANDWARA,0,0.0,0.0,1.479,0.0,0.0,0.0,,
JHARKHAND,Koderma,CHANDWARA,0,0.0,0.0,13.478,0.0,0.0,0.0,,
BIHAR,Nawada,RAJAULI,8,25.156,0.0706,4.513,19.224,0.0,5.932,,
BIHAR,Nawada,SIRDALA,9,30.252,0.1267,4.169,17.458,7.777,5.017,,
BIHAR,Gaya,FATEHPUR,3,15.299,0.0473,1.646,7.402,0.0,0.0,,
BIHAR,Gaya,MOHANPUR,3,13.058,0.0394,7.422,4.928,8.13,0.0,,
BIHAR,Gaya,TANKUPPA,2,8.14,0.0542,6.034,2.999,0.0,0.0,,
BIHAR,Gaya,BODHGAYA,5,29.134,0.1201,3.48,19.282,9.851,0.0,,
BIHAR,Gaya,BARACHATTI,1,1.25,0.0043,4.544,1.25,0.0,0.0,,
JHARKHAND,Chatra,KANHACHATTI,0,0.0,0.0,12.944,0.0,0.0,0.0,,
BIHAR,Gaya,DOBHI,4,29.814,0.1719,1.42,29.814,0.0,0.0,,
JHARKHAND,Chatra,SHALIGRAM RAM NARAYANPUR ALIAS HUNTERGANJ,4,24.252,0.049,0.206,24.252,0.0,0.0,,
BIHAR,Gaya,BANKEY BAZAR,1,6.734,0.0332,6.009,6.734,0.0,0.0,,
BIHAR,Gaya,AMAS,7,29.265,0.2878,1.592,23.998,2.215,3.053,,
BIHAR,Gaya,SHERGHATTY,2,15.775,0.1187,0.757,15.775,0.0,0.0,,
BIHAR,Gaya,GURUA,14,77.116,0.4097,0.53,55.037,10.603,11.476,,
BIHAR,Aurangabad,GOH,18,95.507,0.324,0.811,22.595,12.592,58.733,,
BIHAR,Gaya,KONCH,17,84.5,0.3361,1.842,55.743,12.597,16.16,,
BIHAR,Gaya,GURARU,15,73.387,0.4657,1.592,41.276,21.025,11.086,,
BIHAR,Gaya,PARAIYA,6,20.959,0.1588,2.113,6.724,7.99,6.246,,
BIHAR,Gaya,GAYA TOWN,1,1.526,0.0086,5.622,0.0,0.0,1.526,,
BIHAR,Gaya,MANPUR,0,0.0,0.0,14.112,0.0,0.0,0.0,,
BIHAR,Gaya,BELAGANJ,3,22.835,0.1207,4.942,16.721,0.0,6.114,,
BIHAR,Gaya,TEKARI,10,54.271,0.2373,0.136,20.688,10.871,22.033,,
BIHAR,Jehanabad,MAKHDUMPUR,8,45.124,0.1905,1.148,41.842,2.622,0.0,,
BIHAR,Jehanabad,KAKO,3,23.613,0.1855,1.845,23.613,0.0,0.0,,
BIHAR,Jehanabad,JEHANABAD,1,0.241,0.0015,6.059,0.241,0.0,0.0,,
BIHAR,Jehanabad,RATNI FARIDPUR,3,24.938,0.205,0.216,0.038,12.491,12.409,,
BIHAR,Arwal,KURTHA,3,12.304,0.1473,0.646,9.08,0.0,2.191,,
BIHAR,Arwal,SONBHADRA-BANSI-SURAJPUR,6,18.773,0.205,0.38,1.01,10.791,5.903,,
BIHAR,Arwal,KAPRI,5,34.356,0.1864,1.048,0.0,31.087,3.269,,
BIHAR,Arwal,ARWAL,9,46.33,0.4,0.407,17.593,21.804,6.933,,
BIHAR,Patna,PALIGANJ,9,59.863,0.2606,0.786,9.454,38.555,11.854,,
BIHAR,Patna,DULHIN BAZAR,7,38.094,0.3568,1.113,4.592,20.495,13.007,,
BIHAR,Patna,BIKRAM,9,70.116,0.4815,0.563,16.285,38.209,15.622,,
BIHAR,Bhojpur,SANDESH,8,40.303,0.3133,0.731,0.0,33.465,4.514,,
BIHAR,Bhojpur,AGIAON,13,87.284,0.5829,0.381,16.724,62.412,8.147,,
BIHAR,Bhojpur,BARHARA,0,0.0,0.0,9.873,0.0,0.0,0.0,,
BIHAR,Bhojpur,KOILWAR,4,6.726,0.0414,6.21,0.113,1.633,4.979,,
BIHAR,Patna,BIHTA,2,21.875,0.1146,0.993,0.0,21.875,0.0,,
BIHAR,Patna,MANER,1,0.75,0.0045,4.231,0.0,0.75,0.0,,
BIHAR,Patna,DINAPUR,3,14.378,0.0999,3.071,7.539,6.838,0.0,,
BIHAR,Patna,PHULWARI,7,43.567,0.4109,0.351,6.656,36.911,0.0,,
BIHAR,Patna,NAUBATPUR,8,48.226,0.3009,0.297,10.097,30.537,7.592,,
BIHAR,Patna,MASAURHI,0,0.0,0.0,8.804,0.0,0.0,0.0,,
BIHAR,Jehanabad,MODANGANJ,6,19.889,0.2612,0.462,9.389,10.501,0.0,,
BIHAR,Nalanda,HILSA,3,5.098,0.0371,1.918,4.91,0.188,0.0,,
BIHAR,Nalanda,KARAI PARSURAI,0,0.0,0.0,7.485,0.0,0.0,0.0,,
BIHAR,Patna,DANIYAWAN,0,0.0,0.0,17.246,0.0,0.0,0.0,,
BIHAR,Patna,FATUHA,0,0.0,0.0,13.626,0.0,0.0,0.0,,
BIHAR,Patna,DHANARUA,0,0.0,0.0,7.201,0.0,0.0,0.0,,
BIHAR,Patna,PUNPUN,0,0.0,0.0,4.728,0.0,0.0,0.0,,
BIHAR,Patna,SAMPATCHAK,1,1.597,0.0259,4.392,0.0,1.597,0.0,,
BIHAR,Patna,PATNA SADAR,2,5.309,0.0379,7.63,3.078,2.231,0.0,,
BIHAR,Saran,SONEPUR,0,0.0,0.0,8.035,0.0,0.0,0.0,,
BIHAR,Vaishali,RAGHOPUR,0,0.0,0.0,16.689,0.0,0.0,0.0,,
BIHAR,Vaishali,BIDUPUR,0,0.0,0.0,14.739,0.0,0.0,0.0,,
BIHAR,Vaishali,DESRI,0,0.0,0.0,12.125,0.0,0.0,0.0,,
BIHAR,Vaishali,SAHDEI BUZURG,0,0.0,0.0,11.781,0.0,0.0,0.0,,
BIHAR,Vaishali,MAHNAR,0,0.0,0.0,14.066,0.0,0.0,0.0,,
BIHAR,Patna,BAKHTIARPUR,0,0.0,0.0,28.682,0.0,0.0,0.0,,
BIHAR,Nalanda,HARNAUT,0,0.0,0.0,21.066,0.0,0.0,0.0,,
BIHAR,Patna,KHUSRUPUR,0,0.0,0.0,22.327,0.0,0.0,0.0,,
BIHAR,Nalanda,NAGAR NAUSA,0,0.0,0.0,13.468,0.0,0.0,0.0,,
BIHAR,Nalanda,THARTHARI,0,0.0,0.0,12.899,0.0,0.0,0.0,,
BIHAR,Nalanda,CHANDI,0,0.0,0.0,21.259,0.0,0.0,0.0,,
BIHAR,Nalanda,NOORSARAI,1,0.167,0.0014,9.097,0.0,0.167,0.0,,
BIHAR,Nalanda,GIRIAK,6,20.871,0.2667,0.481,9.375,10.867,0.629,,
BIHAR,Nalanda,SILAO,5,34.102,0.2806,0.197,13.198,20.903,0.0,,
BIHAR,Nalanda,RAJGIR,3,24.505,0.1573,2.47,0.0,13.845,10.661,,
BIHAR,Nalanda,BEN,4,9.404,0.094,2.212,0.0,0.0,4.347,,
BIHAR,Nalanda,PARBALPUR,0,0.0,0.0,8.371,0.0,0.0,0.0,,
BIHAR,Nalanda,EKANGARSARAI,6,23.579,0.1806,2.973,12.651,10.929,0.0,,
BIHAR,Jehanabad,GHOSHI,4,25.488,0.2894,0.788,25.466,0.0,0.0,,
BIHAR,Jehanabad,HULASGANJ,8,49.704,0.5288,0.013,40.04,9.663,0.0,,
BIHAR,Nalanda,ISLAMPUR,10,50.88,0.2366,2.341,19.187,18.391,4.642,,
BIHAR,Gaya,NEEMCHAK BATHANI,1,0.018,0.0002,4.65,0.018,0.0,0.0,,
BIHAR,Gaya,MOHRA,2,12.167,0.0852,3.343,0.0,10.014,2.153,,
BIHAR,Gaya,ATRI,0,0.0,0.0,12.4,0.0,0.0,0.0,,
BIHAR,Gaya,KHIZARSARAI,6,25.264,0.1439,5.245,19.401,5.862,0.0,,
BIHAR,Gaya,WAZIRGANJ,5,26.703,0.1048,5.18,12.446,8.859,5.355,,
BIHAR,Nawada,MESCAUR,2,3.845,0.0335,6.802,0.0,3.845,0.0,,
BIHAR,Nawada,HISUA,0,0.0,0.0,3.606,0.0,0.0,0.0,,
BIHAR,Nawada,NARDIGANJ,0,0.0,0.0,8.037,0.0,0.0,0.0,,
BIHAR,Nawada,NARHAT,4,17.898,0.2277,1.199,8.232,9.666,0.0,,
BIHAR,Nawada,AKBARPUR,4,14.406,0.0732,4.77,6.382,8.024,0.0,,
BIHAR,Nawada,NAWADA,5,25.591,0.1482,0.859,16.101,0.0,9.489,,
BIHAR,Nawada,WARISALIGANJ,8,41.652,0.261,0.204,15.264,0.0,26.388,,
BIHAR,Nawada,PAKRI BARAWAN,6,30.418,0.1534,0.597,22.657,7.762,0.0,,
BIHAR,Nawada,ROH,0,0.0,0.0,9.312,0.0,0.0,0.0,,
BIHAR,Nawada,KAWAKOLE,2,10.367,0.0362,7.25,10.367,0.0,0.0,,
BIHAR,Jamui,ISLAMNAGAR ALIGANJ,3,18.313,0.109,3.332,13.606,4.707,0.0,,
BIHAR,Sheikhpura,ARIARI,6,32.091,0.2226,0.789,25.744,0.0,6.347,,
BIHAR,Sheikhpura,CHEWARA,5,14.578,0.1312,0.99,2.649,9.337,2.592,,
BIHAR,Sheikhpura,GHATKUSUMBHA,0,0.0,0.0,11.107,0.0,0.0,0.0,,
BIHAR,Sheikhpura,SHEIKHPURA,0,0.0,0.0,6.18,0.0,0.0,0.0,,
BIHAR,Sheikhpura,BARBIGHA,2,3.416,0.0376,4.587,0.457,0.0,2.959,,
BIHAR,Sheikhpura,SHEKHOPUR SARAI,4,18.884,0.3647,0.499,5.296,0.0,13.588,,
BIHAR,Nawada,KASHICHAK,4,11.139,0.1432,1.239,9.468,0.0,1.671,,
BIHAR,Nalanda,KATRISARAI,3,2.548,0.0666,1.894,0.971,0.219,1.357,,
BIHAR,Nalanda,BIHARSHARIF,3,10.852,0.0641,2.864,9.198,0.0,1.653,,
BIHAR,Nalanda,ASTHAWAN,7,13.951,0.1039,0.637,4.303,2.461,7.187,,
BIHAR,Nalanda,RAHUI,0,0.0,0.0,8.324,0.0,0.0,0.0,,
BIHAR,Nalanda,BIND,0,0.0,0.0,11.124,0.0,0.0,0.0,,
BIHAR,Patna,BELCHCHI,0,0.0,0.0,17.601,0.0,0.0,0.0,,
BIHAR,Patna,BARH,0,0.0,0.0,26.726,0.0,0.0,0.0,,
BIHAR,Patna,ATHAMALGOLA,0,0.0,0.0,26.096,0.0,0.0,0.0,,
BIHAR,Samastipur,MOHANPUR,0,0.0,0.0,27.027,0.0,0.0,0.0,,
BIHAR,Samastipur,PATORI,0,0.0,0.0,18.875,0.0,0.0,0.0,,
BIHAR,Samastipur,MOHIUDDINAGAR,0,0.0,0.0,26.17,0.0,0.0,0.0,,
BIHAR,Begusarai,BACHHWARA,0,0.0,0.0,30.658,0.0,0.0,0.0,,
BIHAR,Samastipur,VIDYAPATI NAGAR,0,0.0,0.0,19.897,0.0,0.0,0.0,,
BIHAR,Samastipur,DALSINGHSARAI,0,0.0,0.0,17.13,0.0,0.0,0.0,,
BIHAR,Begusarai,MANSURCHAK,0,0.0,0.0,29.123,0.0,0.0,0.0,,
BIHAR,Samastipur,BIBHUTPUR,0,0.0,0.0,26.142,0.0,0.0,0.0,,
BIHAR,Begusarai,TEGHRA,0,0.0,0.0,32.077,0.0,0.0,0.0,,
BIHAR,Patna,MOKAMA,0,0.0,0.0,27.403,0.0,0.0,0.0,,
BIHAR,Patna,PANDARAK,0,0.0,0.0,26.474,0.0,0.0,0.0,,
BIHAR,Patna,GHOSWARI,0,0.0,0.0,21.474,0.0,0.0,0.0,,
BIHAR,Nalanda,SARMERA,0,0.0,0.0,11.587,0.0,0.0,0.0,,
BIHAR,Lakhisarai,BARAHIYA,0,0.0,0.0,8.55,0.0,0.0,0.0,,
BIHAR,Lakhisarai,PIPARIYA,1,0.257,0.0031,5.808,0.0,0.257,0.0,,
BIHAR,Begusarai,SAMHO AKHA KURHA,0,0.0,0.0,4.784,0.0,0.0,0.0,,
BIHAR,Begusarai,MATIHANI,0,0.0,0.0,11.863,0.0,0.0,0.0,,
BIHAR,Begusarai,BEGUSARAI,0,0.0,0.0,21.08,0.0,0.0,0.0,,
BIHAR,Begusarai,BARAUNI,0,0.0,0.0,26.843,0.0,0.0,0.0,,
BIHAR,Begusarai,BIRPUR,0,0.0,0.0,31.977,0.0,0.0,0.0,,
BIHAR,Begusarai,BHAGWANPUR,0,0.0,0.0,37.435,0.0,0.0,0.0,,
BIHAR,Begusarai,KHODAWANDPUR,0,0.0,0.0,35.329,0.0,0.0,0.0,,
BIHAR,Begusarai,CHERIA BARIARPUR,0,0.0,0.0,38.971,0.0,0.0,0.0,,
BIHAR,Begusarai,CHHAURAHI,0,0.0,0.0,40.485,0.0,0.0,0.0,,
BIHAR,Begusarai,GADHPURA,0,0.0,0.0,33.967,0.0,0.0,0.0,,
BIHAR,Begusarai,NAWKOTHI,0,0.0,0.0,30.142,0.0,0.0,0.0,,
BIHAR,Begusarai,DANDARI,0,0.0,0.0,24.399,0.0,0.0,0.0,,
BIHAR,Begusarai,BAKHRI,0,0.0,0.0,32.217,0.0,0.0,0.0,,
BIHAR,Samastipur,BITHAN,0,0.0,0.0,23.399,0.0,0.0,0.0,,
BIHAR,Khagaria,ALAULI,0,0.0,0.0,18.13,0.0,0.0,0.0,,
BIHAR,Khagaria,KHAGARIA,0,0.0,0.0,20.867,0.0,0.0,0.0,,
BIHAR,Begusarai,SAHEBPUR KAMAL,0,0.0,0.0,11.026,0.0,0.0,0.0,,
BIHAR,Munger,MUNGER SADAR,1,0.02,0.0001,5.233,0.02,0.0,0.0,,
BIHAR,Begusarai,BALLIA,0,0.0,0.0,9.737,0.0,0.0,0.0,,
BIHAR,Jamui,BARHAT,6,25.215,0.1187,0.963,7.67,17.545,0.0,,
BIHAR,Lakhisarai,SURAJGARHA,13,54.078,0.149,3.803,27.281,26.587,0.211,,
BIHAR,Lakhisarai,LAKHISARAI,8,28.105,0.1976,0.898,5.513,16.745,5.847,,
BIHAR,Lakhisarai,RAMGARH CHOWK,8,38.796,0.3842,0.493,8.107,25.666,5.023,,
BIHAR,Lakhisarai,HALSI,11,48.762,0.324,0.743,14.811,30.179,3.44,,
BIHAR,Lakhisarai,CHANNAN,13,45.643,0.327,0.124,30.989,11.878,2.776,,
BIHAR,Jamui,JAMUI,16,60.616,0.363,2.082,32.643,18.975,8.277,,
BIHAR,Jamui,SIKANDRA,13,67.233,0.3827,0.007,45.676,12.107,7.017,,
BIHAR,Jamui,KHAIRA,11,35.02,0.0864,3.064,21.434,13.587,0.0,,
BIHAR,Jamui,GIDHOR,3,10.226,0.1293,0.131,10.226,0.0,0.0,,
BIHAR,Jamui,LAXMIPUR,4,23.749,0.0981,2.904,20.971,2.778,0.0,,
BIHAR,Jamui,JHAJHA,13,61.167,0.1529,2.499,61.167,0.0,0.0,,
BIHAR,Jamui,SONO,3,31.706,0.0846,4.237,30.574,0.0,0.0,,
BIHAR,Jamui,CHAKAI,3,3.152,0.0042,9.32,0.454,0.0,0.0,,
JHARKHAND,Giridih,BENGABAD,0,0.0,0.0,15.497,0.0,0.0,0.0,,
JHARKHAND,Giridih,DEORI,1,2.51,0.006,6.419,2.51,0.0,0.0,,
JHARKHAND,Giridih,JAMUA,1,7.09,0.0153,7.035,7.09,0.0,0.0,,
JHARKHAND,Giridih,TISRI,0,0.0,0.0,17.046,0.0,0.0,0.0,,
JHARKHAND,Giridih,GAWAN,0,0.0,0.0,21.017,0.0,0.0,0.0,,
JHARKHAND,Koderma,SATGAWAN,0,0.0,0.0,9.919,0.0,0.0,0.0,,
BIHAR,Nawada,GOBINDPUR,3,10.112,0.0681,1.082,7.89,2.222,0.0,,
JHARKHAND,Koderma,DOMCHANCH,1,1.322,0.0042,12.326,1.322,0.0,0.0,,
JHARKHAND,Koderma,KODERMA,0,0.0,0.0,12.506,0.0,0.0,0.0,,
JHARKHAND,Koderma,JAINAGAR,1,13.081,0.0762,3.295,13.081,0.0,0.0,,
JHARKHAND,Koderma,MARKACHO,7,28.739,0.1368,6.225,17.362,7.341,4.036,,
JHARKHAND,Giridih,DHANWAR,4,19.422,0.0572,6.901,10.6,8.822,0.0,,
JHARKHAND,Giridih,BIRNI,2,5.339,0.0174,12.518,0.0,5.339,0.0,,
JHARKHAND,Giridih,SURIYA,1,8.107,0.0288,8.008,8.107,0.0,0.0,,
JHARKHAND,Giridih,BAGODAR,3,37.852,0.1342,1.309,25.936,11.915,0.0,,
JHARKHAND,Hazaribagh,CHALKUSHA,0,0.0,0.0,7.744,0.0,0.0,0.0,,
JHARKHAND,Hazaribagh,BARKATHA,0,0.0,0.0,13.069,0.0,0.0,0.0,,
JHARKHAND,Hazaribagh,TATIJHARIYA,0,0.0,0.0,14.835,0.0,0.0,0.0,,
JHARKHAND,Hazaribagh,DARU,0,0.0,0.0,20.77,0.0,0.0,0.0,,
JHARKHAND,Hazaribagh,BISHNUGARH,7,49.537,0.1218,2.422,45.555,3.982,0.0,,
JHARKHAND,Bokaro,NAWADIH,0,0.0,0.0,12.946,0.0,0.0,0.0,,
JHARKHAND,Dhanbad,TOPCHANCHI,0,0.0,0.0,22.96,0.0,0.0,0.0,,
JHARKHAND,Giridih,PIRTAND,0,0.0,0.0,23.951,0.0,0.0,0.0,,
JHARKHAND,Giridih,DUMRI,0,0.0,0.0,7.724,0.0,0.0,0.0,,
JHARKHAND,Giridih,GIRIDIH,0,0.0,0.0,25.821,0.0,0.0,0.0,,
JHARKHAND,Dhanbad,TUNDI,0,0.0,0.0,14.36,0.0,0.0,0.0,,
JHARKHAND,Dhanbad,DHANBAD,0,0.0,0.0,17.5,0.0,0.0,0.0,,
JHARKHAND,Dhanbad,BAGHMARA,0,0.0,0.0,21.093,0.0,0.0,0.0,,
JHARKHAND,Bokaro,CHANDRAPURA,0,0.0,0.0,8.989,0.0,0.0,0.0,,
JHARKHAND,Bokaro,JARIDIH,1,4.186,0.0205,11.92,4.186,0.0,0.0,,
JHARKHAND,Bokaro,CHAS,4,54.328,0.0983,8.015,49.92,4.408,0.0,,
WEST BENGAL,Purulia,JAIPUR,4,6.179,0.0276,2.979,3.381,0.0,2.798,,
WEST BENGAL,Purulia,JHALDA-II,7,16.735,0.0681,6.328,16.303,0.0,0.432,,
JHARKHAND,Bokaro,CHANDANKIYARI,8,28.929,0.0804,1.872,10.857,18.072,0.0,,
WEST BENGAL,Purulia,PURULIA-II,5,29.087,0.0936,6.57,29.087,0.0,0.0,,
WEST BENGAL,Purulia,PURULIA-I,0,0.0,0.0,5.242,0.0,0.0,0.0,,
WEST BENGAL,Purulia,BALARAMPUR,8,23.398,0.0827,3.327,15.259,8.139,0.0,,
WEST BENGAL,Purulia,BARABAZAR,12,80.137,0.1944,0.523,71.771,7.428,0.938,,
JHARKHAND,East Singhbum,PATAMDA,1,2.414,0.0093,8.959,2.414,0.0,0.0,,
JHARKHAND,East Singhbum,BORAM,1,14.144,0.0618,5.302,14.144,0.0,0.0,,
JHARKHAND,Saraikela Kharsawan,NIMDIH,0,0.0,0.0,9.785,0.0,0.0,0.0,,
JHARKHAND,Saraikela Kharsawan,CHANDIL,55,93.509,0.2619,1.188,38.82,12.145,42.543,,
JHARKHAND,Saraikela Kharsawan,KUKRU,0,0.0,0.0,4.234,0.0,0.0,0.0,,
WEST BENGAL,Purulia,BAGMUNDI,8,24.722,0.0566,0.545,22.424,2.075,0.222,,
WEST BENGAL,Purulia,ARSHA,8,47.967,0.1346,2.476,39.734,8.233,0.0,,
JHARKHAND,Saraikela Kharsawan,ICHAGARH,9,48.185,0.1827,0.832,37.329,10.856,0.0,,
JHARKHAND,Ranchi,TAMAR,27,101.017,0.2034,0.335,55.134,45.883,0.0,,
JHARKHAND,Ranchi,BUNDU,6,14.108,0.0549,1.694,9.885,4.224,0.0,,
JHARKHAND,Ranchi,SONAHATU,16,63.336,0.2396,1.116,44.285,19.052,0.0,,
JHARKHAND,Ranchi,RAHE,5,25.274,0.1427,4.585,18.935,6.339,0.0,,
JHARKHAND,Ranchi,ANGARA,1,10.434,0.0271,7.339,0.0,0.0,0.0,,
JHARKHAND,Ramgarh,DULMI,2,9.537,0.0841,2.999,5.539,0.0,0.0,,
JHARKHAND,Ranchi,SILLI,1,5.297,0.0189,2.102,5.297,0.0,0.0,,
WEST BENGAL,Purulia,JHALDA-I,1,2.215,0.0072,6.004,2.215,0.0,0.0,,
JHARKHAND,Bokaro,KASMAR,0,0.0,0.0,12.495,0.0,0.0,0.0,,
JHARKHAND,Ramgarh,GOLA,2,23.284,0.0727,2.526,23.284,0.0,0.0,,
JHARKHAND,Bokaro,PETERWAR,1,26.996,0.0918,6.486,26.996,0.0,0.0,,
JHARKHAND,Bokaro,BERMO,0,0.0,0.0,5.751,0.0,0.0,0.0,,
JHARKHAND,Bokaro,GOMIA,0,0.0,0.0,10.708,0.0,0.0,0.0,,
JHARKHAND,Ramgarh,CHITARPUR,1,6.718,0.1057,2.686,6.718,0.0,0.0,,
JHARKHAND,Ramgarh,MANDU,0,0.0,0.0,22.181,0.0,0.0,0.0,,
JHARKHAND,Hazaribagh,DADI,0,0.0,0.0,23.994,0.0,0.0,0.0,,
JHARKHAND,Ramgarh,PATRATU,0,0.0,0.0,26.653,0.0,0.0,0.0,,
JHARKHAND,Ramgarh,RAMGARH,1,2.232,0.0176,4.474,2.232,0.0,0.0,,
JHARKHAND,Ranchi,ORMANJHI,1,0.014,0.0001,9.555,0.0,0.0,0.0,,
JHARKHAND,Ranchi,KANKE,0,0.0,0.0,21.135,0.0,0.0,0.0,,
JHARKHAND,Ranchi,RATU,0,0.0,0.0,24.574,0.0,0.0,0.0,,
JHARKHAND,Ranchi,BURMU,0,0.0,0.0,21.532,0.0,0.0,0.0,,
JHARKHAND,Ranchi,KHELARI,0,0.0,0.0,14.898,0.0,0.0,0.0,,
JHARKHAND,Latehar,BALUMATH,3,10.581,0.0321,4.317,4.298,6.283,0.0,,
JHARKHAND,Latehar,CHANDWA,2,14.14,0.0243,14.331,14.14,0.0,0.0,,
JHARKHAND,Lohardaga,KURU,2,6.458,0.0297,8.243,6.458,0.0,0.0,,
JHARKHAND,Lohardaga,KISKO,1,0.397,0.0016,14.758,0.397,0.0,0.0,,
JHARKHAND,Lohardaga,LOHARDAGA,1,3.13,0.0204,3.969,3.13,0.0,0.0,,
JHARKHAND,Lohardaga,SENHA,1,6.99,0.0341,2.92,6.99,0.0,0.0,,
JHARKHAND,Lohardaga,KAIRO,5,28.436,0.2783,0.233,25.893,2.543,0.0,,
JHARKHAND,Lohardaga,BHANDRA,3,9.565,0.0622,3.357,9.565,0.0,0.0,,
JHARKHAND,Ranchi,CHANHO,1,4.054,0.0159,8.717,4.054,0.0,0.0,,
JHARKHAND,Ranchi,MANDAR,0,0.0,0.0,12.93,0.0,0.0,0.0,,
JHARKHAND,Ranchi,BERO,1,0.246,0.0009,9.648,0.246,0.0,0.0,,
JHARKHAND,Ranchi,LAPUNG,1,19.878,0.0684,4.671,19.878,0.0,0.0,,
JHARKHAND,Gumla,BHARNO,4,29.632,0.1025,1.21,21.951,7.681,0.0,,
JHARKHAND,Gumla,SISAI,1,0.422,0.001,7.233,0.422,0.0,0.0,,
JHARKHAND,Gumla,BASIA,5,26.491,0.0687,3.689,26.491,0.0,0.0,,
JHARKHAND,Gumla,KAMDARA,0,0.0,0.0,10.455,0.0,0.0,0.0,,
JHARKHAND,Khunti,TORPA,0,0.0,0.0,18.023,0.0,0.0,0.0,,
JHARKHAND,Khunti,KARRA,4,27.2,0.0539,5.066,23.583,3.617,0.0,,
JHARKHAND,Ranchi,ITKI,0,0.0,0.0,10.225,0.0,0.0,0.0,,
JHARKHAND,Ranchi,NAGRI,0,0.0,0.0,16.177,0.0,0.0,0.0,,
JHARKHAND,Khunti,KHUNTI,7,25.445,0.0557,1.921,11.07,14.376,0.0,,
JHARKHAND,Ranchi,NAMKUM,0,0.0,0.0,16.153,0.0,0.0,0.0,,
JHARKHAND,Khunti,MURHU,0,0.0,0.0,16.307,0.0,0.0,0.0,,
JHARKHAND,Khunti,ARKI,1,15.682,0.0316,15.867,15.682,0.0,0.0,,
JHARKHAND,West Singhbhum,BANDGAON,10,42.019,0.0741,6.474,36.286,5.733,0.0,,
JHARKHAND,West Singhbhum,SONUA,11,67.855,0.3304,0.377,34.553,20.258,13.044,,
JHARKHAND,West Singhbhum,GOELKERA,1,0.735,0.0013,7.927,0.735,0.0,0.0,,
JHARKHAND,West Singhbhum,ANANDPUR,0,0.0,0.0,26.724,0.0,0.0,0.0,,
JHARKHAND,West Singhbhum,GUDRI,0,0.0,0.0,15.872,0.0,0.0,0.0,,
JHARKHAND,Khunti,RANIA,0,0.0,0.0,26.112,0.0,0.0,0.0,,
JHARKHAND,Simdega,KOLEBIRA,2,3.064,0.0073,5.574,3.064,0.0,0.0,,
JHARKHAND,Simdega,JALDEGA,0,0.0,0.0,24.322,0.0,0.0,0.0,,
JHARKHAND,Simdega,BANSJORE,0,0.0,0.0,19.99,0.0,0.0,0.0,,
JHARKHAND,Simdega,BANO,0,0.0,0.0,24.526,0.0,0.0,0.0,,
ODISHA,Sundargarh,BISRA,0,0.0,0.0,19.546,0.0,0.0,0.0,,
ODISHA,Sundargarh,NUAGAON,0,0.0,0.0,21.436,0.0,0.0,0.0,,
ODISHA,Sundargarh,KUARMUNDA,1,0.373,0.0007,9.665,0.0,0.0,0.373,,
ODISHA,Sundargarh,GURUNDIA,7,12.369,0.0106,16.023,3.774,5.263,3.333,,
ODISHA,Sundargarh,LATHIKATA,25,80.154,0.1791,2.466,43.756,15.872,20.006,5000.0,
ODISHA,Sundargarh,KOIDA,0,0.0,0.0,22.954,0.0,0.0,0.0,,
JHARKHAND,West Singhbhum,MANOHARPUR,0,0.0,0.0,33.825,0.0,0.0,0.0,,
JHARKHAND,West Singhbhum,NOAMUNDI,0,0.0,0.0,19.026,0.0,0.0,0.0,,
ODISHA,Kendujhar,JODA,2,1.048,0.0016,15.913,0.0,1.048,0.0,,
ODISHA,Kendujhar,CHAMPUA,18,41.117,0.0951,3.414,26.46,4.036,10.62,,
ODISHA,Mayurbhanj,RARUAN,0,0.0,0.0,6.71,0.0,0.0,0.0,,
JHARKHAND,West Singhbhum,MANJHIAON,1,5.872,0.0217,10.423,5.872,0.0,0.0,,
JHARKHAND,West Singhbhum,KUMARDUNGI,0,0.0,0.0,10.791,0.0,0.0,0.0,,
JHARKHAND,West Singhbhum,MANJHARI,3,23.159,0.0753,2.11,23.159,0.0,0.0,,
JHARKHAND,West Singhbhum,HATGAMHARIA,1,7.717,0.027,8.167,7.717,0.0,0.0,,
JHARKHAND,West Singhbhum,JAGANNATHPUR,0,0.0,0.0,11.093,0.0,0.0,0.0,,
JHARKHAND,West Singhbhum,TONTO,0,0.0,0.0,23.478,0.0,0.0,0.0,,
JHARKHAND,West Singhbhum,KHUNTPANI,5,39.891,0.1011,6.598,22.757,17.135,0.0,,
JHARKHAND,West Singhbhum,CHAKRADHARPUR,26,88.751,0.2392,0.64,41.725,21.486,25.54,,
JHARKHAND,Saraikela Kharsawan,KUCHAI,5,21.532,0.0583,3.006,19.394,2.138,0.0,,
JHARKHAND,Saraikela Kharsawan,KHARSAWAN,6,32.504,0.1514,0.292,9.93,22.575,0.0,,
JHARKHAND,Saraikela Kharsawan,SERAIKELLA,10,33.52,0.1389,1.97,0.0,25.827,7.693,,
JHARKHAND,West Singhbhum,CHAIBASA,3,20.402,0.1007,2.954,19.821,0.581,0.0,,
JHARKHAND,West Singhbhum,JHINKPANI,0,0.0,0.0,11.558,0.0,0.0,0.0,,
JHARKHAND,West Singhbhum,TANTNAGAR,1,7.122,0.0371,0.614,7.122,0.0,0.0,,
ODISHA,Mayurbhanj,TIRING,0,0.0,0.0,9.719,0.0,0.0,0.0,,
ODISHA,Mayurbhanj,BAHALDA,5,18.303,0.071,0.33,13.969,0.0,4.334,,
JHARKHAND,Saraikela Kharsawan,RAJNAGAR,10,97.265,0.2383,0.637,40.992,56.273,0.0,,
JHARKHAND,Saraikela Kharsawan,GAMHARIA,7,22.452,0.0658,4.256,8.854,9.885,3.713,,
JHARKHAND,East Singhbum,GOLMURI CUM JUGSALAI,41,96.153,0.2893,1.147,28.758,10.974,56.421,,
JHARKHAND,East Singhbum,MUSABANI,1,22.496,0.0941,5.211,22.496,0.0,0.0,,
JHARKHAND,East Singhbum,POTKA,5,36.171,0.0626,7.082,20.38,15.79,0.0,,
JHARKHAND,East Singhbum,DUMARIA,0,0.0,0.0,11.774,0.0,0.0,0.0,,
ODISHA,Mayurbhanj,BIJATALA,15,65.441,0.2262,0.417,35.395,9.786,20.26,,
ODISHA,Mayurbhanj,RAIRANGPUR,12,31.294,0.1208,5.394,3.172,15.144,12.978,,
ODISHA,Mayurbhanj,JAMDA,0,0.0,0.0,7.184,0.0,0.0,0.0,,
ODISHA,Mayurbhanj,KUSUMI,13,47.856,0.1537,3.844,14.669,14.528,18.659,,
ODISHA,Mayurbhanj,JOSHIPUR,0,0.0,0.0,14.28,0.0,0.0,0.0,,
ODISHA,Mayurbhanj,BISOI,1,3.059,0.0093,8.721,3.059,0.0,0.0,,
ODISHA,Mayurbhanj,BANGRIPOSI,3,13.157,0.0161,17.041,7.973,5.183,0.0,,
JHARKHAND,East Singhbum,GURABANDA,5,31.757,0.149,3.434,30.435,1.322,0.0,,
ODISHA,Mayurbhanj,SARASKANA,27,71.44,0.2177,3.544,24.673,20.667,26.1,,
JHARKHAND,East Singhbum,BAHRAGORA,13,64.43,0.1867,3.205,5.595,50.27,8.565,,
WEST BENGAL,Jhargram,GOPIBALLAVPUR-I,0,0.0,0.0,7.142,0.0,0.0,0.0,,
ODISHA,Mayurbhanj,KULIANA,14,78.033,0.243,1.898,50.274,20.642,7.117,,
ODISHA,Mayurbhanj,SULIAPADA,16,114.033,0.3406,1.172,93.126,11.334,9.574,,
WEST BENGAL,Jhargram,NAYAGRAM,0,0.0,0.0,9.523,0.0,0.0,0.0,,
WEST BENGAL,Medinipur West,DANTAN-I,0,0.0,0.0,10.781,0.0,0.0,0.0,,
WEST BENGAL,Medinipur West,KESHIARY,0,0.0,0.0,10.586,0.0,0.0,0.0,,
WEST BENGAL,Medinipur West,KHARAGPUR-I,10,58.841,0.1921,0.464,24.691,24.167,9.983,,
WEST BENGAL,Jhargram,JHARGRAM,21,134.895,0.2582,0.835,31.598,77.532,25.765,,
WEST BENGAL,Jhargram,SANKRAIL,6,19.625,0.074,1.887,0.476,14.151,4.997,,
WEST BENGAL,Jhargram,GOPIBALLAV PUR -II,2,0.319,0.0017,6.445,0.0,0.106,0.213,,
WEST BENGAL,Jhargram,BINPUR-I,21,85.245,0.2432,1.865,23.987,46.61,14.648,,
WEST BENGAL,Medinipur West,MIDNAPORE,13,74.472,0.2279,1.056,8.741,53.829,11.902,,
WEST BENGAL,Medinipur West,SALBANI,26,117.81,0.2212,1.523,66.925,49.243,1.642,,
WEST BENGAL,Medinipur West,GARBETA-II,32,112.313,0.3026,0.685,41.302,62.259,8.751,,
WEST BENGAL,Bankura,SARENGA,24,90.034,0.4164,0.097,23.679,55.513,10.842,,
WEST BENGAL,Bankura,RAIPUR-I,19,103.229,0.2921,1.413,23.375,34.821,45.033,,
WEST BENGAL,Jhargram,BINPUR-II,13,65.036,0.1144,3.37,21.996,22.8,20.24,,
WEST BENGAL,Jhargram,JAMBANI,5,37.526,0.1186,3.059,9.398,14.625,13.504,,
JHARKHAND,East Singhbum,CHAKULIA,18,117.99,0.2883,1.533,23.554,43.308,51.128,,
JHARKHAND,East Singhbum,DHALBHUMGARH,10,43.501,0.2522,0.435,6.345,27.714,9.442,,
JHARKHAND,East Singhbum,GHATSHILA,89,193.843,0.5791,1.428,43.816,50.322,99.705,,
WEST BENGAL,Purulia,BUNDWAN,2,7.854,0.0222,7.27,7.854,0.0,0.0,,
WEST BENGAL,Purulia,MANBAZAR-I,0,0.0,0.0,12.334,0.0,0.0,0.0,,
WEST BENGAL,Purulia,MANBAZAR-II,4,37.138,0.1346,2.167,35.468,0.0,1.67,,
WEST BENGAL,Bankura,RANIBUNDH,4,27.731,0.0663,3.924,20.152,7.579,0.0,,
WEST BENGAL,Bankura,KHATRA-I,13,56.487,0.257,0.398,17.533,26.182,3.05,,
WEST BENGAL,Bankura,HIRBANDH,4,12.938,0.0686,3.282,9.722,1.46,1.756,,
WEST BENGAL,Bankura,INDPUR,8,37.963,0.1319,5.726,23.539,10.385,4.039,,
WEST BENGAL,Bankura,CHHATNA,0,0.0,0.0,12.25,0.0,0.0,0.0,,
WEST BENGAL,Purulia,HURA,4,27.356,0.0726,5.138,27.356,0.0,0.0,,
WEST BENGAL,Purulia,PUNCHA,0,0.0,0.0,12.577,0.0,0.0,0.0,,
WEST BENGAL,Purulia,PARA,3,11.395,0.0384,4.784,11.395,0.0,0.0,,
JHARKHAND,Dhanbad,KALIASOL,0,0.0,0.0,10.996,0.0,0.0,0.0,,
JHARKHAND,Dhanbad,BALIAPUR,0,0.0,0.0,13.303,0.0,0.0,0.0,,
WEST BENGAL,Purulia,RAGHUNATHPUR-II,2,14.223,0.0743,2.906,14.223,0.0,0.0,,
WEST BENGAL,Purulia,NETURIA,0,0.0,0.0,7.547,0.0,0.0,0.0,,
JHARKHAND,Dhanbad,NIRSA,4,15.65,0.0412,4.231,5.515,10.135,0.0,,
JHARKHAND,Dhanbad,Egarkund,0,0.0,0.0,11.595,0.0,0.0,0.0,,
WEST BENGAL,Paschim Bardhaman,SALANPUR,0,0.0,0.0,8.469,0.0,0.0,0.0,,
WEST BENGAL,Purulia,SANTURI,1,8.549,0.049,3.346,8.549,0.0,0.0,,
WEST BENGAL,Purulia,RAGHUNATH PUR-I,0,0.0,0.0,8.51,0.0,0.0,0.0,,
WEST BENGAL,Purulia,KASHIPUR,6,35.019,0.0804,3.559,32.137,0.0,2.882,,
WEST BENGAL,Bankura,GANGAJAL GHATI,3,9.918,0.0275,1.065,6.494,0.0,3.424,,
WEST BENGAL,Bankura,SALTORA,1,2.249,0.0073,8.328,2.249,0.0,0.0,,
WEST BENGAL,Paschim Bardhaman,Township Area,0,0.0,0.0,12.066,0.0,0.0,0.0,,
WEST BENGAL,Paschim Bardhaman,BARABANI,0,0.0,0.0,6.95,0.0,0.0,0.0,,
WEST BENGAL,Paschim Bardhaman,JAMURIA,0,0.0,0.0,9.062,0.0,0.0,0.0,,
WEST BENGAL,Paschim Bardhaman,RANIGANJ,0,0.0,0.0,18.395,0.0,0.0,0.0,,
WEST BENGAL,Paschim Bardhaman,ONDAL,0,0.0,0.0,17.264,0.0,0.0,0.0,,
WEST BENGAL,Birbhum,KHOYRASOL,5,20.482,0.0768,1.494,18.274,0.388,1.82,,
WEST BENGAL,Paschim Bardhaman,PANDABESWAR,0,0.0,0.0,12.282,0.0,0.0,0.0,,
WEST BENGAL,Paschim Bardhaman,FARIDPUR - DURGAPUR,1,6.112,0.02,11.578,6.112,0.0,0.0,,
WEST BENGAL,Bankura,MEJHIA,0,0.0,0.0,14.585,0.0,0.0,0.0,,
WEST BENGAL,Bankura,BARJORA,9,49.821,0.1312,3.38,37.023,9.139,3.659,,
WEST BENGAL,Bankura,ONDA,9,94.295,0.2041,0.14,39.502,42.975,11.818,,
WEST BENGAL,Bankura,BANKURA-II,0,0.0,0.0,8.524,0.0,0.0,0.0,,
WEST BENGAL,Bankura,BANKURA-I,3,7.894,0.0434,3.897,0.0,0.0,7.894,,
WEST BENGAL,Bankura,SIMLAPAL,21,81.597,0.2742,1.931,16.647,39.27,25.68,,
WEST BENGAL,Bankura,TALDANGRA,27,107.987,0.3006,0.825,33.706,58.285,15.996,,
WEST BENGAL,Bankura,VISHNUPUR,12,51.249,0.1414,5.441,21.956,12.995,16.298,,
WEST BENGAL,Bankura,JAYPUR,16,65.383,0.2609,2.753,32.918,16.901,15.564,,
WEST BENGAL,Hooghly,GOGHAT-II,7,26.146,0.1426,1.99,8.004,11.716,6.426,,
WEST BENGAL,Hooghly,GOGHAT-I,3,18.759,0.1036,0.334,14.677,4.082,0.0,,
WEST BENGAL,Bankura,KOTULPUR,31,84.742,0.3533,1.918,14.284,35.739,34.718,,
WEST BENGAL,Bankura,INDUS,2,6.007,0.0239,6.208,4.863,1.144,0.0,,
WEST BENGAL,Purba Bardhaman,KHANDAGHOSH,9,63.238,0.2537,1.168,20.256,42.981,0.0,,
WEST BENGAL,Purba Bardhaman,GALSI-II,16,79.397,0.3764,0.13,26.204,26.37,26.823,,
WEST BENGAL,Purba Bardhaman,GALSI -I,17,80.319,0.5457,0.25,22.569,17.662,28.845,,
WEST BENGAL,Bankura,PATRASAYER,4,25.473,0.0802,1.391,16.977,0.934,7.563,,
WEST BENGAL,Bankura,SONAMUKHI,14,68.906,0.1881,1.913,20.174,36.536,11.934,,
WEST BENGAL,Paschim Bardhaman,AUSGRAM-II,9,51.429,0.2679,1.289,24.525,11.905,7.005,,
WEST BENGAL,Paschim Bardhaman,KANKSA,7,47.442,0.1804,0.24,37.937,6.092,3.413,,
WEST BENGAL,Birbhum,DUBRAJPUR,19,70.403,0.2025,3.869,46.466,9.804,14.132,,
WEST BENGAL,Birbhum,ILLAMBAZAR,25,82.044,0.3083,1.666,37.589,25.018,19.438,,
WEST BENGAL,Birbhum,BOLPUR-SRINIKETAN,23,107.479,0.3457,1.863,29.273,58.277,19.929,,
WEST BENGAL,Purba Bardhaman,AUSGRAM-I,28,126.678,0.2597,3.296,53.632,56.958,16.087,,
WEST BENGAL,Purba Bardhaman,BHATAR,33,149.584,0.3757,2.815,39.704,79.461,30.419,,
WEST BENGAL,Purba Bardhaman,MANGOLKOTE,14,91.527,0.2601,0.318,33.416,43.129,14.982,,
WEST BENGAL,Birbhum,NANOOR,11,74.617,0.2446,2.313,14.39,38.511,21.716,,
WEST BENGAL,Birbhum,LABPUR,12,60.244,0.233,1.372,22.608,37.636,0.0,,
WEST BENGAL,Purba Bardhaman,KETUGRAM_I,11,50.264,0.2682,0.525,9.161,29.947,11.156,,
WEST BENGAL,Murshidabad,BHARATPUR-II,9,52.089,0.341,0.735,13.304,30.57,8.215,,
WEST BENGAL,Purba Bardhaman,KETUGRAM-II,2,6.187,0.0405,2.625,3.485,2.702,0.0,,
WEST BENGAL,Nadia,KALIGANJ,0,0.0,0.0,11.898,0.0,0.0,0.0,,
WEST BENGAL,Purba Bardhaman,KATWA-II,2,17.161,0.1092,1.663,4.323,12.838,0.0,,
WEST BENGAL,Purba Bardhaman,KATWA-I,6,30.571,0.1774,0.421,10.254,16.933,3.385,,
WEST BENGAL,Purba Bardhaman,MANTESWAR,10,69.318,0.2341,1.033,11.915,28.769,28.635,,
WEST BENGAL,Purba Bardhaman,MEMARI-1,9,60.269,0.3169,1.36,57.774,2.495,0.0,,
WEST BENGAL,Purba Bardhaman,MEMARI-II,18,77.806,0.4226,0.004,26.414,32.311,19.081,,
WEST BENGAL,Purba Bardhaman,BURDWAN-II,12,44.022,0.2434,1.175,17.945,24.734,1.342,,
WEST BENGAL,Purba Bardhaman,BURDWAN-I,25,98.664,0.3925,1.511,35.891,51.255,11.518,,
WEST BENGAL,Purba Bardhaman,RAINA-I,13,71.458,0.2881,0.01,4.092,67.367,0.0,,
WEST BENGAL,Purba Bardhaman,JAMAL PUR,8,46.438,0.1835,2.918,33.211,10.177,3.05,,
WEST BENGAL,Purba Bardhaman,RAINA-II,12,59.29,0.2651,0.385,4.008,55.283,0.0,,
WEST BENGAL,Hooghly,DHANIAKHALI,10,62.075,0.2357,0.385,15.452,0.0,46.623,,
WEST BENGAL,Hooghly,PANDUA,10,78.964,0.2831,1.749,44.4,29.26,5.304,,
WEST BENGAL,Hooghly,POLBA-DADPUR,12,55.538,0.2017,0.56,0.456,11.689,43.393,,
WEST BENGAL,Hooghly,HARIPAL,9,44.978,0.2534,1.656,9.768,0.0,35.209,,
WEST BENGAL,Hooghly,JANGIPARA,4,26.604,0.1683,2.837,17.847,0.0,8.757,,
WEST BENGAL,Hooghly,CHANDITALA-I,5,17.674,0.1974,2.567,0.0,0.0,17.674,,
WEST BENGAL,Hooghly,CHANDITALA-II,1,0.215,0.0032,3.736,0.0,0.0,0.215,,
WEST BENGAL,Howrah,DOMJUR,0,0.0,0.0,9.218,0.0,0.0,0.0,,
WEST BENGAL,Howrah,SANKRAIL,0,0.0,0.0,17.051,0.0,0.0,0.0,,
WEST BENGAL,24 Paraganas South,THAKURPUKUR MAHESTOLA,0,0.0,0.0,25.62,0.0,0.0,0.0,,
WEST BENGAL,24 Paraganas South,BUDGE BUDGE-I,0,0.0,0.0,25.638,0.0,0.0,0.0,,
WEST BENGAL,Howrah,ULUBERIA-I,0,0.0,0.0,15.568,0.0,0.0,0.0,,
WEST BENGAL,Howrah,ULUBERIA-II,0,0.0,0.0,17.83,0.0,0.0,0.0,,
WEST BENGAL,Howrah,PANCHLA,0,0.0,0.0,15.419,0.0,0.0,0.0,,
WEST BENGAL,Howrah,JAGATBALLAVPUR,0,0.0,0.0,10.351,0.0,0.0,0.0,,
WEST BENGAL,Howrah,AMTA-I,0,0.0,0.0,4.318,0.0,0.0,0.0,,
WEST BENGAL,Howrah,BAGNAN-II,0,0.0,0.0,6.392,0.0,0.0,0.0,,
WEST BENGAL,Howrah,BAGNAN-I,0,0.0,0.0,9.004,0.0,0.0,0.0,,
WEST BENGAL,Medinipur East,KOLAGHAT,7,29.989,0.2056,2.737,12.667,3.844,13.478,,
WEST BENGAL,Howrah,AMTA-II,0,0.0,0.0,11.741,0.0,0.0,0.0,,
WEST BENGAL,Hooghly,KHANAKUL-II,0,0.0,0.0,14.085,0.0,0.0,0.0,,
WEST BENGAL,Hooghly,KHANAKUL-I,0,0.0,0.0,14.03,0.0,0.0,0.0,,
WEST BENGAL,Howrah,UDAYNARAYANPUR,1,4.58,0.043,3.521,4.58,0.0,0.0,,
WEST BENGAL,Hooghly,TARAKESWAR,7,32.135,0.2796,0.432,21.2,0.0,10.935,,
WEST BENGAL,Hooghly,PURSURAH,0,0.0,0.0,2.917,0.0,0.0,0.0,,
WEST BENGAL,Hooghly,ARAMBAGH,2,9.945,0.0349,5.675,0.0,9.945,0.0,,
WEST BENGAL,Medinipur West,GHATAL,3,10.494,0.0471,3.394,3.515,0.0,6.979,,
WEST BENGAL,Medinipur West,CHANDRAKONA-I,6,34.257,0.1599,1.415,20.147,0.0,14.109,,
WEST BENGAL,Medinipur West,GARBETA-I,24,81.847,0.2339,1.431,24.216,45.926,11.705,,
WEST BENGAL,Medinipur West,GARBETA-III,17,50.778,0.1683,4.182,19.667,26.036,5.075,,
WEST BENGAL,Medinipur West,CHANDRAKONA-II,3,11.597,0.0702,0.298,7.975,3.622,0.0,,
WEST BENGAL,Medinipur West,KESHPUR,17,48.524,0.1036,2.215,18.17,28.035,2.318,,
WEST BENGAL,Medinipur West,DEBRA,26,100.511,0.3045,0.94,14.617,29.36,56.534,,
WEST BENGAL,Medinipur West,DASPUR-I,0,0.0,0.0,11.699,0.0,0.0,0.0,,
WEST BENGAL,Medinipur West,DASPUR-II,0,0.0,0.0,13.463,0.0,0.0,0.0,,
WEST BENGAL,Medinipur East,PANSKURA-I,5,38.653,0.1611,0.252,13.304,15.976,9.373,,
WEST BENGAL,Medinipur East,MOYNA,0,0.0,0.0,8.731,0.0,0.0,0.0,,
WEST BENGAL,Medinipur West,SABANG,1,1.55,0.0052,7.529,0.0,0.0,1.55,,
WEST BENGAL,Medinipur West,PINGLA,22,84.432,0.3818,0.49,0.0,9.112,75.32,,
WEST BENGAL,Medinipur West,KHARAGPUR-II,37,139.871,0.5398,0.879,37.504,70.383,31.985,,
WEST BENGAL,Medinipur West,NARAYANGARH,5,28.646,0.0581,7.554,8.688,14.007,5.95,,
WEST BENGAL,Medinipur West,DANTAN-II,0,0.0,0.0,21.946,0.0,0.0,0.0,,
WEST BENGAL,Medinipur East,PATASHPUR-II,0,0.0,0.0,26.257,0.0,0.0,0.0,,
WEST BENGAL,Medinipur East,PATASHPUR-I,0,0.0,0.0,18.425,0.0,0.0,0.0,,
WEST BENGAL,Medinipur East,BHAGAWANPUR-I,0,0.0,0.0,18.879,0.0,0.0,0.0,,
WEST BENGAL,Medinipur East,BHAGAWANPUR-II,0,0.0,0.0,29.433,0.0,0.0,0.0,,
WEST BENGAL,Medinipur East,KHEJURI-I,0,0.0,0.0,37.547,0.0,0.0,0.0,,
WEST BENGAL,Medinipur East,NANDIGRAM-II,0,0.0,0.0,29.265,0.0,0.0,0.0,,
WEST BENGAL,Medinipur East,NANDIGRAM-I,0,0.0,0.0,36.674,0.0,0.0,0.0,,
WEST BENGAL,Medinipur East,CHANDIPUR,0,0.0,0.0,22.071,0.0,0.0,0.0,,
WEST BENGAL,Medinipur East,NANDAKUMAR,0,0.0,0.0,11.83,0.0,0.0,0.0,,
WEST BENGAL,Medinipur East,TAMLUK,2,9.16,0.0691,2.412,0.0,0.263,8.897,,
WEST BENGAL,Medinipur East,SHAHID MATANGINI,3,12.22,0.1128,0.451,0.0,9.469,2.751,,
WEST BENGAL,Howrah,SHYAMPUR-II,0,0.0,0.0,8.002,0.0,0.0,0.0,,
WEST BENGAL,Howrah,SHYAMPUR-I,0,0.0,0.0,15.048,0.0,0.0,0.0,,
WEST BENGAL,Medinipur East,MAHISHADAL,0,0.0,0.0,23.042,0.0,0.0,0.0,,
WEST BENGAL,24 Paraganas South,DIAMOND HARBOUR-II,0,0.0,0.0,26.749,0.0,0.0,0.0,,
WEST BENGAL,24 Paraganas South,BUDGE BUDGE-II,0,0.0,0.0,23.45,0.0,0.0,0.0,,
WEST BENGAL,24 Paraganas South,FALTA,0,0.0,0.0,26.38,0.0,0.0,0.0,,
WEST BENGAL,24 Paraganas South,BISHNUPUR-II,0,0.0,0.0,29.947,0.0,0.0,0.0,,
WEST BENGAL,24 Paraganas South,DIAMOND HARBOUR-I,0,0.0,0.0,36.188,0.0,0.0,0.0,,
WEST BENGAL,24 Paraganas South,KULPI,0,0.0,0.0,49.15,0.0,0.0,0.0,,
WEST BENGAL,Medinipur East,SUTAHATA,0,0.0,0.0,34.067,0.0,0.0,0.0,,
WEST BENGAL,Medinipur East,HALDIA,0,0.0,0.0,32.066,0.0,0.0,0.0,,
WEST BENGAL,24 Paraganas South,MANDIRBAZAR,0,0.0,0.0,47.654,0.0,0.0,0.0,,
WEST BENGAL,24 Paraganas South,MATHURAPUR I,0,0.0,0.0,53.617,0.0,0.0,0.0,,
WEST BENGAL,24 Paraganas South,JAYNAGAR-II,0,0.0,0.0,65.829,0.0,0.0,0.0,,
WEST BENGAL,24 Paraganas South,MATHURAPUR-II,0,0.0,0.0,68.029,0.0,0.0,0.0,,
WEST BENGAL,24 Paraganas South,CANNING-I,0,0.0,0.0,63.716,0.0,0.0,0.0,,
WEST BENGAL,24 Paraganas South,BARUIPUR,0,0.0,0.0,48.225,0.0,0.0,0.0,,
WEST BENGAL,24 Paraganas South,JAYNAGAR-I,0,0.0,0.0,60.673,0.0,0.0,0.0,,
WEST BENGAL,24 Paraganas South,MAGRA HAT-II,0,0.0,0.0,47.58,0.0,0.0,0.0,,
WEST BENGAL,24 Paraganas South,MAGRA HAT-I,0,0.0,0.0,39.257,0.0,0.0,0.0,,
WEST BENGAL,24 Paraganas South,BISHNUPUR-I,0,0.0,0.0,35.718,0.0,0.0,0.0,,
WEST BENGAL,24 Paraganas South,SONARPUR,0,0.0,0.0,36.651,0.0,0.0,0.0,,
WEST BENGAL,24 Paraganas North,RAJARHAT,0,0.0,0.0,28.498,0.0,0.0,0.0,,
WEST BENGAL,Kolkata,Township Area,0,0.0,0.0,24.177,0.0,0.0,0.0,,
WEST BENGAL,Howrah,Township Area,0,0.0,0.0,16.029,0.0,0.0,0.0,,
WEST BENGAL,Howrah,BALLY-JAGACHA,0,0.0,0.0,12.59,0.0,0.0,0.0,,
WEST BENGAL,Hooghly,SIRAMPUR-UTTARPARA,0,0.0,0.0,9.72,0.0,0.0,0.0,,
WEST BENGAL,Hooghly,SINGUR,5,18.248,0.0954,1.305,0.0,0.0,18.248,,
WEST BENGAL,24 Paraganas North,AMDANGA,0,0.0,0.0,18.475,0.0,0.0,0.0,,
WEST BENGAL,24 Paraganas North,BARRACKPUR-II,0,0.0,0.0,18.33,0.0,0.0,0.0,,
WEST BENGAL,24 Paraganas North,BARASAT-II,0,0.0,0.0,31.984,0.0,0.0,0.0,,
WEST BENGAL,24 Paraganas North,BARASAT-I,0,0.0,0.0,26.379,0.0,0.0,0.0,,
WEST BENGAL,24 Paraganas North,HABRA-II,0,0.0,0.0,26.824,0.0,0.0,0.0,,
WEST BENGAL,24 Paraganas North,HABRA-I,0,0.0,0.0,37.034,0.0,0.0,0.0,,
WEST BENGAL,24 Paraganas North,DEGANGA,0,0.0,0.0,39.281,0.0,0.0,0.0,,
WEST BENGAL,24 Paraganas North,HAROA,0,0.0,0.0,48.88,0.0,0.0,0.0,,
WEST BENGAL,24 Paraganas South,BHANGAR-II,0,0.0,0.0,39.716,0.0,0.0,0.0,,
WEST BENGAL,24 Paraganas South,BHANGAR-I,0,0.0,0.0,44.336,0.0,0.0,0.0,,
WEST BENGAL,24 Paraganas South,CANNING-II,0,0.0,0.0,56.578,0.0,0.0,0.0,,
WEST BENGAL,24 Paraganas North,MINAKHAN,0,0.0,0.0,55.46,0.0,0.0,0.0,,
WEST BENGAL,24 Paraganas North,SANDESHKHALI-I,0,0.0,0.0,68.046,0.0,0.0,0.0,,
WEST BENGAL,24 Paraganas North,HASNABAD,0,0.0,0.0,70.117,0.0,0.0,0.0,,
WEST BENGAL,24 Paraganas North,BASIRHAT-II,0,0.0,0.0,55.079,0.0,0.0,0.0,,
WEST BENGAL,24 Paraganas North,BADURIA,0,0.0,0.0,47.988,0.0,0.0,0.0,,
WEST BENGAL,24 Paraganas North,SWARUPNAGAR,0,0.0,0.0,54.752,0.0,0.0,0.0,,
WEST BENGAL,24 Paraganas North,BASIRHAT-I,0,0.0,0.0,62.648,0.0,0.0,0.0,,
WEST BENGAL,24 Paraganas North,HINGALGANJ,0,0.0,0.0,87.976,0.0,0.0,0.0,,
WEST BENGAL,24 Paraganas North,SANDESHKHALI-II,0,0.0,0.0,78.193,0.0,0.0,0.0,,
WEST BENGAL,24 Paraganas South,BASANTI,0,0.0,0.0,82.211,0.0,0.0,0.0,,
WEST BENGAL,24 Paraganas North,GAIGHATA,0,0.0,0.0,41.402,0.0,0.0,0.0,,
WEST BENGAL,24 Paraganas North,BONGAON,0,0.0,0.0,39.788,0.0,0.0,0.0,,
WEST BENGAL,24 Paraganas North,BAGDA,0,0.0,0.0,46.541,0.0,0.0,0.0,,
WEST BENGAL,Nadia,RANAGHAT-I,0,0.0,0.0,22.732,0.0,0.0,0.0,,
WEST BENGAL,Nadia,RANAGHAT-II,0,0.0,0.0,29.796,0.0,0.0,0.0,,
WEST BENGAL,Nadia,HARINGHATA,0,0.0,0.0,21.511,0.0,0.0,0.0,,
WEST BENGAL,Nadia,CHAKDAH,0,0.0,0.0,23.406,0.0,0.0,0.0,,
WEST BENGAL,24 Paraganas North,BARRACKPUR-I,0,0.0,0.0,11.561,0.0,0.0,0.0,,
WEST BENGAL,Hooghly,CHINSURAH-MAGRAH,3,9.02,0.0943,5.037,7.382,1.638,0.0,,
WEST BENGAL,Purba Bardhaman,KALNA II,1,2.919,0.0176,5.764,2.919,0.0,0.0,,
WEST BENGAL,Hooghly,BALAGARH,2,1.967,0.0096,7.482,0.388,1.579,0.0,,
WEST BENGAL,Nadia,SANTIPUR,0,0.0,0.0,12.466,0.0,0.0,0.0,,
WEST BENGAL,Purba Bardhaman,KALNA-I,5,26.37,0.1563,3.699,1.632,21.621,3.117,,
WEST BENGAL,Purba Bardhaman,PURBASTHALI-I,0,0.0,0.0,6.845,0.0,0.0,0.0,,
WEST BENGAL,Purba Bardhaman,PURBASTHALI-II,0,0.0,0.0,11.177,0.0,0.0,0.0,,
WEST BENGAL,Nadia,KRISHNAGAR-II,0,0.0,0.0,22.155,0.0,0.0,0.0,,
WEST BENGAL,Nadia,NABADWIP,0,0.0,0.0,12.072,0.0,0.0,0.0,,
WEST BENGAL,Nadia,KRISHNAGAR-I,0,0.0,0.0,20.763,0.0,0.0,0.0,,
WEST BENGAL,Nadia,HANSKHALI,0,0.0,0.0,34.169,0.0,0.0,0.0,,
WEST BENGAL,Nadia,KRISHNAGANJ,0,0.0,0.0,45.058,0.0,0.0,0.0,,
WEST BENGAL,Nadia,CHAPRA,0,0.0,0.0,37.386,0.0,0.0,0.0,,
WEST BENGAL,Nadia,TEHATTA-I,0,0.0,0.0,34.695,0.0,0.0,0.0,,
WEST BENGAL,Nadia,TEHATTA-II,0,0.0,0.0,22.448,0.0,0.0,0.0,,
WEST BENGAL,Nadia,NAKASHIPARA,0,0.0,0.0,19.598,0.0,0.0,0.0,,
WEST BENGAL,Murshidabad,BERHAMPORE,0,0.0,0.0,20.74,0.0,0.0,0.0,,
WEST BENGAL,Murshidabad,HARIHARPARA,0,0.0,0.0,33.53,0.0,0.0,0.0,,
WEST BENGAL,Murshidabad,NAWDA,0,0.0,0.0,26.093,0.0,0.0,0.0,,
WEST BENGAL,Nadia,KARIMPUR-1,0,0.0,0.0,55.293,0.0,0.0,0.0,,
WEST BENGAL,Nadia,KARIMPUR-II,0,0.0,0.0,42.196,0.0,0.0,0.0,,
WEST BENGAL,Murshidabad,DOMKAL,0,0.0,0.0,50.7,0.0,0.0,0.0,,
WEST BENGAL,Murshidabad,JALANGI,0,0.0,0.0,63.355,0.0,0.0,0.0,,
WEST BENGAL,Murshidabad,RANINAGAR-II,0,0.0,0.0,54.531,0.0,0.0,0.0,,
WEST BENGAL,Murshidabad,BHAGABANGOLA-II,0,0.0,0.0,35.485,0.0,0.0,0.0,,
WEST BENGAL,Murshidabad,RANINAGAR-I,0,0.0,0.0,40.718,0.0,0.0,0.0,,
WEST BENGAL,Murshidabad,MURSHIDABAD-JIAGUNJ,0,0.0,0.0,27.5,0.0,0.0,0.0,,
WEST BENGAL,Murshidabad,BHAGAWANGOLA-I,0,0.0,0.0,26.069,0.0,0.0,0.0,,
MEGHALAYA,South West Garo Hills,ZIKZAK,0,0.0,0.0,111.623,0.0,0.0,0.0,,
ASSAM,South Salmara Mancachar,MANKACHAR,0,0.0,0.0,95.752,0.0,0.0,0.0,,
MEGHALAYA,South West Garo Hills,BETASING,0,0.0,0.0,100.463,0.0,0.0,0.0,,
WEST BENGAL,Dinajpur Dakshin,KUMARGANJ,0,0.0,0.0,85.461,0.0,0.0,0.0,,
WEST BENGAL,Dinajpur Dakshin,BALURGHAT,0,0.0,0.0,99.154,0.0,0.0,0.0,,
WEST BENGAL,Dinajpur Dakshin,HILI,0,0.0,0.0,109.641,0.0,0.0,0.0,,
WEST BENGAL,Maldah,HABIBPUR,0,0.0,0.0,45.143,0.0,0.0,0.0,,
WEST BENGAL,Maldah,BAMONGOLA,0,0.0,0.0,64.25,0.0,0.0,0.0,,
WEST BENGAL,Dinajpur Dakshin,BANSIHARI,0,0.0,0.0,64.716,0.0,0.0,0.0,,
WEST BENGAL,Dinajpur Dakshin,TAPAN,0,0.0,0.0,82.434,0.0,0.0,0.0,,
WEST BENGAL,Dinajpur Dakshin,GANGARAMPUR,0,0.0,0.0,72.778,0.0,0.0,0.0,,
WEST BENGAL,Dinajpur Dakshin,KUSHMANDI,0,0.0,0.0,55.152,0.0,0.0,0.0,,
WEST BENGAL,Dinajpur Uttar,KALIAGANJ,0,0.0,0.0,41.565,0.0,0.0,0.0,,
WEST BENGAL,Dinajpur Uttar,HEMTABAD,0,0.0,0.0,29.912,0.0,0.0,0.0,,
WEST BENGAL,Dinajpur Uttar,RAIGANJ,0,0.0,0.0,25.562,0.0,0.0,0.0,,
WEST BENGAL,Dinajpur Dakshin,HARIRAMPUR,0,0.0,0.0,54.775,0.0,0.0,0.0,,
WEST BENGAL,Dinajpur Uttar,ITAHAR,0,0.0,0.0,45.38,0.0,0.0,0.0,,
WEST BENGAL,Maldah,CHANCHAL-I,0,0.0,0.0,37.01,0.0,0.0,0.0,,
WEST BENGAL,Maldah,CHANCHAL-II,0,0.0,0.0,32.199,0.0,0.0,0.0,,
WEST BENGAL,Maldah,HARISHCHANDRAPUR-II,0,0.0,0.0,17.446,0.0,0.0,0.0,,
WEST BENGAL,Maldah,HARISHCHANDRAPUR-I,0,0.0,0.0,31.286,0.0,0.0,0.0,,
BIHAR,Katihar,AZAMNAGAR,0,0.0,0.0,21.248,0.0,0.0,0.0,,
BIHAR,Katihar,BARSOI,0,0.0,0.0,32.817,0.0,0.0,0.0,,
BIHAR,Katihar,KADWA,0,0.0,0.0,13.732,0.0,0.0,0.0,,
BIHAR,Katihar,PRANPUR,0,0.0,0.0,9.032,0.0,0.0,0.0,,
BIHAR,Katihar,HASANGANJ,5,14.453,0.2154,3.689,0.0,1.103,13.35,,
BIHAR,Katihar,DANDKHORA,3,2.285,0.0264,2.449,0.0,0.0,2.285,,
BIHAR,Katihar,KORHA,19,103.554,0.3603,0.532,17.758,20.371,65.426,,
BIHAR,Katihar,KATIHAR,8,35.32,0.331,0.647,0.0,16.687,18.633,,
BIHAR,Katihar,BARARI,3,12.148,0.0382,3.242,0.0,0.0,12.148,,
BIHAR,Bhagalpur,PIRPAINTI,4,28.994,0.09,1.403,10.352,18.642,0.0,,
JHARKHAND,Sahebganj,SAHIBGANJ,1,1.484,0.0099,6.207,1.484,0.0,0.0,,
BIHAR,Katihar,MANIHARI,2,1.913,0.0081,5.126,0.0,0.656,1.257,,
BIHAR,Katihar,MANSAHI,3,12.778,0.168,0.252,0.0,6.51,6.268,,
BIHAR,Katihar,AMDABAD,0,0.0,0.0,9.02,0.0,0.0,0.0,,
JHARKHAND,Sahebganj,TALJHARI,4,8.864,0.034,6.294,7.312,1.551,0.0,,
JHARKHAND,Sahebganj,MANDRO,1,0.546,0.0027,4.179,0.546,0.0,0.0,,
JHARKHAND,Godda,THAKURGANGTI,5,19.008,0.2332,0.718,15.413,3.595,0.0,,
JHARKHAND,Sahebganj,BORIO,1,7.536,0.0194,12.814,7.536,0.0,0.0,,
JHARKHAND,Sahebganj,BARHAIT,4,17.945,0.05,5.094,9.862,8.082,0.0,,
JHARKHAND,Godda,BOARIJOR,7,17.543,0.0473,5.772,14.306,3.237,0.0,,
JHARKHAND,Sahebganj,UDHWA,1,0.565,0.0061,5.219,0.565,0.0,0.0,,
JHARKHAND,Sahebganj,PATHNA,8,52.181,0.3047,1.49,33.611,18.57,0.0,,
JHARKHAND,Sahebganj,BARHARWA,7,31.643,0.1793,1.082,0.885,30.759,0.0,,
WEST BENGAL,Murshidabad,FARAKKA,1,13.753,0.1071,0.502,0.0,0.0,0.0,,
WEST BENGAL,Maldah,KALIACHAK-I,0,0.0,0.0,15.259,0.0,0.0,0.0,,
WEST BENGAL,Maldah,KALIACHAK-II,0,0.0,0.0,15.128,0.0,0.0,0.0,,
JHARKHAND,Sahebganj,RAJMAHAL,2,0.605,0.002,7.841,0.605,0.0,0.0,,
WEST BENGAL,Maldah,MANIKCHAK,0,0.0,0.0,18.294,0.0,0.0,0.0,,
WEST BENGAL,Maldah,RATUA-I,0,0.0,0.0,23.117,0.0,0.0,0.0,,
WEST BENGAL,Maldah,RATUA-II,0,0.0,0.0,31.484,0.0,0.0,0.0,,
WEST BENGAL,Maldah,GAZOLE,0,0.0,0.0,50.557,0.0,0.0,0.0,,
WEST BENGAL,Maldah,OLD MALDA,0,0.0,0.0,37.062,0.0,0.0,0.0,,
WEST BENGAL,Maldah,ENGLISH BAZAR,0,0.0,0.0,27.032,0.0,0.0,0.0,,
WEST BENGAL,Maldah,KALIACHAK-III,0,0.0,0.0,10.712,0.0,0.0,0.0,,
WEST BENGAL,Murshidabad,SHAMSHERGANJ,1,8.567,0.1108,4.417,0.0,0.0,0.0,,
JHARKHAND,Pakur,PAKUR,3,15.336,0.0726,1.549,13.518,1.818,0.0,,
WEST BENGAL,Murshidabad,SUTI-II,1,9.985,0.0934,1.444,0.0,0.0,0.0,,
WEST BENGAL,Murshidabad,SUTI-I,3,10.232,0.0734,2.175,0.0,0.785,3.976,,
WEST BENGAL,Birbhum,MURARAI-I,0,0.0,0.0,7.013,0.0,0.0,0.0,,
WEST BENGAL,Birbhum,MURARAI-II,10,42.911,0.2365,0.338,15.131,26.12,1.66,,
WEST BENGAL,Murshidabad,SAGARDIGHI,3,18.466,0.055,7.754,10.765,7.702,0.0,,
WEST BENGAL,Murshidabad,RAGHUNATHGANJ-I,5,11.752,0.0862,5.571,5.452,5.737,0.563,,
WEST BENGAL,Murshidabad,RAGHUNATHGANJ-II,0,0.0,0.0,10.27,0.0,0.0,0.0,,
WEST BENGAL,Murshidabad,LALGOLA,0,0.0,0.0,21.335,0.0,0.0,0.0,,
WEST BENGAL,Murshidabad,NABAGRAM,1,0.838,0.0028,7.83,0.0,0.0,0.838,,
WEST BENGAL,Murshidabad,BELDANGA-I,0,0.0,0.0,15.703,0.0,0.0,0.0,,
WEST BENGAL,Murshidabad,BELDANGA-II,0,0.0,0.0,9.009,0.0,0.0,0.0,,
WEST BENGAL,Murshidabad,BHARATPUR-I,1,12.248,0.0693,0.603,0.0,12.248,0.0,,
WEST BENGAL,Murshidabad,KANDI,1,1.946,0.0085,11.205,0.0,1.946,0.0,,
WEST BENGAL,Murshidabad,BURWAN,9,45.345,0.1682,1.058,9.724,32.437,3.183,,
WEST BENGAL,Birbhum,RAMPURHAT-II,12,41.914,0.2401,0.616,13.28,24.312,4.323,,
WEST BENGAL,Murshidabad,KHARGRAM,10,59.451,0.1946,0.843,15.614,31.558,12.278,,
WEST BENGAL,Birbhum,NALHATI-II,5,28.477,0.2673,0.958,0.0,5.193,23.284,,
WEST BENGAL,Birbhum,RAMPURHAT-I,14,85.334,0.3018,1.134,30.681,50.787,3.866,,
WEST BENGAL,Birbhum,MAYURESWAR-I,24,84.817,0.3929,0.753,15.943,42.898,25.975,,
WEST BENGAL,Birbhum,MAYURESWAR-II,8,40.405,0.2639,0.506,6.936,29.913,3.556,,
WEST BENGAL,Birbhum,SAINTHIA,30,108.021,0.3841,0.559,28.089,54.177,25.755,,
WEST BENGAL,Birbhum,MOHAMMAD BAZAR,11,67.583,0.2225,0.742,40.79,25.079,1.714,,
WEST BENGAL,Birbhum,SURI-II,24,70.421,0.4672,0.963,15.767,35.463,19.191,,
WEST BENGAL,Birbhum,SURI-I,10,30.74,0.1967,2.813,19.462,9.038,2.24,,
JHARKHAND,Dumka,SIKARIPARA,6,11.492,0.0267,8.458,6.827,4.665,0.0,,
JHARKHAND,Dumka,KATHIKUND,0,0.0,0.0,17.757,0.0,0.0,0.0,,
JHARKHAND,Dumka,GOPIKANDER,0,0.0,0.0,8.145,0.0,0.0,0.0,,
JHARKHAND,Pakur,PAKURIA,1,1.544,0.0057,8.907,1.544,0.0,0.0,,
WEST BENGAL,Birbhum,NALHATI-I,16,55.936,0.2346,0.688,20.923,15.774,19.239,,
JHARKHAND,Pakur,MAHESHPUR,10,27.127,0.0632,2.99,0.687,26.44,0.0,,
JHARKHAND,Pakur,HIRANPUR,4,49.794,0.3094,0.258,42.762,7.032,0.0,,
JHARKHAND,Pakur,LITTIPARA,3,41.462,0.104,2.661,41.462,0.0,0.0,,
JHARKHAND,Pakur,AMRAPARA,1,13.947,0.053,7.507,13.947,0.0,0.0,,
JHARKHAND,Godda,SUNDARPAHARI,0,0.0,0.0,19.536,0.0,0.0,0.0,,
JHARKHAND,Godda,PORAIYAHAT,7,32.64,0.0709,10.082,22.702,8.708,1.23,,
JHARKHAND,Godda,GODDA,9,52.83,0.1535,8.41,23.619,23.356,5.855,,
BIHAR,Banka,BAUSI,10,57.304,0.188,1.333,30.684,20.217,6.404,,
JHARKHAND,Dumka,SARAIYAHAT,2,11.564,0.0392,7.613,0.0,9.299,2.266,,
JHARKHAND,Dumka,JARMUNDI,0,0.0,0.0,15.463,0.0,0.0,0.0,,
JHARKHAND,Dumka,JAMA,0,0.0,0.0,27.045,0.0,0.0,0.0,,
JHARKHAND,Dumka,RAMGARH,0,0.0,0.0,29.679,0.0,0.0,0.0,,
JHARKHAND,Dumka,DUMKA,3,10.038,0.0275,15.431,8.278,1.76,0.0,,
JHARKHAND,Dumka,MASALIYA,0,0.0,0.0,15.768,0.0,0.0,0.0,,
JHARKHAND,Dumka,RANISHWAR,24,82.553,0.2532,0.197,33.054,49.499,0.0,,
WEST BENGAL,Birbhum,RAJNAGAR,0,0.0,0.0,6.929,0.0,0.0,0.0,,
JHARKHAND,Jamtara,KUNDHIT,23,103.534,0.3709,0.065,34.327,69.207,0.0,,
JHARKHAND,Jamtara,NALA,31,195.862,0.4809,0.193,114.307,69.076,12.48,,
JHARKHAND,Jamtara,FATEHPUR,3,15.275,0.0572,9.315,13.163,2.112,0.0,,
JHARKHAND,Deoghar,PALOJORI,0,0.0,0.0,11.744,0.0,0.0,0.0,,
JHARKHAND,Deoghar,SARATH,1,17.142,0.0557,4.45,17.142,0.0,0.0,,
JHARKHAND,Deoghar,KAROWN,0,0.0,0.0,11.267,0.0,0.0,0.0,,
JHARKHAND,Jamtara,KARMATANR VIDYASAGAR,0,0.0,0.0,11.302,0.0,0.0,0.0,,
JHARKHAND,Jamtara,JAMTARA,2,0.557,0.0016,10.856,0.0,0.557,0.0,,
JHARKHAND,Jamtara,NARAYANPUR,0,0.0,0.0,17.927,0.0,0.0,0.0,,
JHARKHAND,Dhanbad,PURVI TUNDI,1,3.903,0.0317,5.667,3.903,0.0,0.0,,
JHARKHAND,Dhanbad,GOVINDPUR,3,36.593,0.1232,2.41,26.064,10.529,0.0,,
JHARKHAND,Giridih,GANDEY,0,0.0,0.0,30.049,0.0,0.0,0.0,,
JHARKHAND,Deoghar,MARGOMUNDA,0,0.0,0.0,22.592,0.0,0.0,0.0,,
JHARKHAND,Deoghar,MADHUPUR,0,0.0,0.0,18.112,0.0,0.0,0.0,,
JHARKHAND,Deoghar,DEOGHAR,4,43.931,0.1307,0.339,40.248,3.684,0.0,,
JHARKHAND,Deoghar,DEVIPUR,0,0.0,0.0,10.611,0.0,0.0,0.0,,
JHARKHAND,Deoghar,SARWAN,2,11.376,0.0699,3.845,11.376,0.0,0.0,,
JHARKHAND,Deoghar,SONARAITHARI,2,9.182,0.0692,1.23,9.182,0.0,0.0,,
JHARKHAND,Deoghar,MOHANPUR,5,60.584,0.1727,0.24,26.518,33.623,0.444,,
BIHAR,Banka,KATORIA,1,4.218,0.0078,11.729,4.218,0.0,0.0,,
BIHAR,Banka,CHANDAN,3,4.954,0.0114,14.097,4.954,0.0,0.0,,
BIHAR,Banka,BELHAR,21,93.042,0.4066,0.32,58.555,6.253,28.233,,
BIHAR,Munger,TETIABAMBAR,3,5.287,0.0707,3.04,1.707,0.0,3.579,,
BIHAR,Munger,DHARHARA,2,26.401,0.0948,0.835,20.386,6.015,0.0,,
BIHAR,Munger,KHARAGPUR,13,57.786,0.1847,0.395,22.236,0.0,34.269,,
BIHAR,Munger,ASARGANJ,1,5.784,0.1017,1.185,5.784,0.0,0.0,,
BIHAR,Munger,TARAPUR,2,18.733,0.2743,1.674,10.658,8.075,0.0,,
BIHAR,Munger,SANGRAMPUR,5,27.697,0.3329,1.467,18.194,2.834,6.668,,
BIHAR,Banka,SHAMBHUGANJ,9,63.332,0.3697,0.403,24.912,28.241,10.179,,
BIHAR,Bhagalpur,SULTANGANJ,1,2.634,0.0126,7.305,0.0,2.634,0.0,,
BIHAR,Bhagalpur,SHAHKUND,1,4.799,0.0293,5.692,4.799,0.0,0.0,,
BIHAR,Banka,AMARPUR,8,40.348,0.2187,1.707,34.02,6.328,0.0,,
BIHAR,Banka,FULLIDUMAR,10,43.072,0.2203,3.55,17.032,26.041,0.0,,
BIHAR,Banka,BANKA,29,118.05,0.4101,0.497,60.158,46.841,11.052,,
BIHAR,Banka,BARAHAT,15,61.21,0.4287,0.213,22.908,34.685,3.618,,
BIHAR,Banka,DHURAIYA,5,31.992,0.1423,1.989,10.641,21.352,0.0,,
JHARKHAND,Godda,BASANTRAY,2,5.129,0.0572,3.156,0.0,3.785,1.344,,
JHARKHAND,Godda,PATHARGAMA,7,44.016,0.2865,1.665,17.804,22.466,3.746,,
JHARKHAND,Godda,MAHAGAMA,8,38.936,0.2511,0.181,18.136,20.8,0.0,,
JHARKHAND,Godda,MEHARMA,8,52.058,0.4081,1.149,30.171,21.887,0.0,,
BIHAR,Bhagalpur,SONHAULA,4,44.98,0.2672,0.087,15.987,28.992,0.0,,
BIHAR,Bhagalpur,SABOUR,1,1.395,0.0126,6.41,0.0,1.395,0.0,,
BIHAR,Bhagalpur,GORADIH,4,13.699,0.0981,5.006,4.479,9.219,0.0,,
BIHAR,Banka,RAJAUN,13,73.905,0.3871,0.545,20.02,53.886,0.0,,
BIHAR,Bhagalpur,JAGDISHPUR,0,0.0,0.0,9.162,0.0,0.0,0.0,,
BIHAR,Bhagalpur,NATHNAGAR,0,0.0,0.0,8.918,0.0,0.0,0.0,,
BIHAR,Bhagalpur,BIHPUR,0,0.0,0.0,14.487,0.0,0.0,0.0,,
BIHAR,Bhagalpur,KHARIK,0,0.0,0.0,15.871,0.0,0.0,0.0,,
BIHAR,Bhagalpur,NAUGACHHIA,0,0.0,0.0,12.736,0.0,0.0,0.0,,
BIHAR,Bhagalpur,ISMAILPUR,0,0.0,0.0,12.374,0.0,0.0,0.0,,
BIHAR,Bhagalpur,GOPALPUR,1,2.183,0.0133,5.442,2.183,0.0,0.0,,
BIHAR,Bhagalpur,Kahalgaon,14,81.451,0.2952,0.585,38.754,30.394,10.799,,
BIHAR,Katihar,KURSELA,0,0.0,0.0,6.587,0.0,0.0,0.0,,
BIHAR,Bhagalpur,RANGRACHOWK,0,0.0,0.0,7.074,0.0,0.0,0.0,,
BIHAR,Purnia,RUPOULI,9,29.782,0.1239,2.411,0.0,3.055,26.727,,
BIHAR,Katihar,SAMELI,5,21.586,0.2344,0.381,0.0,7.774,13.812,,
BIHAR,Katihar,FALKA,13,78.673,0.4847,0.477,0.0,19.658,59.016,,
BIHAR,Purnia,BHAWANIPUR,10,43.751,0.2781,0.423,0.0,7.175,36.575,,
BIHAR,Madhepura,PURANI,7,25.881,0.3221,0.593,0.0,3.834,22.047,,
BIHAR,Madhepura,CHAUSA,4,15.696,0.1166,2.1,0.0,3.59,12.106,,
BIHAR,Madhepura,UDAKISHUNGANJ,17,61.482,0.4199,0.043,0.0,21.389,40.093,,
BIHAR,Saharsa,SONBARSA,19,85.04,0.4142,1.964,0.0,18.539,66.501,,
BIHAR,Khagaria,BELDAUR,3,17.426,0.0807,3.185,0.0,6.999,10.427,,
BIHAR,Madhepura,ALAMNAGAR,7,32.984,0.1995,1.186,0.0,20.041,12.943,,
BIHAR,Bhagalpur,NARAYANPUR,0,0.0,0.0,17.389,0.0,0.0,0.0,,
BIHAR,Khagaria,PARBATTA,0,0.0,0.0,18.752,0.0,0.0,0.0,,
BIHAR,Khagaria,GOGRI,0,0.0,0.0,17.51,0.0,0.0,0.0,,
BIHAR,Munger,BARIYARPUR,0,0.0,0.0,8.674,0.0,0.0,0.0,,
BIHAR,Munger,JAMALPUR,2,14.716,0.1664,0.256,7.536,7.179,0.0,,
BIHAR,Khagaria,MANSI,0,0.0,0.0,17.558,0.0,0.0,0.0,,
BIHAR,Khagaria,CHAUTHAM,0,0.0,0.0,10.087,0.0,0.0,0.0,,
BIHAR,Saharsa,BANMA ITAHARI,2,2.167,0.03,4.727,0.0,0.0,2.167,,
BIHAR,Saharsa,SALKHUA,1,0.882,0.0051,6.822,0.0,0.882,0.0,,
BIHAR,Saharsa,SIMRI BAKHTIARPUR,8,36.974,0.1785,0.995,0.0,9.232,27.741,,
BIHAR,Saharsa,KAHARA,8,35.016,0.2552,0.289,0.0,9.458,25.557,,
BIHAR,Saharsa,NAUHATTA,2,12.994,0.0789,4.021,0.0,8.446,4.548,,
BIHAR,Supaul,SUPAUL,12,78.003,0.258,0.764,0.0,30.386,47.617,,
BIHAR,Saharsa,SATTAR KATTAIYA,8,57.068,0.4152,0.242,0.0,16.617,40.451,,
BIHAR,Madhepura,GHELARH,5,31.324,0.3478,0.575,0.0,25.517,5.807,,
BIHAR,Madhepura,SINGHESHWAR,19,41.771,0.4853,0.111,0.0,5.865,35.906,,
BIHAR,Madhepura,GAMHARIYA,12,48.094,0.4952,0.105,0.0,27.935,20.159,,
BIHAR,Supaul,PIPRA,28,93.676,0.4903,0.157,0.0,30.699,62.977,,
BIHAR,Madhepura,SHANKARPUR,15,55.5,0.5569,0.38,9.793,0.0,45.707,,
BIHAR,Madhepura,MADHEPURA,41,114.052,0.6185,0.015,0.0,16.854,97.199,,
BIHAR,Saharsa,SOUR BAZAR,11,57.299,0.3164,0.914,0.0,24.825,32.474,,
BIHAR,Saharsa,PATARGHAT,12,52.823,0.4544,0.366,0.0,0.987,51.836,,
BIHAR,Madhepura,GWALPARA,12,50.427,0.4406,0.82,1.092,27.443,21.892,,
BIHAR,Madhepura,BIHARIGANJ,11,39.934,0.3838,0.164,6.762,12.998,20.175,,
BIHAR,Madhepura,MURLIGANJ,45,127.446,0.6647,0.85,8.654,20.461,98.331,,
BIHAR,Purnia,BARHARA,15,88.998,0.3976,1.955,0.0,39.56,49.438,,
BIHAR,Purnia,DHAMDAHA,25,158.35,0.4558,0.209,0.0,40.615,117.734,,
BIHAR,Purnia,BANMANKHI,36,181.376,0.5084,0.114,28.741,66.635,86.001,,
BIHAR,Araria,RANIGANJ,67,304.532,0.6822,0.163,17.31,59.055,228.168,,
BIHAR,Araria,BHARGAMA,74,204.027,0.9404,0.536,17.194,47.672,139.16,,
BIHAR,Madhepura,KUMARKHAND,57,156.453,0.6374,0.389,13.729,28.739,113.984,,
BIHAR,Supaul,TRIBENIGANJ,46,201.611,0.6486,0.065,22.197,28.634,150.78,,
BIHAR,Supaul,PRATAPGANJ,14,60.328,0.5883,0.035,13.115,18.179,29.035,,
BIHAR,Supaul,CHHATAPUR,53,214.371,0.6968,1.246,10.458,81.882,122.031,,
BIHAR,Araria,NARPATGANJ,48,215.12,0.5783,3.285,35.458,75.739,103.923,,
BIHAR,Araria,FORBESGANJ,75,269.527,0.6388,0.425,51.89,64.395,153.241,,
BIHAR,Supaul,BASANTPUR,17,82.94,0.3377,0.703,26.84,27.621,28.479,,
BIHAR,Supaul,RAGHOPUR,26,107.759,0.5466,0.874,3.179,60.924,43.656,,
BIHAR,Supaul,SARAIGARH BHAPTIYAHI,11,50.425,0.2546,1.27,0.0,26.764,23.661,,
BIHAR,Supaul,NIRMALI,0,0.0,0.0,6.094,0.0,0.0,0.0,,
BIHAR,Madhubani,LAUKAHI,25,113.004,0.4461,0.173,4.825,21.279,86.901,,
BIHAR,Supaul,KISHANPUR,12,40.164,0.2093,1.206,0.0,22.679,17.485,,
BIHAR,Supaul,MARAUNA,0,0.0,0.0,9.704,0.0,0.0,0.0,,
BIHAR,Madhubani,GHOGHARDIHA,2,5.593,0.0343,2.484,0.0,5.593,0.0,,
BIHAR,Madhubani,LAUKAHA (KHUTAUNA),15,65.752,0.3213,2.211,21.579,19.797,24.376,,
SIKKIM,Gyalshing,YUKSOM,0,0.0,0.0,86.648,0.0,0.0,0.0,,
SIKKIM,Gyalshing,DENTAM,0,0.0,0.0,74.347,0.0,0.0,0.0,,
SIKKIM,Gyalshing,GYALSHING,0,0.0,0.0,79.046,0.0,0.0,0.0,,
SIKKIM,Soreng,DARAMDIN,0,0.0,0.0,60.126,0.0,0.0,0.0,,
SIKKIM,Soreng,KALUK,0,0.0,0.0,64.493,0.0,0.0,0.0,,
SIKKIM,Soreng,SORENG,0,0.0,0.0,54.549,0.0,0.0,0.0,,
SIKKIM,Soreng,Chumbong Chakung,0,0.0,0.0,55.598,0.0,0.0,0.0,,
WEST BENGAL,Darjeeling,DARJEELING-PULBAZAR,0,0.0,0.0,53.17,0.0,0.0,0.0,,
WEST BENGAL,Darjeeling,JORE BUNGLOW-SUKIAPOKHRI,0,0.0,0.0,36.927,0.0,0.0,0.0,,
WEST BENGAL,Darjeeling,MIRIK,0,0.0,0.0,27.046,0.0,0.0,0.0,,
WEST BENGAL,Darjeeling,NAXAL BARI,0,0.0,0.0,11.913,0.0,0.0,0.0,,
WEST BENGAL,Darjeeling,KHARIBARI,0,0.0,0.0,8.829,0.0,0.0,0.0,,
WEST BENGAL,Dinajpur Uttar,ISLAMPUR,12,67.568,0.1996,1.844,30.184,32.494,4.891,,
BIHAR,Kishanganj,POTHIA,0,0.0,0.0,6.057,0.0,0.0,0.0,,
BIHAR,Kishanganj,THAKURGANJ,0,0.0,0.0,16.902,0.0,0.0,0.0,,
BIHAR,Kishanganj,DIGHALBANK,0,0.0,0.0,32.897,0.0,0.0,0.0,,
BIHAR,Araria,SIKTY,0,0.0,0.0,18.923,0.0,0.0,0.0,,
BIHAR,Araria,KURSAKANTA,0,0.0,0.0,8.154,0.0,0.0,0.0,,
BIHAR,Araria,PALASI,0,0.0,0.0,16.471,0.0,0.0,0.0,,
BIHAR,Kishanganj,TERHAGACHH,0,0.0,0.0,27.826,0.0,0.0,0.0,,
BIHAR,Kishanganj,BAHADURGANJ,0,0.0,0.0,25.327,0.0,0.0,0.0,,
BIHAR,Kishanganj,KOCHADHAMAN,0,0.0,0.0,25.301,0.0,0.0,0.0,,
BIHAR,Purnia,BAISA,0,0.0,0.0,21.85,0.0,0.0,0.0,,
BIHAR,Purnia,AMOUR,0,0.0,0.0,9.403,0.0,0.0,0.0,,
BIHAR,Araria,JOKIHAT,4,18.885,0.0716,7.606,0.0,7.564,11.32,,
BIHAR,Araria,ARARIA,20,114.795,0.2931,1.714,9.869,52.983,51.943,,
BIHAR,Purnia,KASBA,10,46.94,0.2812,0.548,0.0,18.852,28.088,,
BIHAR,Purnia,JALALGARH,8,43.068,0.3911,0.454,0.0,23.169,19.899,,
BIHAR,Purnia,SRINAGAR,5,41.765,0.3124,0.055,0.0,19.539,22.226,,
BIHAR,Purnia,KRITYANAND NAGAR,23,114.768,0.4054,1.196,25.821,12.003,76.944,,
BIHAR,Purnia,PURNIA EAST,7,54.735,0.2276,0.053,0.0,22.34,32.395,,
BIHAR,Purnia,DAGRAUA,7,37.582,0.1879,0.815,0.0,0.0,37.582,,
BIHAR,Purnia,BAISI,0,0.0,0.0,8.915,0.0,0.0,0.0,,
BIHAR,Katihar,BALRAMPUR,0,0.0,0.0,16.902,0.0,0.0,0.0,,
WEST BENGAL,Dinajpur Uttar,KARANDIGHI,1,0.874,0.0026,14.755,0.874,0.0,0.0,,
BIHAR,Kishanganj,KISHANGANJ,0,0.0,0.0,12.489,0.0,0.0,0.0,,
WEST BENGAL,Dinajpur Uttar,GOALPOKHAR II,1,0.294,0.001,10.92,0.294,0.0,0.0,,
WEST BENGAL,Dinajpur Uttar,GOALPOKHAR-I,1,26.59,0.0782,2.416,26.59,0.0,0.0,,
WEST BENGAL,Dinajpur Uttar,CHOPRA,20,88.119,0.2425,0.152,24.268,46.637,11.312,,
WEST BENGAL,Darjeeling,PHANSIDEWA,16,84.842,0.2784,2.801,19.989,44.409,19.773,,
WEST BENGAL,Jalpaiguri,RAJGANJ,40,180.133,0.2926,0.289,49.926,54.239,75.969,,
WEST BENGAL,Jalpaiguri,JALPAIGURI,14,108.575,0.2203,0.034,0.0,53.359,55.217,,
WEST BENGAL,Coochbehar,HALDIBARI,1,1.135,0.0082,6.482,0.0,1.135,0.0,,
WEST BENGAL,Jalpaiguri,MAYNAGURI,2,6.182,0.0139,11.015,4.308,1.874,0.0,,
WEST BENGAL,Alipurduar,FALAKATA,0,0.0,0.0,27.783,0.0,0.0,0.0,,
WEST BENGAL,Coochbehar,MATHABHANGA-I,0,0.0,0.0,33.261,0.0,0.0,0.0,,
WEST BENGAL,Coochbehar,MEKLIGANJ,0,0.0,0.0,8.326,0.0,0.0,0.0,,
WEST BENGAL,Coochbehar,SITAI,0,0.0,0.0,60.542,0.0,0.0,0.0,,
WEST BENGAL,Coochbehar,DINHATA-I,0,0.0,0.0,67.861,0.0,0.0,0.0,,
WEST BENGAL,Coochbehar,DINHATA-II,0,0.0,0.0,67.495,0.0,0.0,0.0,,
ASSAM,South Salmara Mancachar,FEKAMARI,0,0.0,0.0,82.676,0.0,0.0,0.0,,
MEGHALAYA,West Garo Hills,SALSELLA,0,0.0,0.0,75.969,0.0,0.0,0.0,,
ASSAM,South Salmara Mancachar,SOUTH SALMARA,0,0.0,0.0,61.772,0.0,0.0,0.0,,
ASSAM,Dhubri,GAURIPUR,0,0.0,0.0,53.2,0.0,0.0,0.0,,
ASSAM,Dhubri,DEBITOLA,0,0.0,0.0,38.063,0.0,0.0,0.0,,
ASSAM,Dhubri,BIRSHING-JARUA,0,0.0,0.0,38.955,0.0,0.0,0.0,,
ASSAM,Dhubri,RUPSHI,0,0.0,0.0,46.754,0.0,0.0,0.0,,
WEST BENGAL,Coochbehar,TUFANGANJ-II,0,0.0,0.0,38.916,0.0,0.0,0.0,,
ASSAM,Dhubri,HATIDHURA,0,0.0,0.0,28.295,0.0,0.0,0.0,,
ASSAM,Dhubri,AGOMANI,0,0.0,0.0,42.977,0.0,0.0,0.0,,
ASSAM,Dhubri,GOLAKGANJ,0,0.0,0.0,38.722,0.0,0.0,0.0,,
ASSAM,Kokrajhar,Gossaigaon,0,0.0,0.0,25.94,0.0,0.0,0.0,,
ASSAM,Kokrajhar,Kachugaon,0,0.0,0.0,13.641,0.0,0.0,0.0,,
WEST BENGAL,Alipurduar,KUMARGRAM,0,0.0,0.0,32.0,0.0,0.0,0.0,,
WEST BENGAL,Alipurduar,ALIPURDUAR-I,0,0.0,0.0,60.961,0.0,0.0,0.0,,
WEST BENGAL,Alipurduar,ALIPURDUAR-II,0,0.0,0.0,45.098,0.0,0.0,0.0,,
WEST BENGAL,Coochbehar,TUFANGANJ-I,0,0.0,0.0,52.785,0.0,0.0,0.0,,
WEST BENGAL,Coochbehar,COOCHBEHAR I,0,0.0,0.0,60.338,0.0,0.0,0.0,,
WEST BENGAL,Coochbehar,COOCH BEHAR II,0,0.0,0.0,61.199,0.0,0.0,0.0,,
WEST BENGAL,Coochbehar,SITALKUCHI,0,0.0,0.0,43.957,0.0,0.0,0.0,,
WEST BENGAL,Coochbehar,MATHABHANGA II,0,0.0,0.0,43.555,0.0,0.0,0.0,,
WEST BENGAL,Alipurduar,MADARIHAT,0,0.0,0.0,33.529,0.0,0.0,0.0,,
WEST BENGAL,Alipurduar,KALCHINI,0,0.0,0.0,53.211,0.0,0.0,0.0,,
SIKKIM,Pakyong,REGHU,0,0.0,0.0,52.122,0.0,0.0,0.0,,
WEST BENGAL,Jalpaiguri,DHUPGURI,0,0.0,0.0,15.564,0.0,0.0,0.0,,
WEST BENGAL,Jalpaiguri,NAGRAKATA,0,0.0,0.0,15.455,0.0,0.0,0.0,,
WEST BENGAL,Jalpaiguri,MATIALI,0,0.0,0.0,18.002,0.0,0.0,0.0,,
WEST BENGAL,Kalimpong,GORUBATHAN,0,0.0,0.0,31.15,0.0,0.0,0.0,,
WEST BENGAL,Kalimpong,KALIMPONG-II,0,0.0,0.0,36.41,0.0,0.0,0.0,,
WEST BENGAL,Kalimpong,KALIMPONG-I,0,0.0,0.0,27.376,0.0,0.0,0.0,,
WEST BENGAL,Jalpaiguri,MAL,5,46.991,0.0761,4.137,25.646,21.345,0.0,,
WEST BENGAL,Darjeeling,MATIGARA,0,0.0,0.0,17.413,0.0,0.0,0.0,,
WEST BENGAL,Darjeeling,KURSEONG,0,0.0,0.0,23.54,0.0,0.0,0.0,,
SIKKIM,Namchi,SUMBUK,0,0.0,0.0,41.004,0.0,0.0,0.0,,
WEST BENGAL,Darjeeling,RANGLI RANGLIOT,0,0.0,0.0,38.905,0.0,0.0,0.0,,
SIKKIM,Namchi,Wok,0,0.0,0.0,58.806,0.0,0.0,0.0,,
SIKKIM,Gyalshing,Arithang Chongrang,0,0.0,0.0,71.345,0.0,0.0,0.0,,
SIKKIM,Namchi,YANGANG,0,0.0,0.0,64.974,0.0,0.0,0.0,,
SIKKIM,Gangtok,RAKDONG TINTEK,0,0.0,0.0,62.901,0.0,0.0,0.0,,
SIKKIM,Gangtok,KHAMDONG,0,0.0,0.0,57.176,0.0,0.0,0.0,,
SIKKIM,Namchi,TEMI,0,0.0,0.0,52.168,0.0,0.0,0.0,,
SIKKIM,Namchi,NAMCHI,0,0.0,0.0,47.106,0.0,0.0,0.0,,
SIKKIM,Gangtok,DUGA,0,0.0,0.0,49.456,0.0,0.0,0.0,,
SIKKIM,Pakyong,RHENOCK,0,0.0,0.0,47.88,0.0,0.0,0.0,,
SIKKIM,Pakyong,PAKYONG,0,0.0,0.0,54.158,0.0,0.0,0.0,,
SIKKIM,Gangtok,NANDOK,0,0.0,0.0,63.198,0.0,0.0,0.0,,
SIKKIM,Gangtok,RANKA,0,0.0,0.0,61.898,0.0,0.0,0.0,,
SIKKIM,Mangan,KABI TINGDA,0,0.0,0.0,72.295,0.0,0.0,0.0,,
SIKKIM,Mangan,MANGAN,0,0.0,0.0,77.4,0.0,0.0,0.0,,
SIKKIM,Namchi,RAVANGLA,0,0.0,0.0,73.179,0.0,0.0,0.0,,
SIKKIM,Mangan,Passingdang,0,0.0,0.0,86.831,0.0,0.0,0.0,,
SIKKIM,Mangan,CHUNGTHANG,0,0.0,0.0,115.845,0.0,0.0,0.0,,
BIHAR,Sitamarhi,SONBARSA,0,0.0,0.0,30.365,0.0,0.0,0.0,,
BIHAR,Sitamarhi,PARIHAR,0,0.0,0.0,26.885,0.0,0.0,0.0,,
BIHAR,Madhubani,BABU BARHI,13,63.748,0.3496,0.472,22.894,8.615,32.239,,
BIHAR,Madhubani,LADANIA,7,19.132,0.1071,5.274,9.761,7.948,1.423,,
BIHAR,Madhubani,JAINAGAR,10,43.573,0.3507,0.003,20.78,16.819,5.974,,
BIHAR,Madhubani,BASOPATTI,5,35.604,0.2824,0.388,17.288,18.316,0.0,,
BIHAR,Madhubani,KALUAHI,11,30.025,0.3846,0.765,23.362,1.019,5.643,,
BIHAR,Madhubani,KHAJAULI,8,37.017,0.3191,0.769,22.944,2.568,11.505,,
BIHAR,Madhubani,RAJNAGAR,6,30.519,0.1777,0.235,17.951,9.988,2.58,,
BIHAR,Madhubani,RAHIKA,8,46.982,0.3044,0.647,34.172,2.593,10.218,,
BIHAR,Madhubani,PANDAUL,7,33.748,0.2101,0.246,16.538,0.808,0.0,,
BIHAR,Madhubani,LAKHNAUR,4,20.922,0.1845,0.597,8.214,0.0,12.708,,
BIHAR,Madhubani,JHANJHARPUR,5,29.614,0.2119,1.199,8.357,8.956,12.301,,
BIHAR,Madhubani,ANDHRATHARHI,8,36.104,0.251,0.569,12.3,4.528,19.275,,
BIHAR,Madhubani,PHULPARAS,6,32.963,0.2148,0.252,0.0,19.944,13.019,,
BIHAR,Madhubani,MADHEPUR,1,6.972,0.03,6.737,6.972,0.0,0.0,,
BIHAR,Darbhanga,TARDIH,0,0.0,0.0,3.889,0.0,0.0,0.0,,
BIHAR,Darbhanga,ALINAGAR,0,0.0,0.0,14.276,0.0,0.0,0.0,,
BIHAR,Darbhanga,GHANSHYAMPUR,0,0.0,0.0,8.193,0.0,0.0,0.0,,
BIHAR,Darbhanga,GAURABAURAM,0,0.0,0.0,18.073,0.0,0.0,0.0,,
BIHAR,Darbhanga,KIRATPUR,0,0.0,0.0,12.564,0.0,0.0,0.0,,
BIHAR,Saharsa,MAHISHI,1,3.013,0.0142,7.596,0.0,3.013,0.0,,
BIHAR,Darbhanga,KUSHESWAR ASTHAN EAST,0,0.0,0.0,14.359,0.0,0.0,0.0,,
BIHAR,Darbhanga,KUSHESHWAR ASTHAN,0,0.0,0.0,23.635,0.0,0.0,0.0,,
BIHAR,Samastipur,SINGHIA,0,0.0,0.0,32.565,0.0,0.0,0.0,,
BIHAR,Samastipur,HASANPUR,0,0.0,0.0,30.94,0.0,0.0,0.0,,
BIHAR,Samastipur,ROSERA,0,0.0,0.0,32.312,0.0,0.0,0.0,,
BIHAR,Samastipur,SHIVAJI NAGAR,0,0.0,0.0,25.038,0.0,0.0,0.0,,
BIHAR,Darbhanga,BAHERI,0,0.0,0.0,12.609,0.0,0.0,0.0,,
BIHAR,Darbhanga,BIRAUL,0,0.0,0.0,23.352,0.0,0.0,0.0,,
BIHAR,Darbhanga,BENIPUR,1,1.433,0.0091,9.289,1.433,0.0,0.0,,
BIHAR,Darbhanga,MANIGACHHI,1,3.176,0.0259,4.811,3.176,0.0,0.0,,
BIHAR,Darbhanga,BAHADURPUR,1,3.602,0.0211,2.396,3.602,0.0,0.0,,
BIHAR,Darbhanga,DARBHANGA,3,15.852,0.0853,0.432,12.883,0.0,2.969,,
BIHAR,Darbhanga,HANUMAN NAGAR,0,0.0,0.0,18.979,0.0,0.0,0.0,,
BIHAR,Samastipur,KALYANPUR,0,0.0,0.0,14.22,0.0,0.0,0.0,,
BIHAR,Darbhanga,HAYAGHAT,0,0.0,0.0,9.82,0.0,0.0,0.0,,
BIHAR,Samastipur,KHANPUR,0,0.0,0.0,22.634,0.0,0.0,0.0,,
BIHAR,Samastipur,UJIARPUR,0,0.0,0.0,10.643,0.0,0.0,0.0,,
BIHAR,Samastipur,SAMASTIPUR,0,0.0,0.0,5.224,0.0,0.0,0.0,,
BIHAR,Samastipur,WARISNAGAR,0,0.0,0.0,18.513,0.0,0.0,0.0,,
BIHAR,Samastipur,PUSA,1,5.593,0.0759,2.834,5.593,0.0,0.0,,
BIHAR,Samastipur,TAJPUR,1,7.575,0.1164,2.351,7.575,0.0,0.0,,
BIHAR,Samastipur,SARAIRANJAN,1,3.359,0.0233,7.097,3.359,0.0,0.0,,
BIHAR,Samastipur,MORWA,1,0.383,0.0032,9.205,0.383,0.0,0.0,,
BIHAR,Vaishali,PATEPUR,9,30.28,0.123,3.036,0.0,12.007,18.274,,
BIHAR,Muzaffarpur,MURAUL,11,35.154,0.6195,0.343,15.749,0.969,18.436,,
BIHAR,Muzaffarpur,BANDRA,1,0.027,0.0002,5.967,0.027,0.0,0.0,,
BIHAR,Muzaffarpur,GAIGHAT,0,0.0,0.0,14.752,0.0,0.0,0.0,,
BIHAR,Muzaffarpur,KATRA,0,0.0,0.0,23.326,0.0,0.0,0.0,,
BIHAR,Sitamarhi,BOKHRA,0,0.0,0.0,20.386,0.0,0.0,0.0,,
BIHAR,Darbhanga,JALE,0,0.0,0.0,12.542,0.0,0.0,0.0,,
BIHAR,Darbhanga,SINGHWARA,0,0.0,0.0,19.788,0.0,0.0,0.0,,
BIHAR,Darbhanga,KEOTIRUNWAY,3,13.662,0.0983,4.436,7.738,0.0,5.923,,
BIHAR,Madhubani,BISFI,4,19.811,0.1137,3.703,12.581,3.872,3.359,,
BIHAR,Sitamarhi,CHORAUT,0,0.0,0.0,6.517,0.0,0.0,0.0,,
BIHAR,Madhubani,MADHWAPUR,3,21.776,0.2061,0.166,3.672,11.45,6.654,,
BIHAR,Madhubani,BENIPATTI,12,48.584,0.192,3.594,24.121,14.783,9.679,,
BIHAR,Madhubani,HARLAKHI,5,42.733,0.2971,2.503,8.952,29.16,4.621,,
BIHAR,Sitamarhi,SURSAND,0,0.0,0.0,14.889,0.0,0.0,0.0,,
BIHAR,Sitamarhi,PUPRI,0,0.0,0.0,10.755,0.0,0.0,0.0,,
BIHAR,Sitamarhi,BAJPATTI,0,0.0,0.0,17.211,0.0,0.0,0.0,,
BIHAR,Sitamarhi,NANPUR,0,0.0,0.0,17.431,0.0,0.0,0.0,,
BIHAR,Sitamarhi,RIGA,0,0.0,0.0,18.314,0.0,0.0,0.0,,
BIHAR,Sitamarhi,DUMRA,0,0.0,0.0,30.064,0.0,0.0,0.0,,
BIHAR,Sitamarhi,PARSAUNI,0,0.0,0.0,24.483,0.0,0.0,0.0,,
BIHAR,Sitamarhi,BELSAND,0,0.0,0.0,23.238,0.0,0.0,0.0,,
BIHAR,Sheohar,PIPRAHI,0,0.0,0.0,14.003,0.0,0.0,0.0,,
BIHAR,Sheohar,PURNAHIYA,0,0.0,0.0,11.595,0.0,0.0,0.0,,
BIHAR,Purbi Champaran,PAKRIDAYAL,3,11.589,0.1019,1.332,0.0,9.029,2.56,,
BIHAR,Purbi Champaran,PATAHI,2,10.267,0.0923,2.161,0.0,8.573,1.694,,
BIHAR,Purbi Champaran,PHENHARA,0,0.0,0.0,8.312,0.0,0.0,0.0,,
BIHAR,Purbi Champaran,MADHUBAN,0,0.0,0.0,9.671,0.0,0.0,0.0,,
BIHAR,Sheohar,DUMARI KATSARI,0,0.0,0.0,13.457,0.0,0.0,0.0,,
BIHAR,Sheohar,SHEOHAR,0,0.0,0.0,13.53,0.0,0.0,0.0,,
BIHAR,Purbi Champaran,TETARIYA,0,0.0,0.0,6.011,0.0,0.0,0.0,,
BIHAR,Purbi Champaran,MEHSI,3,13.362,0.1158,0.04,0.0,9.238,4.123,,
BIHAR,Muzaffarpur,MOTIPUR,16,87.102,0.3091,0.293,38.004,5.056,44.042,,
BIHAR,Muzaffarpur,MINAPUR,3,4.989,0.0205,5.463,0.0,1.253,3.737,,
BIHAR,Sheohar,TARIYANI,0,0.0,0.0,17.687,0.0,0.0,0.0,,
BIHAR,Sitamarhi,RUNNISAIDPUR,0,0.0,0.0,25.953,0.0,0.0,0.0,,
BIHAR,Muzaffarpur,AURAI,0,0.0,0.0,26.476,0.0,0.0,0.0,,
BIHAR,Muzaffarpur,BOCHAHAN,0,0.0,0.0,8.921,0.0,0.0,0.0,,
BIHAR,Muzaffarpur,MUSHAHARI,28,72.349,0.2562,4.463,27.263,8.023,37.064,,
BIHAR,Muzaffarpur,KURHANI,53,115.523,0.582,0.113,15.054,6.259,94.21,,
BIHAR,Muzaffarpur,SAKRA,25,94.33,0.5151,0.785,5.279,19.496,69.555,,
BIHAR,Vaishali,JANDAHA,1,1.869,0.0134,6.291,1.869,0.0,0.0,,
BIHAR,Vaishali,MAHUA,6,35.425,0.2664,1.203,19.296,2.546,13.582,,
BIHAR,Vaishali,RAJAPAKAR,1,2.498,0.0343,4.986,0.0,0.0,2.498,,
BIHAR,Vaishali,GARAUL,21,55.453,0.5837,0.306,19.787,0.0,35.666,,
BIHAR,Vaishali,CHEHRAKALA,5,16.577,0.2379,1.713,4.913,0.0,11.664,,
BIHAR,Vaishali,BHAGWANPUR,7,19.425,0.1756,2.259,9.831,3.37,6.223,,
BIHAR,Vaishali,HAJIPUR,0,0.0,0.0,8.1,0.0,0.0,0.0,,
BIHAR,Vaishali,LALGANJ,4,14.791,0.1035,0.122,0.0,12.034,2.757,,
BIHAR,Vaishali,VAISHALI,6,30.669,0.2494,0.234,0.0,22.363,8.306,,
BIHAR,Vaishali,PATEDHI BELSAR,11,18.785,0.2593,1.656,0.0,0.0,18.785,,
BIHAR,Muzaffarpur,MARWAN,28,59.525,0.555,0.075,11.491,4.85,43.185,,
BIHAR,Muzaffarpur,KANTI,17,37.964,0.394,0.356,3.272,15.684,19.008,,
BIHAR,Muzaffarpur,SARAIYA,31,84.664,0.363,0.641,16.227,14.286,54.151,,
BIHAR,Muzaffarpur,PAROO,29,113.379,0.3551,0.042,24.239,1.965,87.175,,
BIHAR,Saran,PANAPUR,10,32.302,0.2293,0.043,8.641,0.0,23.661,,
BIHAR,Saran,TARAIYA,12,27.564,0.366,0.28,11.129,4.711,11.725,,
BIHAR,Saran,MAKER,9,17.767,0.2374,2.362,6.237,0.0,11.531,,
BIHAR,Saran,PARSA,12,29.514,0.31,1.201,0.0,2.121,27.392,,
BIHAR,Saran,DARIAPUR,3,14.691,0.0673,2.025,0.0,0.923,13.767,,
BIHAR,Saran,DIGHWARA,0,0.0,0.0,9.113,0.0,0.0,0.0,,
BIHAR,Saran,GARKHA,8,28.639,0.1728,0.449,0.0,0.0,28.639,,
BIHAR,Saran,AMNOUR,16,50.81,0.4093,0.569,4.389,11.744,34.677,,
BIHAR,Saran,MARHAURAH,20,56.462,0.3818,1.762,0.0,33.742,22.719,,
BIHAR,Saran,NAGRA,11,27.933,0.5529,1.332,7.673,0.0,20.26,,
BIHAR,Saran,CHHAPRA,5,18.01,0.0968,1.444,0.0,0.0,18.01,,
BIHAR,Saran,REVELGANJ,1,4.215,0.0302,4.442,0.0,0.0,4.215,,
BIHAR,Saran,JALALPUR,16,45.442,0.397,0.281,1.661,8.872,34.91,,
BIHAR,Saran,BANIAPUR,19,65.239,0.3839,0.832,12.113,14.716,38.41,,
BIHAR,Saran,ISUAPUR,9,24.906,0.2944,0.937,0.0,9.011,15.896,,
BIHAR,Saran,MASHRAKH,13,51.92,0.4049,0.555,15.917,14.009,21.994,,
BIHAR,Siwan,BHAGWANPUR HAT,19,57.142,0.39,0.197,7.528,6.824,42.791,,
BIHAR,Siwan,BASANTPUR,16,28.18,0.476,1.198,6.279,1.624,20.277,,
BIHAR,Siwan,LAKRI NABIGANJ,13,32.902,0.3531,1.203,24.884,2.727,5.29,,
BIHAR,Gopalganj,SIDHWALIYA,17,40.38,0.3449,1.961,0.0,8.328,32.052,,
BIHAR,Purbi Champaran,KESARIA,10,27.315,0.1545,1.491,1.272,0.0,26.043,,
BIHAR,Gopalganj,BAIKUNTHPUR,11,34.513,0.1744,1.319,0.0,7.379,27.135,,
BIHAR,Muzaffarpur,SAHEBGANJ,18,57.705,0.2957,0.356,18.499,0.0,39.205,,
BIHAR,Purbi Champaran,KALYANPUR,30,110.901,0.4599,0.87,27.641,13.82,69.44,,
BIHAR,Purbi Champaran,CHAKIA (PIPRA),11,43.144,0.2636,0.781,0.0,5.385,37.759,,
BIHAR,Purbi Champaran,PIPRA KOTHI,4,18.531,0.388,0.867,0.0,0.327,18.204,,
BIHAR,Purbi Champaran,TURKAULIA,20,56.384,0.4207,0.59,8.702,0.972,46.71,,
BIHAR,Purbi Champaran,KOTWA,19,76.653,0.5596,0.235,12.111,4.954,59.588,,
BIHAR,Purbi Champaran,SANGRAMPUR,12,32.568,0.2257,2.786,13.046,0.0,19.522,,
BIHAR,Purbi Champaran,HARSIDHI,26,87.559,0.4752,0.174,33.026,1.489,53.044,,
BIHAR,Purbi Champaran,SUGAULI,7,45.467,0.2838,2.445,9.024,9.473,26.971,,
BIHAR,Purbi Champaran,RAMGARHWA,6,34.974,0.2149,0.69,12.969,0.0,22.005,,
BIHAR,Pashchim Champaran,MAJHAULIA,25,98.055,0.3451,1.522,15.859,34.115,48.081,,
BIHAR,Pashchim Champaran,SIKTA,14,79.74,0.41,1.272,26.143,14.251,39.345,,
BIHAR,Purbi Champaran,RAXAUL,17,59.366,0.4669,1.356,32.095,0.0,27.271,,
BIHAR,Purbi Champaran,ADAPUR,16,74.612,0.4896,0.822,27.551,0.0,47.061,,
BIHAR,Purbi Champaran,BANKATWA,5,24.041,0.2727,1.096,4.011,0.0,20.03,,
BIHAR,Purbi Champaran,CHAWRADANO,8,40.951,0.3182,0.695,4.027,9.136,27.788,,
BIHAR,Purbi Champaran,BANJARIYA,8,32.105,0.237,3.561,4.13,0.762,27.214,,
BIHAR,Purbi Champaran,MOTIHARI,7,26.234,0.107,2.976,0.0,11.479,14.755,,
BIHAR,Purbi Champaran,CHIRAIYA,10,54.72,0.2616,0.414,0.0,19.213,35.507,,
BIHAR,Purbi Champaran,DHAKA,10,38.816,0.2504,0.175,9.205,10.982,18.629,,
BIHAR,Purbi Champaran,GHORASAHAN,5,24.51,0.222,1.171,12.142,2.448,9.92,,
BIHAR,Sitamarhi,BAIRGANIA,0,0.0,0.0,5.475,0.0,0.0,0.0,,
BIHAR,Sitamarhi,SUPPI,0,0.0,0.0,12.396,0.0,0.0,0.0,,
BIHAR,Sitamarhi,MAJORGANJ,0,0.0,0.0,14.7,0.0,0.0,0.0,,
BIHAR,Sitamarhi,BATHANAHA,0,0.0,0.0,29.98,0.0,0.0,0.0,,
BIHAR,Pashchim Champaran,MAINATAND,9,73.025,0.3068,1.081,38.927,12.005,22.092,,
BIHAR,Pashchim Champaran,GAUNAHA,11,65.67,0.1429,0.023,40.078,7.378,18.214,,
BIHAR,Pashchim Champaran,RAMNAGAR,15,81.834,0.1245,10.024,29.299,7.948,44.586,,
UTTAR PRADESH,Maharajganj,NICHLAUL,22,138.351,0.3848,1.661,50.337,43.712,39.466,,
UTTAR PRADESH,Kushi Nagar,KHADDA,18,99.991,0.2997,3.318,32.226,21.693,46.071,,
BIHAR,Pashchim Champaran,BAGAHA-II,48,240.094,0.2915,0.766,124.678,4.816,104.986,,
BIHAR,Pashchim Champaran,MADHUBANI,0,0.0,0.0,6.669,0.0,0.0,0.0,,
UTTAR PRADESH,Kushi Nagar,VISHUNPURA,23,127.755,0.6309,0.005,31.861,51.835,44.059,,
BIHAR,Pashchim Champaran,PIPRASI,0,0.0,0.0,4.552,0.0,0.0,0.0,,
UTTAR PRADESH,Kushi Nagar,NEBUA NAURANGIA,33,148.411,0.767,0.749,35.443,42.109,70.859,,
UTTAR PRADESH,Kushi Nagar,RAMKOLA,25,124.43,0.6172,0.118,19.792,45.93,58.708,,
UTTAR PRADESH,Kushi Nagar,MOTICHAK,20,97.08,0.5969,0.936,16.954,45.356,34.771,,
UTTAR PRADESH,Kushi Nagar,HATA,21,93.258,0.6095,1.134,10.003,52.805,30.451,,
UTTAR PRADESH,Deoria,DESAI DEORIA,10,64.14,0.4591,1.014,5.145,52.173,6.822,,
UTTAR PRADESH,Deoria,TARKALUA,9,39.684,0.5011,0.465,16.117,14.836,8.731,,
UTTAR PRADESH,Kushi Nagar,KASAYA,12,83.973,0.639,0.402,0.0,55.717,28.256,,
UTTAR PRADESH,Kushi Nagar,PADRAUNA,26,145.597,0.5235,0.042,22.845,77.491,45.261,,
UTTAR PRADESH,Kushi Nagar,DUDHAHI,18,85.672,0.3733,1.426,43.779,23.954,17.938,,
UTTAR PRADESH,Kushi Nagar,TAMKUHIRAJ,39,174.293,0.7972,0.137,25.156,75.559,73.578,,
UTTAR PRADESH,Kushi Nagar,SEORAHI,25,96.084,0.4861,0.356,4.034,47.361,44.688,,
BIHAR,Pashchim Champaran,THAKRAHAN,0,0.0,0.0,7.436,0.0,0.0,0.0,,
BIHAR,Pashchim Champaran,BHITAHA,0,0.0,0.0,8.349,0.0,0.0,0.0,,
BIHAR,Pashchim Champaran,BAGAHA-I,31,137.206,0.3667,0.2,33.567,22.78,80.86,,
BIHAR,Pashchim Champaran,JOGAPATTI,24,84.732,0.4289,0.803,31.768,0.0,52.964,,
BIHAR,Pashchim Champaran,LAURIYA,17,68.759,0.3531,1.426,8.133,6.624,54.002,,
BIHAR,Pashchim Champaran,NARKATIAGANJ,22,125.972,0.3746,0.487,9.093,25.917,90.961,,
BIHAR,Pashchim Champaran,BETTIAH,8,12.101,0.1902,0.848,3.022,0.624,8.454,,
BIHAR,Pashchim Champaran,CHANPATIA,39,131.609,0.5559,0.146,28.501,11.216,91.892,,
BIHAR,Pashchim Champaran,BAIRIA,15,55.547,0.2515,0.133,24.006,4.81,26.731,,
BIHAR,Pashchim Champaran,NAUTAN,21,69.068,0.3669,0.32,9.174,15.724,44.17,,
BIHAR,Purbi Champaran,PAHARPUR,28,90.016,0.6112,0.496,16.957,19.041,54.017,,
BIHAR,Purbi Champaran,ARERAJ,12,37.205,0.1996,1.208,0.0,7.778,29.427,,
BIHAR,Gopalganj,GOPALGANJ,11,21.82,0.1162,2.963,3.677,5.451,12.692,,
BIHAR,Gopalganj,THAWE,15,29.465,0.4289,1.651,3.349,5.267,20.848,,
BIHAR,Gopalganj,KUCHAIKOTE,65,154.339,0.636,0.128,24.794,33.809,95.735,,
BIHAR,Gopalganj,PANCHDEORI,35,78.412,0.8634,0.004,3.465,27.702,47.244,,
BIHAR,Gopalganj,PHULWARIYA,32,67.324,0.7372,1.045,11.7,18.145,37.479,,
BIHAR,Gopalganj,UCHKAGAON,25,51.113,0.4673,0.279,4.224,7.008,39.881,,
BIHAR,Gopalganj,HATHUA,39,86.427,0.6113,1.92,6.903,23.216,56.308,,
BIHAR,Siwan,NAUTAN,25,42.674,0.6767,0.371,2.98,16.532,23.162,,
BIHAR,Siwan,MAIRWA,39,63.747,0.9294,0.23,0.0,14.057,49.691,,
BIHAR,Siwan,ZIRADEI,32,66.271,0.5638,0.327,0.0,12.824,53.447,,
BIHAR,Siwan,SIWAN,32,66.896,0.5136,0.832,0.0,19.875,47.021,,
BIHAR,Siwan,PACHRUKHI,19,37.359,0.3011,0.688,2.573,4.652,30.134,,
BIHAR,Siwan,BARHARIA,35,75.56,0.4464,0.717,13.879,11.079,50.603,,
BIHAR,Gopalganj,MANJHA,24,67.203,0.4869,0.178,19.666,2.994,44.543,,
BIHAR,Gopalganj,BARAULI,19,55.043,0.3079,0.212,13.327,2.528,39.189,,
BIHAR,Siwan,GORIAKOTHI,15,46.868,0.3472,0.462,0.0,5.686,41.182,,
BIHAR,Siwan,MAHARAJGANJ,11,38.672,0.3504,1.871,13.068,5.795,19.809,,
BIHAR,Siwan,DARAUNDHA,20,49.121,0.4022,2.055,4.4,9.006,35.715,,
BIHAR,Saran,EKMA,23,47.17,0.3458,1.812,0.0,10.955,36.215,,
BIHAR,Saran,LAHLADPUR,5,18.567,0.3416,0.496,8.813,0.0,9.754,,
BIHAR,Saran,MANJHI,25,60.959,0.3213,0.311,0.0,6.702,54.257,,
UTTAR PRADESH,Ballia,MURLICHHAPRA,0,0.0,0.0,11.259,0.0,0.0,0.0,,
UTTAR PRADESH,Ballia,BAIRIA,0,0.0,0.0,13.164,0.0,0.0,0.0,,
UTTAR PRADESH,Ballia,REOTI,0,0.0,0.0,9.145,0.0,0.0,0.0,,
UTTAR PRADESH,Ballia,BELHARI,0,0.0,0.0,16.97,0.0,0.0,0.0,,
UTTAR PRADESH,Ballia,DUBHAR,0,0.0,0.0,7.32,0.0,0.0,0.0,,
UTTAR PRADESH,Ballia,BANSDIH,1,2.522,0.0161,8.031,0.0,0.0,2.522,,
UTTAR PRADESH,Ballia,MANIAR,7,32.484,0.1845,0.373,0.0,11.899,20.584,,
BIHAR,Siwan,SISWAN,9,30.107,0.2498,1.231,0.0,8.154,21.953,,
BIHAR,Siwan,RAGHUNATHPUR,22,45.832,0.3058,0.107,0.0,14.798,31.034,,
BIHAR,Siwan,HASAN PURA,21,46.369,0.4916,1.013,0.0,0.88,45.489,,
BIHAR,Siwan,HUSSAINGANJ,16,41.739,0.5099,1.177,0.0,9.893,31.846,,
BIHAR,Siwan,ANDAR,20,44.319,0.4561,0.707,0.0,18.749,25.57,,
BIHAR,Siwan,DARAULI,43,77.283,0.4656,0.126,0.0,0.0,77.283,,
BIHAR,Siwan,GUTHANI,33,57.808,0.6504,0.003,0.0,13.751,44.057,,
UTTAR PRADESH,Deoria,LAR,0,0.0,0.0,5.541,0.0,0.0,0.0,,
UTTAR PRADESH,Ballia,NAVANAGAR,5,31.201,0.1873,0.849,0.0,19.272,11.929,,
UTTAR PRADESH,Ballia,PANDAH,8,52.675,0.3582,0.944,1.497,34.724,16.454,,
UTTAR PRADESH,Ballia,BERUARBARI,4,16.209,0.2094,1.775,0.0,6.922,9.287,,
UTTAR PRADESH,Ballia,HANUMANGANJ,5,26.997,0.1921,0.624,10.706,0.0,16.292,,
UTTAR PRADESH,Ballia,GARWAR,11,46.369,0.3526,0.56,6.047,11.993,28.329,,
UTTAR PRADESH,Ballia,CHILKAHAR,8,45.207,0.25,1.143,17.527,15.698,11.982,,
UTTAR PRADESH,Ghazipur,VARACHAKWAR,12,53.77,0.2812,1.18,17.643,16.005,20.122,,
UTTAR PRADESH,Ballia,RASRA,2,33.602,0.1739,0.35,0.0,33.602,0.0,,
UTTAR PRADESH,Mau,RATANPURA,7,47.239,0.2457,1.892,0.0,34.835,12.404,,
UTTAR PRADESH,Ballia,NAGRA,15,96.271,0.3524,0.616,25.978,16.446,53.847,,
UTTAR PRADESH,Ballia,SIAR,12,61.126,0.2818,1.072,9.91,10.699,40.518,,
UTTAR PRADESH,Mau,FATEHPUR MADAUN,8,41.612,0.1628,3.976,0.0,7.73,33.881,,
UTTAR PRADESH,Deoria,BHALUANI,0,0.0,0.0,11.307,0.0,0.0,0.0,,
UTTAR PRADESH,Deoria,SALEMPUR,0,0.0,0.0,10.714,0.0,0.0,0.0,,
UTTAR PRADESH,Deoria,BHAGALPUR,0,0.0,0.0,9.965,0.0,0.0,0.0,,
UTTAR PRADESH,Deoria,BANKATA,0,0.0,0.0,5.05,0.0,0.0,0.0,,
UTTAR PRADESH,Deoria,BHATPAR RANI,0,0.0,0.0,9.942,0.0,0.0,0.0,,
UTTAR PRADESH,Deoria,BHATNI,3,13.438,0.0944,5.766,0.0,6.007,7.431,,
BIHAR,Gopalganj,BIJAIPUR,18,23.476,0.1872,3.134,0.0,2.175,21.3,,
BIHAR,Gopalganj,BHOREY,40,91.872,0.6095,0.281,0.0,16.752,75.12,,
BIHAR,Gopalganj,KATAIYA,37,77.411,0.6364,0.845,2.439,22.368,52.603,,
UTTAR PRADESH,Kushi Nagar,FAZILNAGAR,16,73.464,0.5032,0.205,0.0,39.054,34.41,,
UTTAR PRADESH,Deoria,PATHAR DEWA,13,67.719,0.4825,0.29,10.054,26.729,30.936,,
UTTAR PRADESH,Deoria,RAMPUR KARKHANA,13,63.805,0.4691,0.116,0.0,40.936,22.869,,
UTTAR PRADESH,Deoria,DEORIA SADAR,7,30.685,0.1699,2.927,0.0,16.239,14.446,,
UTTAR PRADESH,Deoria,BAITALPUR,6,42.82,0.2494,0.964,0.0,24.894,17.925,,
UTTAR PRADESH,Deoria,GAURI BAZAR,6,34.278,0.1949,3.796,0.0,19.284,14.995,,
UTTAR PRADESH,Deoria,RUDRAPUR,0,0.0,0.0,11.496,0.0,0.0,0.0,,
UTTAR PRADESH,Gorakhpur,BRAHMPUR,0,0.0,0.0,11.567,0.0,0.0,0.0,,
UTTAR PRADESH,Gorakhpur,BANSGAON,4,18.78,0.1211,3.15,0.0,14.807,3.973,,
UTTAR PRADESH,Gorakhpur,URUWA,8,24.534,0.1495,3.065,3.923,1.578,19.034,,
UTTAR PRADESH,Gorakhpur,KAURI RAM,1,4.155,0.0266,5.186,0.0,4.155,0.0,,
UTTAR PRADESH,Gorakhpur,GAGAHA,2,4.823,0.0294,3.321,0.0,4.205,0.618,,
UTTAR PRADESH,Gorakhpur,GOLA,5,37.765,0.2699,0.192,20.52,0.0,17.244,,
UTTAR PRADESH,Azamgarh,HARAIYA,2,16.096,0.0628,4.406,12.177,3.919,0.0,,
UTTAR PRADESH,Mau,DOHRI GHAT,10,50.945,0.321,1.169,15.34,1.813,33.792,,
UTTAR PRADESH,Gorakhpur,BARHALGANJ,1,6.445,0.0321,2.652,6.445,0.0,0.0,,
UTTAR PRADESH,Deoria,BARHAJ,0,0.0,0.0,11.38,0.0,0.0,0.0,,
UTTAR PRADESH,Mau,GHOSI,20,78.302,0.5274,0.33,27.612,9.026,41.664,,
UTTAR PRADESH,Mau,BADRAON,8,41.545,0.2342,3.322,18.2,3.292,20.053,,
UTTAR PRADESH,Mau,KOPAGANJ,9,27.582,0.1542,1.828,0.0,10.569,17.013,,
UTTAR PRADESH,Ghazipur,KASIMABAD,14,49.135,0.2097,1.92,10.86,21.72,16.555,,
UTTAR PRADESH,Ghazipur,MARDAH,25,93.898,0.5268,0.079,10.981,28.705,54.212,,
UTTAR PRADESH,Ghazipur,VIRNO,19,67.3,0.4422,0.42,8.592,14.577,44.132,,
UTTAR PRADESH,Mau,PARDAHA,0,0.0,0.0,6.428,0.0,0.0,0.0,,
UTTAR PRADESH,Mau,RANIPUR,6,20.387,0.091,7.386,0.0,9.175,11.212,,
UTTAR PRADESH,Ghazipur,JAKHANIA,10,39.329,0.2008,2.563,5.124,19.786,14.419,,
UTTAR PRADESH,Azamgarh,JAHANAGANJ,10,40.47,0.2246,0.566,0.0,16.199,24.271,,
UTTAR PRADESH,Azamgarh,SATHIYAON,5,12.662,0.0793,4.926,0.0,0.0,12.662,,
UTTAR PRADESH,Mau,MOHAMMADABAD GOHANA,2,7.952,0.0501,8.362,0.0,5.771,2.181,,
UTTAR PRADESH,Azamgarh,AZMATGARH,6,41.048,0.2199,2.01,9.701,11.602,19.745,,
UTTAR PRADESH,Azamgarh,RANI KI SARAI,14,54.467,0.3821,0.014,0.0,17.71,36.757,,
UTTAR PRADESH,Azamgarh,PALHANI,6,16.85,0.1353,2.319,0.0,0.0,16.85,,
UTTAR PRADESH,Azamgarh,MEHNAGAR,14,70.924,0.3695,0.597,0.0,45.081,25.843,,
UTTAR PRADESH,Azamgarh,TARWA,7,43.269,0.2083,1.299,0.0,43.269,0.0,,
UTTAR PRADESH,Azamgarh,PALHANA,10,45.264,0.3412,0.581,0.0,34.895,10.37,,
UTTAR PRADESH,Azamgarh,THEKMA,17,70.369,0.321,0.782,0.0,36.459,33.91,,
UTTAR PRADESH,Azamgarh,LALGANJ,7,50.241,0.2373,1.561,0.0,43.974,6.267,,
UTTAR PRADESH,Azamgarh,MARTINGANJ,25,111.086,0.4986,1.372,0.0,53.263,57.823,,
UTTAR PRADESH,Azamgarh,MOHAMMADPUR,21,89.847,0.4942,1.83,0.0,14.07,75.778,,
UTTAR PRADESH,Azamgarh,MIRZAPUR,8,38.087,0.2351,1.375,0.0,28.874,9.213,,
UTTAR PRADESH,Azamgarh,TAHBARPUR,15,70.953,0.4133,0.334,0.0,22.769,48.184,,
UTTAR PRADESH,Azamgarh,AHIRAULA,14,63.223,0.3284,0.847,12.765,11.045,39.412,,
UTTAR PRADESH,Ambedkar Nagar,BHIYAWAN,8,50.916,0.2486,0.62,13.492,0.0,37.425,,
UTTAR PRADESH,Azamgarh,ATRAULIA,9,27.647,0.2124,2.746,2.564,10.371,14.712,,
UTTAR PRADESH,Azamgarh,KOILSA,8,27.186,0.1751,1.051,12.357,1.048,13.781,,
UTTAR PRADESH,Azamgarh,BILARIYAGANJ,5,25.018,0.1314,2.839,11.157,6.392,7.47,,
UTTAR PRADESH,Azamgarh,MAHRAJGANJ,3,21.19,0.0852,4.954,12.824,2.111,6.255,,
UTTAR PRADESH,Ambedkar Nagar,JAHANGIR GANJ,5,20.801,0.1091,0.206,13.741,0.699,6.36,,
UTTAR PRADESH,Sant Kabeer Nagar,HAINSAR BAZAR,0,0.0,0.0,7.294,0.0,0.0,0.0,,
UTTAR PRADESH,Gorakhpur,BELGHAT,5,4.938,0.0282,9.832,1.427,0.0,3.512,,
UTTAR PRADESH,Gorakhpur,KHAJNI,7,25.455,0.1518,1.24,0.0,10.644,14.811,,
UTTAR PRADESH,Sant Kabeer Nagar,NATH NAGAR,20,83.775,0.4332,0.262,11.362,36.594,35.819,,
UTTAR PRADESH,Sant Kabeer Nagar,PAULI,0,0.0,0.0,4.846,0.0,0.0,0.0,,
UTTAR PRADESH,Ambedkar Nagar,RAM NAGAR,14,90.472,0.3749,0.15,20.232,17.292,52.948,,
UTTAR PRADESH,Basti,BANKATI,8,43.832,0.2415,0.107,0.0,13.813,30.019,,
UTTAR PRADESH,Sant Kabeer Nagar,SEMARIYAWAN,16,85.065,0.4402,0.978,20.506,29.021,35.538,,
UTTAR PRADESH,Basti,SAU GHAT,19,53.613,0.2858,0.695,17.34,10.817,25.456,,
UTTAR PRADESH,Basti,RUDAULI,11,45.239,0.3452,0.973,15.977,0.982,28.28,,
UTTAR PRADESH,Siddharth Nagar,MITHWAL,12,83.408,0.3652,0.63,23.064,30.834,29.509,,
UTTAR PRADESH,Siddharth Nagar,KHESRAHA,7,35.319,0.1685,1.208,7.763,13.305,14.251,,
UTTAR PRADESH,Sant Kabeer Nagar,BELHAR KALA,4,9.436,0.0837,3.922,0.0,6.0,3.436,,
UTTAR PRADESH,Sant Kabeer Nagar,MEHDAWAL,7,22.463,0.1178,3.299,5.996,1.394,15.073,,
UTTAR PRADESH,Sant Kabeer Nagar,SANTHA,8,38.913,0.2958,0.267,12.795,0.0,26.118,,
UTTAR PRADESH,Gorakhpur,PALI,2,20.772,0.1502,1.927,13.502,0.0,7.27,,
UTTAR PRADESH,Sant Kabeer Nagar,BAGHAULI,12,44.823,0.2162,1.55,1.43,18.562,24.831,,
UTTAR PRADESH,Sant Kabeer Nagar,KHALILABAD,12,65.27,0.3484,0.366,21.358,28.005,15.908,,
UTTAR PRADESH,Gorakhpur,SAHJANAWA,9,37.478,0.2559,0.805,12.278,8.265,16.934,,
UTTAR PRADESH,Gorakhpur,PIPRAULI,0,0.0,0.0,10.14,0.0,0.0,0.0,,
UTTAR PRADESH,Gorakhpur,JANGAL KAUDIA,3,13.461,0.0592,5.012,0.0,4.238,9.223,,
UTTAR PRADESH,Gorakhpur,CHARGAWAN,10,32.348,0.1442,1.326,0.0,20.199,12.148,,
UTTAR PRADESH,Gorakhpur,BHATHAT,15,77.476,0.5543,0.39,0.0,56.359,21.117,,
UTTAR PRADESH,Gorakhpur,KHORABAR,0,0.0,0.0,6.696,0.0,0.0,0.0,,
UTTAR PRADESH,Gorakhpur,PIPRAICH,12,51.391,0.3821,0.209,4.844,27.134,19.413,,
UTTAR PRADESH,Gorakhpur,SARDARNAGAR,7,40.972,0.3226,1.345,11.128,12.434,17.411,,
UTTAR PRADESH,Kushi Nagar,SUKRAULI,22,98.151,0.638,0.926,6.531,63.676,27.944,,
UTTAR PRADESH,Kushi Nagar,KAPTAINGANJ,27,120.866,0.7142,0.683,18.092,36.922,65.851,,
UTTAR PRADESH,Maharajganj,PARTAWAL,26,123.195,0.6614,0.444,20.185,45.5,57.509,,
UTTAR PRADESH,Maharajganj,GHUGHLI,25,130.045,0.6998,0.708,15.088,67.235,47.722,,
UTTAR PRADESH,Maharajganj,PANIYARA,30,136.932,0.6008,0.104,1.466,55.767,79.699,,
UTTAR PRADESH,Gorakhpur,CAMPIERGANJ,0,0.0,0.0,7.884,0.0,0.0,0.0,,
UTTAR PRADESH,Maharajganj,PHARENDA,0,0.0,0.0,8.307,0.0,0.0,0.0,,
UTTAR PRADESH,Maharajganj,BRIDGEMANGANJ,0,0.0,0.0,12.473,0.0,0.0,0.0,,
UTTAR PRADESH,Maharajganj,LAKSHMIPUR,0,0.0,0.0,6.836,0.0,0.0,0.0,,
UTTAR PRADESH,Maharajganj,MAHRAJGANJ,29,133.116,0.5306,0.364,31.584,47.561,53.971,,
UTTAR PRADESH,Maharajganj,SISWA,28,117.138,0.6411,0.797,16.843,61.498,38.796,,
UTTAR PRADESH,Maharajganj,MITHAURA,32,152.049,0.4626,0.239,50.365,26.422,75.261,,
UTTAR PRADESH,Maharajganj,NAUTANWA,0,0.0,0.0,16.885,0.0,0.0,0.0,,
UTTAR PRADESH,Siddharth Nagar,BIRDPUR,0,0.0,0.0,14.228,0.0,0.0,0.0,,
UTTAR PRADESH,Siddharth Nagar,LOTAN,0,0.0,0.0,12.542,0.0,0.0,0.0,,
UTTAR PRADESH,Maharajganj,DHANI,0,0.0,0.0,9.576,0.0,0.0,0.0,,
UTTAR PRADESH,Siddharth Nagar,USKA BAZAR,5,21.421,0.1666,0.074,10.502,1.57,9.349,,
UTTAR PRADESH,Siddharth Nagar,NAUGARH,13,55.968,0.3151,0.929,14.595,3.343,38.03,,
UTTAR PRADESH,Siddharth Nagar,JOGIA,6,18.914,0.1266,0.706,0.735,4.986,13.193,,
UTTAR PRADESH,Siddharth Nagar,BANSI,0,0.0,0.0,5.716,0.0,0.0,0.0,,
UTTAR PRADESH,Siddharth Nagar,BARHNI,2,26.408,0.1215,5.66,20.07,0.0,6.338,,
UTTAR PRADESH,Siddharth Nagar,SHOHARATGARH,9,33.146,0.2206,1.956,13.535,4.626,14.984,,
ARUNACHAL PRADESH,Dibang Valley,ANINI-MEPI,0,0.0,0.0,209.746,0.0,0.0,0.0,,
ARUNACHAL PRADESH,Dibang Valley,ETALIN MALINYE,0,0.0,0.0,211.097,0.0,0.0,0.0,,
ARUNACHAL PRADESH,Lohit,TEZU,0,0.0,0.0,154.416,0.0,0.0,0.0,,
ARUNACHAL PRADESH,Lower Dibang Valley,HUNLI-KRONLI,0,0.0,0.0,157.443,0.0,0.0,0.0,,
ARUNACHAL PRADESH,Dibang Valley,Anelih Arzu,0,0.0,0.0,150.964,0.0,0.0,0.0,,
ARUNACHAL PRADESH,Lower Dibang Valley,ROING,0,0.0,0.0,124.658,0.0,0.0,0.0,,
ARUNACHAL PRADESH,Lower Dibang Valley,Koronu,0,0.0,0.0,130.067,0.0,0.0,0.0,,
ARUNACHAL PRADESH,Lohit,Sunpura,0,0.0,0.0,127.905,0.0,0.0,0.0,,
ASSAM,Tinsukia,SADIYA,0,0.0,0.0,91.457,0.0,0.0,0.0,,
ARUNACHAL PRADESH,Namsai,LEKANG,0,0.0,0.0,95.844,0.0,0.0,0.0,,
ARUNACHAL PRADESH,Namsai,Ningroo,0,0.0,0.0,106.316,0.0,0.0,0.0,,
ARUNACHAL PRADESH,Namsai,NAMSAI,0,0.0,0.0,108.639,0.0,0.0,0.0,,
ARUNACHAL PRADESH,Namsai,CHOWKHAM,0,0.0,0.0,122.822,0.0,0.0,0.0,,
ARUNACHAL PRADESH,Lohit,WAKRO,0,0.0,0.0,156.276,0.0,0.0,0.0,,
ARUNACHAL PRADESH,Anjaw,MANCHAL,0,0.0,0.0,188.476,0.0,0.0,0.0,,
ARUNACHAL PRADESH,Anjaw,HAYULIANG,0,0.0,0.0,198.428,0.0,0.0,0.0,,
ARUNACHAL PRADESH,Anjaw,CHAGLAGAM,0,0.0,0.0,188.938,0.0,0.0,0.0,,
ARUNACHAL PRADESH,Anjaw,HAWAI-WALONG,0,0.0,0.0,220.34,0.0,0.0,0.0,,
ARUNACHAL PRADESH,Changlang,Khagam-Miao,0,0.0,0.0,128.699,0.0,0.0,0.0,,
ARUNACHAL PRADESH,Tirap,Lazu,0,0.0,0.0,77.944,0.0,0.0,0.0,,
ARUNACHAL PRADESH,Changlang,CHANGLANG,0,0.0,0.0,86.691,0.0,0.0,0.0,,
ARUNACHAL PRADESH,Changlang,Khimiyang,0,0.0,0.0,86.237,0.0,0.0,0.0,,
ARUNACHAL PRADESH,Changlang,NAMPONG,0,0.0,0.0,131.175,0.0,0.0,0.0,,
ARUNACHAL PRADESH,Changlang,Diyum,0,0.0,0.0,119.042,0.0,0.0,0.0,,
ARUNACHAL PRADESH,Changlang,BORDUMSA,0,0.0,0.0,99.524,0.0,0.0,0.0,,
ARUNACHAL PRADESH,Changlang,Manmao,0,0.0,0.0,98.366,0.0,0.0,0.0,,
ASSAM,Tinsukia,MARGHERITA,0,0.0,0.0,82.322,0.0,0.0,0.0,,
ARUNACHAL PRADESH,Tirap,Soha,0,0.0,0.0,68.241,0.0,0.0,0.0,,
ASSAM,Tinsukia,KAKOPATHAR,0,0.0,0.0,79.551,0.0,0.0,0.0,,
ASSAM,Tinsukia,HAPJAN,0,0.0,0.0,63.121,0.0,0.0,0.0,,
ARUNACHAL PRADESH,Tirap,Namsang,0,0.0,0.0,60.229,0.0,0.0,0.0,,
ASSAM,Dibrugarh,TENGAKHAT,0,0.0,0.0,41.661,0.0,0.0,0.0,,
ASSAM,Dibrugarh,JOYPUR,0,0.0,0.0,42.532,0.0,0.0,0.0,,
ASSAM,Tinsukia,ITAKHULI,0,0.0,0.0,45.886,0.0,0.0,0.0,,
ASSAM,Dibrugarh,PANITOLA,0,0.0,0.0,36.906,0.0,0.0,0.0,,
ASSAM,Dibrugarh,LAHOAL,0,0.0,0.0,22.562,0.0,0.0,0.0,,
ASSAM,Dhemaji,SISSIBORGAON,0,0.0,0.0,31.617,0.0,0.0,0.0,,
ASSAM,Dibrugarh,BARBARUAH,3,4.794,0.0069,10.138,3.246,0.0,1.548,,
ASSAM,Dibrugarh,KHOWANG,3,9.372,0.0246,1.077,9.372,0.0,0.0,,
ASSAM,Dibrugarh,TINGKHONG,0,0.0,0.0,21.171,0.0,0.0,0.0,,
NAGALAND,Mon,TIZIT,0,0.0,0.0,43.691,0.0,0.0,0.0,,
ASSAM,Charaideo,WEST ABHAIPUR,0,0.0,0.0,31.134,0.0,0.0,0.0,,
ASSAM,Charaideo,SONARI,0,0.0,0.0,17.242,0.0,0.0,0.0,,
ASSAM,Sivasagar,SIVASAGAR,0,0.0,0.0,29.29,0.0,0.0,0.0,,
ASSAM,Charaideo,LAKUWA,0,0.0,0.0,29.049,0.0,0.0,0.0,,
ASSAM,Sivasagar,NAZIRA,0,0.0,0.0,43.684,0.0,0.0,0.0,,
NAGALAND,Longleng,TAMLU,0,0.0,0.0,63.896,0.0,0.0,0.0,,
NAGALAND,Mon,WAKCHING,0,0.0,0.0,51.0,0.0,0.0,0.0,,
NAGALAND,Mon,MON,0,0.0,0.0,56.23,0.0,0.0,0.0,,
NAGALAND,Mon,PHOMCHING,0,0.0,0.0,65.672,0.0,0.0,0.0,,
ARUNACHAL PRADESH,Longding,PONGCHAU,0,0.0,0.0,70.214,0.0,0.0,0.0,,
ARUNACHAL PRADESH,Longding,Pumao,0,0.0,0.0,56.726,0.0,0.0,0.0,,
ASSAM,Charaideo,SAPEKHATI,0,0.0,0.0,35.481,0.0,0.0,0.0,,
ARUNACHAL PRADESH,Longding,Launu,0,0.0,0.0,48.349,0.0,0.0,0.0,,
ARUNACHAL PRADESH,Longding,KANUBARI,0,0.0,0.0,47.207,0.0,0.0,0.0,,
ARUNACHAL PRADESH,Longding,Longding,0,0.0,0.0,58.674,0.0,0.0,0.0,,
ARUNACHAL PRADESH,Tirap,DADAM,0,0.0,0.0,62.924,0.0,0.0,0.0,,
ARUNACHAL PRADESH,Tirap,Khonsa,0,0.0,0.0,65.505,0.0,0.0,0.0,,
ARUNACHAL PRADESH,Longding,WAKKA,0,0.0,0.0,73.179,0.0,0.0,0.0,,
NAGALAND,Shamator,PANSO,0,0.0,0.0,98.511,0.0,0.0,0.0,,
NAGALAND,Noklak,THONOKNYU,0,0.0,0.0,101.863,0.0,0.0,0.0,,
NAGALAND,Kiphire,KHONSA,0,0.0,0.0,95.307,0.0,0.0,0.0,,
NAGALAND,Kiphire,PUNGRO,0,0.0,0.0,90.005,0.0,0.0,0.0,,
NAGALAND,Kiphire,LONGMATRA,0,0.0,0.0,79.479,0.0,0.0,0.0,,
NAGALAND,Kiphire,KIPHIRE,0,0.0,0.0,77.867,0.0,0.0,0.0,,
NAGALAND,Tuensang,SHAMATOR,0,0.0,0.0,89.708,0.0,0.0,0.0,,
NAGALAND,Tuensang,CHESSORE,0,0.0,0.0,79.228,0.0,0.0,0.0,,
NAGALAND,Tuensang,NOKSEN,0,0.0,0.0,91.321,0.0,0.0,0.0,,
NAGALAND,Tuensang,SANGSANGYU,0,0.0,0.0,94.58,0.0,0.0,0.0,,
NAGALAND,Noklak,NOKLAK,0,0.0,0.0,110.485,0.0,0.0,0.0,,
NAGALAND,Mon,TOBU,0,0.0,0.0,95.521,0.0,0.0,0.0,,
NAGALAND,Mon,ANGJANGYANG,0,0.0,0.0,85.728,0.0,0.0,0.0,,
NAGALAND,Mon,CHEN,0,0.0,0.0,78.001,0.0,0.0,0.0,,
NAGALAND,Mon,Aboi,0,0.0,0.0,74.126,0.0,0.0,0.0,,
NAGALAND,Longleng,Sakshi,0,0.0,0.0,87.887,0.0,0.0,0.0,,
NAGALAND,Longleng,LONGLENG,0,0.0,0.0,83.259,0.0,0.0,0.0,,
NAGALAND,Mokokchung,CHANGTONGYA,0,0.0,0.0,75.406,0.0,0.0,0.0,,
NAGALAND,Mokokchung,Tuli,0,0.0,0.0,69.405,0.0,0.0,0.0,,
NAGALAND,Mokokchung,Chuchuyimlang,0,0.0,0.0,87.618,0.0,0.0,0.0,,
NAGALAND,Mokokchung,KUBOLONG,0,0.0,0.0,82.481,0.0,0.0,0.0,,
NAGALAND,Mokokchung,Tsurangkong,0,0.0,0.0,83.418,0.0,0.0,0.0,,
NAGALAND,Mokokchung,LONGCHEM,0,0.0,0.0,77.487,0.0,0.0,0.0,,
ASSAM,Jorhat,JORHAT,0,0.0,0.0,84.065,0.0,0.0,0.0,,
NAGALAND,Wokha,Changpang,0,0.0,0.0,64.034,0.0,0.0,0.0,,
NAGALAND,Mokokchung,MANGKOLEMBA,0,0.0,0.0,72.08,0.0,0.0,0.0,,
NAGALAND,Mokokchung,ONGPANGKONG(SOUTH),0,0.0,0.0,62.225,0.0,0.0,0.0,,
NAGALAND,Zunheboto,AKULUTO,0,0.0,0.0,57.621,0.0,0.0,0.0,,
NAGALAND,Mokokchung,ONGPANGKONG(NORTH),0,0.0,0.0,68.113,0.0,0.0,0.0,,
NAGALAND,Tuensang,LONGKHIM,0,0.0,0.0,80.663,0.0,0.0,0.0,,
NAGALAND,Tuensang,CHARE,0,0.0,0.0,74.526,0.0,0.0,0.0,,
NAGALAND,Zunheboto,SURUHOTO,0,0.0,0.0,69.156,0.0,0.0,0.0,,
NAGALAND,Zunheboto,Akuhaito,0,0.0,0.0,54.703,0.0,0.0,0.0,,
NAGALAND,Zunheboto,ZUNHEBOTO,0,0.0,0.0,55.299,0.0,0.0,0.0,,
NAGALAND,Zunheboto,TOKIYE,0,0.0,0.0,61.609,0.0,0.0,0.0,,
NAGALAND,Kiphire,SITIMI,0,0.0,0.0,66.709,0.0,0.0,0.0,,
NAGALAND,Zunheboto,Satoi,0,0.0,0.0,64.27,0.0,0.0,0.0,,
NAGALAND,Zunheboto,SATAKHA,0,0.0,0.0,47.462,0.0,0.0,0.0,,
NAGALAND,Zunheboto,GHATHASHI,0,0.0,0.0,36.293,0.0,0.0,0.0,,
NAGALAND,Phek,SEKRUZU,0,0.0,0.0,41.883,0.0,0.0,0.0,,
NAGALAND,Tseminyu,Chunlikha,0,0.0,0.0,27.693,0.0,0.0,0.0,,
NAGALAND,Wokha,CHUKITONG,0,0.0,0.0,41.832,0.0,0.0,0.0,,
NAGALAND,Wokha,WOKHA,0,0.0,0.0,34.608,0.0,0.0,0.0,,
NAGALAND,Wokha,SANIS,0,0.0,0.0,35.279,0.0,0.0,0.0,,
NAGALAND,Wokha,Ralan,0,0.0,0.0,14.485,0.0,0.0,0.0,,
NAGALAND,Wokha,NIULAND,0,0.0,0.0,6.88,0.0,0.0,0.0,,
NAGALAND,Wokha,WOZHURO-RALAN,0,0.0,0.0,22.201,0.0,0.0,0.0,,
NAGALAND,Tseminyu,TSEMINYU,0,0.0,0.0,15.81,0.0,0.0,0.0,,
NAGALAND,Kohima,Botsa,0,0.0,0.0,22.634,0.0,0.0,0.0,,
NAGALAND,Kohima,CHIEPHOBOZOU,0,0.0,0.0,18.208,0.0,0.0,0.0,,
NAGALAND,Niuland,AGHUNAQA,1,1.866,0.0236,3.56,1.866,0.0,0.0,,
NAGALAND,Chumoukedima,MEDZIPHEMA,0,0.0,0.0,10.956,0.0,0.0,0.0,,
NAGALAND,Chumoukedima,CHUMUKEDIMA,0,0.0,0.0,9.337,0.0,0.0,0.0,,
ASSAM,Golaghat,GOLAGHAT SOUTH,1,13.99,0.0161,24.642,13.99,0.0,0.0,,
NAGALAND,Wokha,BHANDARI,0,0.0,0.0,35.93,0.0,0.0,0.0,,
ASSAM,Golaghat,GOMARIGURI,0,0.0,0.0,44.29,0.0,0.0,0.0,,
ASSAM,Golaghat,GOLAGHAT EAST,0,0.0,0.0,61.452,0.0,0.0,0.0,,
ASSAM,Jorhat,TITABOR,0,0.0,0.0,69.377,0.0,0.0,0.0,,
ASSAM,Golaghat,GOLAGHAT CENTRAL,0,0.0,0.0,74.175,0.0,0.0,0.0,,
ASSAM,Golaghat,MORONGI,0,0.0,0.0,64.113,0.0,0.0,0.0,,
ASSAM,Golaghat,GOLAGHAT NORTH,0,0.0,0.0,83.652,0.0,0.0,0.0,,
ASSAM,Lakhimpur,NARAYANPUR,0,0.0,0.0,78.01,0.0,0.0,0.0,,
ASSAM,Lakhimpur,KARUNABARI,0,0.0,0.0,90.178,0.0,0.0,0.0,,
ASSAM,Lakhimpur,BIHPURIA,0,0.0,0.0,91.146,0.0,0.0,0.0,,
ASSAM,Majuli,MAJULI,0,0.0,0.0,89.302,0.0,0.0,0.0,,
ASSAM,Lakhimpur,TELAHI,0,0.0,0.0,69.974,0.0,0.0,0.0,,
ASSAM,Jorhat,NORTH WEST JORHAT,0,0.0,0.0,86.041,0.0,0.0,0.0,,
ASSAM,Golaghat,KAKODONGA,0,0.0,0.0,85.806,0.0,0.0,0.0,,
ASSAM,Jorhat,KALIAPANI,0,0.0,0.0,61.541,0.0,0.0,0.0,,
ASSAM,Jorhat,JORHAT CENTRAL,0,0.0,0.0,74.079,0.0,0.0,0.0,,
ASSAM,Jorhat,JORHAT EAST,0,0.0,0.0,73.496,0.0,0.0,0.0,,
ASSAM,Sivasagar,AMGURI,0,0.0,0.0,55.848,0.0,0.0,0.0,,
ASSAM,Sivasagar,GAURISAGAR,0,0.0,0.0,50.426,0.0,0.0,0.0,,
ASSAM,Sivasagar,DEMOW,0,0.0,0.0,21.988,0.0,0.0,0.0,,
ASSAM,Majuli,UJANI MAJULI,0,0.0,0.0,53.963,0.0,0.0,0.0,,
ASSAM,Lakhimpur,GHILAMARA,0,0.0,0.0,51.691,0.0,0.0,0.0,,
ASSAM,Lakhimpur,DHAKUAKHANA,0,0.0,0.0,34.86,0.0,0.0,0.0,,
ASSAM,Dhemaji,DHEMAJI,0,0.0,0.0,39.812,0.0,0.0,0.0,,
ASSAM,Dhemaji,MACHKHOWA,0,0.0,0.0,30.612,0.0,0.0,0.0,,
ASSAM,Dhemaji,BORDOLONI,0,0.0,0.0,53.507,0.0,0.0,0.0,,
ARUNACHAL PRADESH,Papum Pare,KIMIN,0,0.0,0.0,88.882,0.0,0.0,0.0,,
ASSAM,Lakhimpur,BOGINADI,0,0.0,0.0,67.364,0.0,0.0,0.0,,
ASSAM,Lakhimpur,LAKHIMPUR,0,0.0,0.0,67.503,0.0,0.0,0.0,,
ASSAM,Lakhimpur,NOWBOICHA,0,0.0,0.0,84.38,0.0,0.0,0.0,,
ARUNACHAL PRADESH,Lower Subansiri,HONG-HARI,0,0.0,0.0,99.315,0.0,0.0,0.0,,
ARUNACHAL PRADESH,Lower Subansiri,Yachuli,0,0.0,0.0,103.067,0.0,0.0,0.0,,
ARUNACHAL PRADESH,Lower Subansiri,ZIRO-I,0,0.0,0.0,106.931,0.0,0.0,0.0,,
ARUNACHAL PRADESH,Lower Subansiri,CHAMBANG,0,0.0,0.0,119.555,0.0,0.0,0.0,,
ARUNACHAL PRADESH,Kamle,Dollumukh Taming,0,0.0,0.0,76.924,0.0,0.0,0.0,,
ARUNACHAL PRADESH,Kamle,TAMEN-RAGA,0,0.0,0.0,94.212,0.0,0.0,0.0,,
ARUNACHAL PRADESH,Kamle,Kamporijo - I,0,0.0,0.0,83.872,0.0,0.0,0.0,,
ARUNACHAL PRADESH,Upper Subansiri,DAPORIJO,0,0.0,0.0,101.715,0.0,0.0,0.0,,
ARUNACHAL PRADESH,Kra Daadi,TALI,0,0.0,0.0,131.052,0.0,0.0,0.0,,
ARUNACHAL PRADESH,Upper Subansiri,Siyum,0,0.0,0.0,154.109,0.0,0.0,0.0,,
ARUNACHAL PRADESH,Upper Subansiri,TALIHA,0,0.0,0.0,123.768,0.0,0.0,0.0,,
ARUNACHAL PRADESH,Upper Subansiri,GIBA,0,0.0,0.0,125.471,0.0,0.0,0.0,,
ARUNACHAL PRADESH,Shi Yomi,MECHUKA-TATO,0,0.0,0.0,147.59,0.0,0.0,0.0,,
ARUNACHAL PRADESH,West Siang,KAYING PAYUM,0,0.0,0.0,108.199,0.0,0.0,0.0,,
ARUNACHAL PRADESH,West Siang,Darak,0,0.0,0.0,112.852,0.0,0.0,0.0,,
ARUNACHAL PRADESH,West Siang,LIROMOBA-YOMCHA,0,0.0,0.0,99.505,0.0,0.0,0.0,,
ARUNACHAL PRADESH,Leparada,TIRBIN,0,0.0,0.0,82.945,0.0,0.0,0.0,,
ARUNACHAL PRADESH,Upper Subansiri,BARIRIJO,0,0.0,0.0,80.778,0.0,0.0,0.0,,
ARUNACHAL PRADESH,Upper Subansiri,DUMPORIJO,0,0.0,0.0,106.343,0.0,0.0,0.0,,
ARUNACHAL PRADESH,Upper Subansiri,PUCHI GEKO,0,0.0,0.0,90.073,0.0,0.0,0.0,,
ARUNACHAL PRADESH,Lower Siang,Likabali,0,0.0,0.0,50.402,0.0,0.0,0.0,,
ARUNACHAL PRADESH,Lower Siang,GENSI,0,0.0,0.0,66.131,0.0,0.0,0.0,,
ARUNACHAL PRADESH,Leparada,Daring,0,0.0,0.0,62.274,0.0,0.0,0.0,,
ARUNACHAL PRADESH,Leparada,BASAR,0,0.0,0.0,72.665,0.0,0.0,0.0,,
ARUNACHAL PRADESH,West Siang,ALONG WEST,0,0.0,0.0,82.539,0.0,0.0,0.0,,
ARUNACHAL PRADESH,Lower Siang,Bosing,0,0.0,0.0,68.644,0.0,0.0,0.0,,
ARUNACHAL PRADESH,Lower Siang,Koyu,0,0.0,0.0,70.578,0.0,0.0,0.0,,
ARUNACHAL PRADESH,Lower Siang,Nari-seren,0,0.0,0.0,56.123,0.0,0.0,0.0,,
ASSAM,Dhemaji,MURKONGSELEK,0,0.0,0.0,54.062,0.0,0.0,0.0,,
ASSAM,Tinsukia,GUIJAN,0,0.0,0.0,53.103,0.0,0.0,0.0,,
ASSAM,Tinsukia,SAIKHOWA,0,0.0,0.0,75.324,0.0,0.0,0.0,,
ARUNACHAL PRADESH,East Siang,Pasighat,0,0.0,0.0,89.242,0.0,0.0,0.0,,
ARUNACHAL PRADESH,East Siang,Sille - Oyan,0,0.0,0.0,76.944,0.0,0.0,0.0,,
ARUNACHAL PRADESH,East Siang,Ruksin,0,0.0,0.0,65.344,0.0,0.0,0.0,,
ARUNACHAL PRADESH,East Siang,Bilat,0,0.0,0.0,77.183,0.0,0.0,0.0,,
ARUNACHAL PRADESH,East Siang,MEBO,0,0.0,0.0,97.447,0.0,0.0,0.0,,
ARUNACHAL PRADESH,Lower Dibang Valley,DAMBUK,0,0.0,0.0,119.927,0.0,0.0,0.0,,
ARUNACHAL PRADESH,Upper Siang,MARIYANG,0,0.0,0.0,134.535,0.0,0.0,0.0,,
ARUNACHAL PRADESH,Upper Siang,GEKU,0,0.0,0.0,117.238,0.0,0.0,0.0,,
ARUNACHAL PRADESH,Siang,Riga,0,0.0,0.0,123.848,0.0,0.0,0.0,,
ARUNACHAL PRADESH,Siang,Rebo Parging,0,0.0,0.0,107.23,0.0,0.0,0.0,,
ARUNACHAL PRADESH,Siang,Bogong,0,0.0,0.0,90.657,0.0,0.0,0.0,,
ARUNACHAL PRADESH,Siang,PANGIN,0,0.0,0.0,95.65,0.0,0.0,0.0,,
ARUNACHAL PRADESH,Siang,Jomlo Mobuk,0,0.0,0.0,101.968,0.0,0.0,0.0,,
ARUNACHAL PRADESH,West Siang,Along East,0,0.0,0.0,90.616,0.0,0.0,0.0,,
ARUNACHAL PRADESH,Siang,RUMGONG,0,0.0,0.0,112.046,0.0,0.0,0.0,,
ARUNACHAL PRADESH,Siang,Boleng,0,0.0,0.0,119.48,0.0,0.0,0.0,,
ARUNACHAL PRADESH,Upper Siang,TUTING,0,0.0,0.0,177.433,0.0,0.0,0.0,,
ARUNACHAL PRADESH,Upper Siang,YINGKIONG,0,0.0,0.0,150.185,0.0,0.0,0.0,,
ARUNACHAL PRADESH,Siang,Payum,0,0.0,0.0,143.621,0.0,0.0,0.0,,
ARUNACHAL PRADESH,Shi Yomi,Monigong-Pidi,0,0.0,0.0,176.163,0.0,0.0,0.0,,
ARUNACHAL PRADESH,Upper Subansiri,NACHO,0,0.0,0.0,168.46,0.0,0.0,0.0,,
ARUNACHAL PRADESH,Upper Subansiri,LIMEKING,0,0.0,0.0,175.015,0.0,0.0,0.0,,
ARUNACHAL PRADESH,Kra Daadi,PIPSORANG,0,0.0,0.0,150.726,0.0,0.0,0.0,,
ARUNACHAL PRADESH,Kra Daadi,YANGTE,0,0.0,0.0,119.467,0.0,0.0,0.0,,
ARUNACHAL PRADESH,Kra Daadi,PALIN,0,0.0,0.0,105.105,0.0,0.0,0.0,,
ARUNACHAL PRADESH,Kurung Kumey,SANGRAM,0,0.0,0.0,109.782,0.0,0.0,0.0,,
ARUNACHAL PRADESH,Kurung Kumey,NYAPIN,0,0.0,0.0,92.85,0.0,0.0,0.0,,
ARUNACHAL PRADESH,Kurung Kumey,KOLORIANG,0,0.0,0.0,109.946,0.0,0.0,0.0,,
ARUNACHAL PRADESH,Kurung Kumey,PARSIPARLO,0,0.0,0.0,123.96,0.0,0.0,0.0,,
ARUNACHAL PRADESH,Kurung Kumey,SARLI,0,0.0,0.0,116.908,0.0,0.0,0.0,,
ARUNACHAL PRADESH,Kurung Kumey,DAMIN,0,0.0,0.0,139.953,0.0,0.0,0.0,,
ARUNACHAL PRADESH,East Kameng,CHAYANGTAJO,0,0.0,0.0,94.363,0.0,0.0,0.0,,
ARUNACHAL PRADESH,Tawang,JANG-THINGBU,0,0.0,0.0,84.12,0.0,0.0,0.0,,
ARUNACHAL PRADESH,Tawang,ZEMITHANG DUDUNGHAR,0,0.0,0.0,93.344,0.0,0.0,0.0,,
ARUNACHAL PRADESH,Tawang,TAWANG,0,0.0,0.0,82.812,0.0,0.0,0.0,,
ARUNACHAL PRADESH,Tawang,KITPI,0,0.0,0.0,82.109,0.0,0.0,0.0,,
ARUNACHAL PRADESH,Tawang,MUKTO BONGKHAR,0,0.0,0.0,71.42,0.0,0.0,0.0,,
ARUNACHAL PRADESH,Tawang,LUMLA,0,0.0,0.0,80.427,0.0,0.0,0.0,,
ASSAM,Udalguri,BHERGAON,0,0.0,0.0,10.361,0.0,0.0,0.0,,
ASSAM,Tamulpur,NAGRIJULI,6,7.54,0.0297,4.104,4.694,2.846,0.0,,
ASSAM,Tamulpur,TAMULPUR,8,26.159,0.0857,8.553,24.767,1.392,0.0,,
ASSAM,Baksa,DHAMDHAMA,0,0.0,0.0,12.734,0.0,0.0,0.0,,
ASSAM,Baksa,BASKA,7,23.1,0.0887,2.795,8.409,10.228,4.463,,
ASSAM,Barpeta,GOBARDHANA,0,0.0,0.0,20.125,0.0,0.0,0.0,,
ASSAM,Barpeta,CHAKCHAKA,0,0.0,0.0,17.257,0.0,0.0,0.0,,
ASSAM,Barpeta,GOMAPHULBARI,0,0.0,0.0,26.754,0.0,0.0,0.0,,
ASSAM,Barpeta,MANDIA,0,0.0,0.0,36.77,0.0,0.0,0.0,,
ASSAM,Barpeta,RUPOSHI,0,0.0,0.0,27.747,0.0,0.0,0.0,,
ASSAM,Bongaigaon,SRIJANGRAM,0,0.0,0.0,26.646,0.0,0.0,0.0,,
ASSAM,Bongaigaon,TAPATTARY,0,0.0,0.0,29.033,0.0,0.0,0.0,,
ASSAM,Chirang,MANIKPUR,0,0.0,0.0,27.066,0.0,0.0,0.0,,
ASSAM,Chirang,MANIKPUR PART,0,0.0,0.0,19.101,0.0,0.0,0.0,,
ASSAM,Chirang,BOROBAZAR,0,0.0,0.0,23.776,0.0,0.0,0.0,,
ASSAM,Chirang,SIDLI-CHIRANG,28,86.04,0.097,8.376,54.464,26.031,5.544,,
ASSAM,Bongaigaon,DANGTOL,0,0.0,0.0,11.011,0.0,0.0,0.0,,
ASSAM,Kokrajhar,Kokrajhar,21,51.768,0.0375,24.357,30.031,15.602,6.134,,
ASSAM,Kokrajhar,Dotma,6,27.851,0.1051,3.086,27.851,0.0,0.0,,
ASSAM,Kokrajhar,Chapor-Salkocha-BTC,0,0.0,0.0,14.693,0.0,0.0,0.0,,
ASSAM,Dhubri,MAHAMAYA,0,0.0,0.0,17.354,0.0,0.0,0.0,,
ASSAM,Dhubri,BILASIPARA,0,0.0,0.0,21.024,0.0,0.0,0.0,,
ASSAM,Dhubri,CHAPAR SALKOCHA,0,0.0,0.0,22.418,0.0,0.0,0.0,,
ASSAM,Bongaigaon,BOITAMARI,0,0.0,0.0,23.778,0.0,0.0,0.0,,
ASSAM,Goalpara,BALIJANA,0,0.0,0.0,42.648,0.0,0.0,0.0,,
ASSAM,Goalpara,LAKHIPUR,0,0.0,0.0,43.002,0.0,0.0,0.0,,
ASSAM,Goalpara,KHARMUZA,0,0.0,0.0,39.507,0.0,0.0,0.0,,
ASSAM,Dhubri,NAYERALGA,0,0.0,0.0,28.318,0.0,0.0,0.0,,
ASSAM,South Salmara Mancachar,JAMADARHAT,0,0.0,0.0,47.685,0.0,0.0,0.0,,
ASSAM,Goalpara,JALESWAR,0,0.0,0.0,43.47,0.0,0.0,0.0,,
MEGHALAYA,West Garo Hills,TIKRIKILLA,0,0.0,0.0,58.941,0.0,0.0,0.0,,
MEGHALAYA,West Garo Hills,DADENGGIRI,0,0.0,0.0,70.157,0.0,0.0,0.0,,
MEGHALAYA,North Garo Hills,RESUBELPARA,0,0.0,0.0,69.047,0.0,0.0,0.0,,
ASSAM,Goalpara,KRISHNAI,0,0.0,0.0,54.497,0.0,0.0,0.0,,
ASSAM,Goalpara,MATIA,0,0.0,0.0,46.143,0.0,0.0,0.0,,
ASSAM,Goalpara,KUCHDHOWA,0,0.0,0.0,60.064,0.0,0.0,0.0,,
ASSAM,Goalpara,RONGJULI,0,0.0,0.0,52.188,0.0,0.0,0.0,,
MEGHALAYA,North Garo Hills,KHARKUTTA,0,0.0,0.0,71.162,0.0,0.0,0.0,,
ASSAM,Kamrup,BOKO,0,0.0,0.0,59.444,0.0,0.0,0.0,,
ASSAM,Kamrup,BONGAON,0,0.0,0.0,58.358,0.0,0.0,0.0,,
ASSAM,Kamrup,CHAYGAON,0,0.0,0.0,53.88,0.0,0.0,0.0,,
ASSAM,Kamrup,CHAYANI,0,0.0,0.0,52.506,0.0,0.0,0.0,,
ASSAM,Kamrup,RAMPUR,0,0.0,0.0,43.711,0.0,0.0,0.0,,
ASSAM,Kamrup,GOROIMARI,0,0.0,0.0,35.135,0.0,0.0,0.0,,
ASSAM,Kamrup,CHAMARIA,0,0.0,0.0,37.578,0.0,0.0,0.0,,
ASSAM,Barpeta,CHENGA,0,0.0,0.0,25.383,0.0,0.0,0.0,,
ASSAM,Barpeta,SARUKHETRI,0,0.0,0.0,11.468,0.0,0.0,0.0,,
ASSAM,Barpeta,PAKABETBARI,1,1.902,0.009,7.443,1.902,0.0,0.0,,
ASSAM,Barpeta,BARPETA,0,0.0,0.0,18.026,0.0,0.0,0.0,,
ASSAM,Bajali,BHABANIPUR,0,0.0,0.0,5.794,0.0,0.0,0.0,,
ASSAM,Baksa,JALAH,23,98.2,0.1021,2.072,75.879,14.069,8.252,,
ASSAM,Bajali,BAJALI,18,66.273,0.2527,2.261,53.92,9.468,2.885,,
ASSAM,Nalbari,MADHUPUR,0,0.0,0.0,16.588,0.0,0.0,0.0,,
ASSAM,Nalbari,TIHU,0,0.0,0.0,8.767,0.0,0.0,0.0,,
ASSAM,Baksa,BARAMA,0,0.0,0.0,12.406,0.0,0.0,0.0,,
ASSAM,Nalbari,PUB NALBARI,0,0.0,0.0,20.018,0.0,0.0,0.0,,
ASSAM,Nalbari,BORBHAG,0,0.0,0.0,23.224,0.0,0.0,0.0,,
ASSAM,Nalbari,PASCHIM NALBARI,0,0.0,0.0,14.003,0.0,0.0,0.0,,
ASSAM,Nalbari,BARKHETRI,0,0.0,0.0,24.091,0.0,0.0,0.0,,
ASSAM,Kamrup,HAJO,0,0.0,0.0,31.159,0.0,0.0,0.0,,
ASSAM,Kamrup,SUALKUCHI,0,0.0,0.0,24.466,0.0,0.0,0.0,,
ASSAM,Kamrup,KAMALPUR,0,0.0,0.0,10.909,0.0,0.0,0.0,,
ASSAM,Nalbari,BARIGOG BANBHAG,0,0.0,0.0,12.271,0.0,0.0,0.0,,
ASSAM,Tamulpur,GORESWAR,16,85.286,0.3168,0.436,40.866,41.803,2.618,,
ASSAM,Kamrup,RANGIA,0,0.0,0.0,8.918,0.0,0.0,0.0,,
ASSAM,Udalguri,KALAIGAON,0,0.0,0.0,5.13,0.0,0.0,0.0,,
ASSAM,Darrang,GORESWAR,3,4.406,0.0255,5.363,1.921,2.485,0.0,,
ASSAM,Darrang,SIPAJHAR,0,0.0,0.0,11.722,0.0,0.0,0.0,,
ASSAM,Kamrup,BIHDIA -JAJIKONA,13,40.257,0.2515,0.356,19.68,16.861,3.715,,
ASSAM,Kamrup,BEZERA,0,0.0,0.0,12.093,0.0,0.0,0.0,,
ASSAM,Kamrup Metro,BEZERA (PT),0,0.0,0.0,21.978,0.0,0.0,0.0,,
ASSAM,Kamrup Metro,CHANDRAPUR,0,0.0,0.0,24.077,0.0,0.0,0.0,,
ASSAM,Kamrup Metro,DIMORIA,0,0.0,0.0,32.284,0.0,0.0,0.0,,
ASSAM,Kamrup Metro,RANI (PT),0,0.0,0.0,33.13,0.0,0.0,0.0,,
ASSAM,Kamrup,RANI,0,0.0,0.0,47.215,0.0,0.0,0.0,,
MEGHALAYA,Ri Bhoi,JIRANG,0,0.0,0.0,49.641,0.0,0.0,0.0,,
MEGHALAYA,Ri Bhoi,UMSNING,0,0.0,0.0,62.359,0.0,0.0,0.0,,
MEGHALAYA,Ri Bhoi,UMLING,0,0.0,0.0,49.859,0.0,0.0,0.0,,
ASSAM,West Karbi Anglong,AMRI,0,0.0,0.0,44.838,0.0,0.0,0.0,,
ASSAM,West Karbi Anglong,SOCHENG,9,24.578,0.0357,33.036,20.267,4.311,0.0,,
ASSAM,West Karbi Anglong,RONGKHANG,2,0.179,0.0003,15.738,0.179,0.0,0.0,,
ASSAM,Nagaon,KATHIATOLI,0,0.0,0.0,12.712,0.0,0.0,0.0,,
ASSAM,Nagaon,KAPILI PT.I,0,0.0,0.0,7.837,0.0,0.0,0.0,,
ASSAM,West Karbi Anglong,CHINTHONG,0,0.0,0.0,22.101,0.0,0.0,0.0,,
ASSAM,Marigaon,KAPILI,0,0.0,0.0,6.74,0.0,0.0,0.0,,
ASSAM,Marigaon,DOLONGGHAT (PART),8,13.841,0.2032,0.21,12.608,0.0,1.233,,
ASSAM,Nagaon,DOLONGGHAT,6,15.405,0.2498,0.133,15.405,0.0,0.0,,
ASSAM,Nagaon,RAHA,13,26.693,0.097,4.968,24.481,0.0,0.746,,
ASSAM,Nagaon,PAKHIMORIA,6,8.04,0.1103,3.213,8.04,0.0,0.0,,
ASSAM,Nagaon,BARHAMPUR,7,10.218,0.0579,6.412,9.15,0.0,1.069,,
ASSAM,Nagaon,KHAGARIJAN,9,10.692,0.0958,1.516,9.696,0.0,0.996,,
ASSAM,Nagaon,RUPAHI,6,6.28,0.0631,5.037,4.974,0.0,1.306,,
ASSAM,Nagaon,LAOKHOWA,1,0.519,0.0035,4.361,0.519,0.0,0.0,,
ASSAM,Sonitpur,GABHORU,0,0.0,0.0,14.16,0.0,0.0,0.0,,
ASSAM,Nagaon,JURIA,0,0.0,0.0,9.86,0.0,0.0,0.0,,
ASSAM,Nagaon,BATADRAVA,0,0.0,0.0,6.928,0.0,0.0,0.0,,
ASSAM,Nagaon,MOIRABARI PART,0,0.0,0.0,10.665,0.0,0.0,0.0,,
ASSAM,Marigaon,MOIRABARI,0,0.0,0.0,15.916,0.0,0.0,0.0,,
ASSAM,Sonitpur,BORCHALA,0,0.0,0.0,19.205,0.0,0.0,0.0,,
ASSAM,Udalguri,BORSOLA,0,0.0,0.0,11.521,0.0,0.0,0.0,,
ASSAM,Udalguri,BECHIMARI,9,31.688,0.4921,0.118,4.16,8.156,16.757,,
ASSAM,Darrang,BECHIMARI,5,19.153,0.1738,0.568,0.152,3.873,15.128,,
ASSAM,Darrang,DALGAON-SIALMARI,3,8.742,0.0262,8.457,0.0,3.722,5.02,,
ASSAM,Marigaon,BHURBANDHA,0,0.0,0.0,18.064,0.0,0.0,0.0,,
ASSAM,Marigaon,MAYANG,0,0.0,0.0,34.185,0.0,0.0,0.0,,
ASSAM,Marigaon,LAHARIGHAT,0,0.0,0.0,21.617,0.0,0.0,0.0,,
ASSAM,Darrang,PUB-MANGALDAI,0,0.0,0.0,14.944,0.0,0.0,0.0,,
ASSAM,Darrang,PACHIM-MANGALDAI,3,5.232,0.0295,3.948,5.011,0.221,0.0,,
ASSAM,Udalguri,PASCHIM-MANGALDAI,0,0.0,0.0,10.43,0.0,0.0,0.0,,
ASSAM,Udalguri,PUB-MANGALDAI,0,0.0,0.0,7.76,0.0,0.0,0.0,,
ASSAM,Darrang,KHOIRABARI,6,14.302,0.1309,3.134,4.519,1.871,7.912,,
ASSAM,Udalguri,KALAIGAON,6,15.515,0.0877,6.103,2.734,1.498,11.283,,
ASSAM,Udalguri,ODALGURI,32,181.96,0.2789,0.18,92.313,50.163,39.484,,
ASSAM,Udalguri,ROWTA,16,64.09,0.479,0.977,17.757,32.864,12.863,,
ASSAM,Udalguri,MAZBAT,5,10.395,0.0268,6.951,0.0,0.319,10.076,,
ARUNACHAL PRADESH,West Kameng,KALAKTANG,1,0.064,0.0001,22.341,0.064,0.0,0.0,,
ARUNACHAL PRADESH,West Kameng,DIRANG,0,0.0,0.0,59.6,0.0,0.0,0.0,,
ARUNACHAL PRADESH,West Kameng,THRIZINO,0,0.0,0.0,40.233,0.0,0.0,0.0,,
ARUNACHAL PRADESH,West Kameng,Singchung,0,0.0,0.0,47.037,0.0,0.0,0.0,,
ARUNACHAL PRADESH,West Kameng,Nafra,0,0.0,0.0,78.43,0.0,0.0,0.0,,
ARUNACHAL PRADESH,East Kameng,Khenewa,0,0.0,0.0,76.543,0.0,0.0,0.0,,
ASSAM,Sonitpur,DHEKIAJULI,0,0.0,0.0,25.954,0.0,0.0,0.0,,
ASSAM,Sonitpur,BIHAGURI,0,0.0,0.0,22.424,0.0,0.0,0.0,,
ASSAM,Sonitpur,RANGAPARA,0,0.0,0.0,20.637,0.0,0.0,0.0,,
ASSAM,Sonitpur,BALIPARA,0,0.0,0.0,7.15,0.0,0.0,0.0,,
ASSAM,Biswanath,NADUAR,16,94.554,0.4687,0.058,0.098,30.72,63.736,,
ASSAM,Biswanath,SOOTEA,12,75.816,0.1716,0.678,8.231,18.522,49.063,,
ASSAM,Biswanath,BISWANATH,0,0.0,0.0,13.681,0.0,0.0,0.0,,
ASSAM,Biswanath,BAGHMARA,0,0.0,0.0,16.819,0.0,0.0,0.0,,
ASSAM,Biswanath,SAKOMATHA,0,0.0,0.0,5.885,0.0,0.0,0.0,,
ARUNACHAL PRADESH,Pakke Kessang,Seijosa,0,0.0,0.0,16.494,0.0,0.0,0.0,,
ARUNACHAL PRADESH,East Kameng,Bana,0,0.0,0.0,42.528,0.0,0.0,0.0,,
ARUNACHAL PRADESH,East Kameng,BAMENG,0,0.0,0.0,63.216,0.0,0.0,0.0,,
ARUNACHAL PRADESH,East Kameng,Pipu,0,0.0,0.0,67.486,0.0,0.0,0.0,,
ARUNACHAL PRADESH,East Kameng,SEPPA,0,0.0,0.0,40.835,0.0,0.0,0.0,,
ARUNACHAL PRADESH,Pakke Kessang,PAKKEKESSANG,0,0.0,0.0,32.852,0.0,0.0,0.0,,
ARUNACHAL PRADESH,Papum Pare,SAGALEE,0,0.0,0.0,65.2,0.0,0.0,0.0,,
ARUNACHAL PRADESH,Papum Pare,Leporiang,0,0.0,0.0,52.16,0.0,0.0,0.0,,
ARUNACHAL PRADESH,Papum Pare,MENGIO,0,0.0,0.0,78.587,0.0,0.0,0.0,,
ARUNACHAL PRADESH,Papum Pare,BORUM,0,0.0,0.0,67.887,0.0,0.0,0.0,,
ARUNACHAL PRADESH,Lower Subansiri,PISTANA,0,0.0,0.0,94.78,0.0,0.0,0.0,,
ARUNACHAL PRADESH,Lower Subansiri,ZIRO-II,0,0.0,0.0,85.314,0.0,0.0,0.0,,
ARUNACHAL PRADESH,Papum Pare,Toru,0,0.0,0.0,81.053,0.0,0.0,0.0,,
ARUNACHAL PRADESH,Itanagar capital complex,DOIMUKH,0,0.0,0.0,65.705,0.0,0.0,0.0,,
ARUNACHAL PRADESH,Papum Pare,Lower Balijan,0,0.0,0.0,64.252,0.0,0.0,0.0,,
ARUNACHAL PRADESH,Papum Pare,Upper Balijan,0,0.0,0.0,45.279,0.0,0.0,0.0,,
ARUNACHAL PRADESH,Papum Pare,Tarasso,0,0.0,0.0,43.084,0.0,0.0,0.0,,
ASSAM,Biswanath,BEHALI,0,0.0,0.0,28.406,0.0,0.0,0.0,,
ASSAM,Golaghat,GOLAGHAT WEST,0,0.0,0.0,55.109,0.0,0.0,0.0,,
ASSAM,Biswanath,CHAIDUAR,0,0.0,0.0,46.22,0.0,0.0,0.0,,
ASSAM,Biswanath,PUB CHAIDUAR,0,0.0,0.0,63.368,0.0,0.0,0.0,,
ASSAM,Karbi Anglong,NILIP,0,0.0,0.0,49.43,0.0,0.0,0.0,,
ASSAM,Karbi Anglong,RONGMONGWE,0,0.0,0.0,32.127,0.0,0.0,0.0,,
ASSAM,Nagaon,KALIABOR,13,45.197,0.1172,22.883,13.362,14.251,16.159,,
ASSAM,Nagaon,PACHIM KALIABOR,8,25.805,0.1386,7.584,16.035,4.09,5.681,,
ASSAM,Nagaon,BAJIAGAON,11,25.161,0.1476,1.597,17.484,5.197,2.481,,
ASSAM,Karbi Anglong,SAMELANGSO,2,2.515,0.0062,8.236,2.515,0.0,0.0,,
ASSAM,Karbi Anglong,HOWRAGHAT,21,69.271,0.0475,7.558,26.434,36.754,6.083,,
ASSAM,Karbi Anglong,LANGSOMEPI,0,0.0,0.0,8.215,0.0,0.0,0.0,,
ASSAM,Hojai,JUGIJAN,16,85.083,0.2219,0.072,0.0,25.434,59.65,,
ASSAM,Hojai,BINAKANDI,15,81.58,0.4725,0.086,0.0,28.827,52.753,,
ASSAM,Hojai,UDALI,4,26.429,0.1392,4.231,0.0,16.254,10.175,,
ASSAM,Hojai,DHALPUKHURI,1,9.386,0.0449,3.984,0.0,9.386,0.0,,
ASSAM,Hojai,LUMDING,0,0.0,0.0,16.053,0.0,0.0,0.0,,
ASSAM,Karbi Anglong,BOKAJAN,0,0.0,0.0,25.422,0.0,0.0,0.0,,
ASSAM,Karbi Anglong,LUMBAJONG,0,0.0,0.0,26.936,0.0,0.0,0.0,,
NAGALAND,Dimapur,KUHUBOTO,0,0.0,0.0,8.833,0.0,0.0,0.0,,
NAGALAND,Chumoukedima,DHANSIRIPAR,0,0.0,0.0,18.481,0.0,0.0,0.0,,
NAGALAND,Peren,JALUKIE,0,0.0,0.0,27.862,0.0,0.0,0.0,,
NAGALAND,Peren,TENNING,0,0.0,0.0,56.784,0.0,0.0,0.0,,
NAGALAND,Peren,ATHIBUNG,0,0.0,0.0,47.434,0.0,0.0,0.0,,
ASSAM,Dima Hasao,DIYUNGBRA,0,0.0,0.0,29.661,0.0,0.0,0.0,,
ASSAM,Dima Hasao,DIYANG VALLEY,0,0.0,0.0,59.08,0.0,0.0,0.0,,
ASSAM,Dima Hasao,JATINGA VALLEY,0,0.0,0.0,51.326,0.0,0.0,0.0,,
ASSAM,Cachar,UDHARBOND,0,0.0,0.0,24.384,0.0,0.0,0.0,,
ASSAM,Cachar,BANSKANDI,0,0.0,0.0,11.6,0.0,0.0,0.0,,
ASSAM,Cachar,LAKHIPUR,0,0.0,0.0,8.474,0.0,0.0,0.0,,
ASSAM,Cachar,RAJABAZAR,0,0.0,0.0,21.183,0.0,0.0,0.0,,
MANIPUR,Tamenglong,TOUSEM,0,0.0,0.0,36.513,0.0,0.0,0.0,,
MANIPUR,Tamenglong,TAMEI,0,0.0,0.0,36.204,0.0,0.0,0.0,,
MANIPUR,Tamenglong,TAMENGLONG,0,0.0,0.0,25.073,0.0,0.0,0.0,,
MANIPUR,Noney,KHOUPUM,3,10.576,0.0091,0.375,10.576,0.0,0.0,,
MANIPUR,Pherzawl,Thanlon,0,0.0,0.0,31.46,0.0,0.0,0.0,,
MANIPUR,Churachandpur,Henglep,1,2.587,0.0037,20.771,0.0,0.0,0.0,,
MANIPUR,Churachandpur,Samulamlan,1,1.277,0.0162,2.41,0.0,0.0,0.0,,
MANIPUR,Churachandpur,Lamka South,0,0.0,0.0,1.766,0.0,0.0,0.0,,
MANIPUR,Churachandpur,Tuibong,1,2.045,0.0191,5.18,2.045,0.0,0.0,,
MANIPUR,Churachandpur,Saikot,2,19.17,0.0424,1.351,19.17,0.0,0.0,,
MANIPUR,Churachandpur,Singngat,0,0.0,0.0,20.357,0.0,0.0,0.0,,
MIZORAM,Saitual,NGOPA,0,0.0,0.0,62.455,0.0,0.0,0.0,,
MIZORAM,Saitual,PHULLEN,0,0.0,0.0,65.012,0.0,0.0,0.0,,
MIZORAM,Aizawl,DARLAWN,0,0.0,0.0,43.512,0.0,0.0,0.0,,
MANIPUR,Pherzawl,NUNGBA,0,0.0,0.0,23.053,0.0,0.0,0.0,,
MANIPUR,Jiribam,JIRIBAM C D BLOCK,0,0.0,0.0,12.422,0.0,0.0,0.0,,
ASSAM,Cachar,BINNAKANDI,1,8.049,0.0828,0.4,8.049,0.0,0.0,,
ASSAM,Cachar,PALONGHAT,5,49.356,0.0914,0.097,49.356,0.0,0.0,,
ASSAM,Cachar,SONAI,1,5.672,0.041,5.486,5.672,0.0,0.0,,
ASSAM,Cachar,BARJALENGA,2,13.152,0.1332,2.914,13.152,0.0,0.0,,
ASSAM,Cachar,NARSINGPUR,6,62.778,0.1727,0.723,62.778,0.0,0.0,,
ASSAM,Hailakandi,LALA,0,0.0,0.0,14.744,0.0,0.0,0.0,,
ASSAM,Cachar,TAPANG,1,9.758,0.0526,2.832,9.758,0.0,0.0,,
ASSAM,Hailakandi,HAILAKANDI,0,0.0,0.0,14.201,0.0,0.0,0.0,,
ASSAM,Karimganj,RAMKRISHNA NAGAR,0,0.0,0.0,27.028,0.0,0.0,0.0,,
ASSAM,Karimganj,DULLAVCHERRA,0,0.0,0.0,35.17,0.0,0.0,0.0,,
ASSAM,Hailakandi,SOUTH HAILAKANDI,0,0.0,0.0,33.964,0.0,0.0,0.0,,
MIZORAM,Kolasib,BILKHAWTHLIR,0,0.0,0.0,19.643,0.0,0.0,0.0,,
ASSAM,Hailakandi,KATLICHERRA,0,0.0,0.0,17.327,0.0,0.0,0.0,,
MIZORAM,Kolasib,THINGDAWL,0,0.0,0.0,44.484,0.0,0.0,0.0,,
MIZORAM,Mamit,ZAWLNUAM,0,0.0,0.0,46.464,0.0,0.0,0.0,,
TRIPURA,North Tripura,Panisagar,0,0.0,0.0,17.234,0.0,0.0,0.0,,
TRIPURA,North Tripura,Damcherra,0,0.0,0.0,25.547,0.0,0.0,0.0,,
TRIPURA,North Tripura,Laljuri,0,0.0,0.0,21.559,0.0,0.0,0.0,,
TRIPURA,North Tripura,Jampui Hills,0,0.0,0.0,30.545,0.0,0.0,0.0,,
TRIPURA,North Tripura,Dasda,0,0.0,0.0,34.322,0.0,0.0,0.0,,
TRIPURA,Dhalai,Manu,0,0.0,0.0,8.31,0.0,0.0,0.0,,
TRIPURA,Unakoti,Kumarghat,4,21.568,0.1122,1.737,19.169,0.0,2.4,,
TRIPURA,Unakoti,Pecharthal,0,0.0,0.0,10.833,0.0,0.0,0.0,,
TRIPURA,Unakoti,Chandipur,0,0.0,0.0,5.836,0.0,0.0,0.0,,
TRIPURA,Unakoti,Gournagar,0,0.0,0.0,11.27,0.0,0.0,0.0,,
TRIPURA,North Tripura,Jubarajnagar,0,0.0,0.0,20.594,0.0,0.0,0.0,,
TRIPURA,North Tripura,Kalacherra,0,0.0,0.0,29.327,0.0,0.0,0.0,,
ASSAM,Karimganj,LOWAIRPOA,0,0.0,0.0,39.877,0.0,0.0,0.0,,
TRIPURA,North Tripura,Kadamtala,0,0.0,0.0,34.244,0.0,0.0,0.0,,
ASSAM,Karimganj,PATHARKANDI,0,0.0,0.0,37.354,0.0,0.0,0.0,,
MEGHALAYA,East Jaintia Hills,KHLIEHRIAT,0,0.0,0.0,69.55,0.0,0.0,0.0,,
ASSAM,Karimganj,NORTH KARIMGANJ,0,0.0,0.0,44.215,0.0,0.0,0.0,,
ASSAM,Karimganj,SOUTH KARIMGANJ,0,0.0,0.0,29.531,0.0,0.0,0.0,,
ASSAM,Cachar,KATIGORAH,0,0.0,0.0,25.304,0.0,0.0,0.0,,
ASSAM,Karimganj,BADARPUR,0,0.0,0.0,26.347,0.0,0.0,0.0,,
ASSAM,Hailakandi,ALGAPUR,0,0.0,0.0,15.323,0.0,0.0,0.0,,
ASSAM,Cachar,SALCHAPRA,0,0.0,0.0,15.593,0.0,0.0,0.0,,
ASSAM,Cachar,SILCHAR,0,0.0,0.0,10.28,0.0,0.0,0.0,,
ASSAM,Cachar,BORKHOLA,0,0.0,0.0,25.036,0.0,0.0,0.0,,
ASSAM,Cachar,KALAIN,0,0.0,0.0,36.176,0.0,0.0,0.0,,
ASSAM,Dima Hasao,HARANGAJAO,0,0.0,0.0,49.222,0.0,0.0,0.0,,
MEGHALAYA,East Jaintia Hills,SAIPUNG,0,0.0,0.0,62.302,0.0,0.0,0.0,,
ASSAM,Dima Hasao,NEW SANGBAR,0,0.0,0.0,25.908,0.0,0.0,0.0,,
MEGHALAYA,West Jaintia Hills,LASKEIN,0,0.0,0.0,56.763,0.0,0.0,0.0,,
MEGHALAYA,West Jaintia Hills,THADLASKEIN,0,0.0,0.0,75.495,0.0,0.0,0.0,,
MEGHALAYA,West Jaintia Hills,AMLAREM,0,0.0,0.0,87.326,0.0,0.0,0.0,,
MEGHALAYA,East Khasi Hills,MAWKYNREW,0,0.0,0.0,99.492,0.0,0.0,0.0,,
MEGHALAYA,East Khasi Hills,MAWRYNGKNENG,0,0.0,0.0,85.184,0.0,0.0,0.0,,
MEGHALAYA,East Khasi Hills,MYLLIEM,0,0.0,0.0,89.087,0.0,0.0,0.0,,
MEGHALAYA,East Khasi Hills,MAWPHLANG,0,0.0,0.0,91.177,0.0,0.0,0.0,,
MEGHALAYA,Eastern West Khasi Hills,MAIRANG,0,0.0,0.0,78.309,0.0,0.0,0.0,,
MEGHALAYA,East Khasi Hills,MAWSYNRAM,0,0.0,0.0,114.696,0.0,0.0,0.0,,
MEGHALAYA,East Khasi Hills,KHADARSHNONG-LAITKROH,0,0.0,0.0,108.09,0.0,0.0,0.0,,
MEGHALAYA,East Khasi Hills,PYNURSLA,0,0.0,0.0,102.316,0.0,0.0,0.0,,
MEGHALAYA,East Khasi Hills,SHELLA BHOLAGANJ,0,0.0,0.0,114.226,0.0,0.0,0.0,,
MEGHALAYA,South West Khasi Hills,RANIKOR,0,0.0,0.0,128.222,0.0,0.0,0.0,,
MEGHALAYA,South West Khasi Hills,MAWKYRWAT,0,0.0,0.0,117.245,0.0,0.0,0.0,,
MEGHALAYA,Eastern West Khasi Hills,MAWTHADRAISHAN,0,0.0,0.0,90.424,0.0,0.0,0.0,,
MEGHALAYA,West Khasi Hills,NONGSTOIN,0,0.0,0.0,94.09,0.0,0.0,0.0,,
MEGHALAYA,West Khasi Hills,MAWSHYNRUT,0,0.0,0.0,95.092,0.0,0.0,0.0,,
MEGHALAYA,East Garo Hills,DAMBO RONGJENG,0,0.0,0.0,89.077,0.0,0.0,0.0,,
MEGHALAYA,South Garo Hills,RONGARA,0,0.0,0.0,132.692,0.0,0.0,0.0,,
MEGHALAYA,South Garo Hills,BAGHMARA,0,0.0,0.0,122.601,0.0,0.0,0.0,,
MEGHALAYA,East Garo Hills,SONGSAK,0,0.0,0.0,88.364,0.0,0.0,0.0,,
MEGHALAYA,East Garo Hills,SAMANDA,0,0.0,0.0,101.652,0.0,0.0,0.0,,
MEGHALAYA,West Garo Hills,RONGRAM,0,0.0,0.0,87.236,0.0,0.0,0.0,,
MEGHALAYA,West Garo Hills,GAMBEGRE,0,0.0,0.0,111.598,0.0,0.0,0.0,,
MEGHALAYA,West Garo Hills,DALU,0,0.0,0.0,122.184,0.0,0.0,0.0,,
MEGHALAYA,South Garo Hills,CHOKPOT,0,0.0,0.0,120.806,0.0,0.0,0.0,,
MEGHALAYA,South Garo Hills,GASUAPARA,0,0.0,0.0,133.927,0.0,0.0,0.0,,
TRIPURA,West Tripura,Bamutia,0,0.0,0.0,32.24,0.0,0.0,0.0,,
TRIPURA,West Tripura,Old Agartala,0,0.0,0.0,27.56,0.0,0.0,0.0,,
TRIPURA,West Tripura,Jirania,0,0.0,0.0,15.167,0.0,0.0,0.0,,
TRIPURA,West Tripura,Mandwai,0,0.0,0.0,16.34,0.0,0.0,0.0,,
TRIPURA,West Tripura,Lefunga,0,0.0,0.0,24.309,0.0,0.0,0.0,,
TRIPURA,West Tripura,Hezamara,0,0.0,0.0,19.616,0.0,0.0,0.0,,
TRIPURA,West Tripura,Mohanpur,0,0.0,0.0,32.804,0.0,0.0,0.0,,
TRIPURA,Dhalai,Durgachowmuhani,0,0.0,0.0,16.958,0.0,0.0,0.0,,
TRIPURA,Khowai,Tulashikhar,0,0.0,0.0,21.004,0.0,0.0,0.0,,
TRIPURA,Khowai,Khowai,0,0.0,0.0,14.563,0.0,0.0,0.0,,
TRIPURA,Khowai,Padmabil,0,0.0,0.0,15.35,0.0,0.0,0.0,,
TRIPURA,Khowai,Teliamura,3,16.164,0.1341,2.109,15.544,0.0,0.0,,
TRIPURA,Khowai,Kalyanpur,2,4.48,0.0469,4.603,4.48,0.0,0.0,,
TRIPURA,Khowai,Mungiakami,4,9.379,0.0301,3.051,7.83,0.0,0.0,,
TRIPURA,Dhalai,Salema,0,0.0,0.0,14.535,0.0,0.0,0.0,,
TRIPURA,Dhalai,Ambassa,0,0.0,0.0,20.302,0.0,0.0,0.0,,
TRIPURA,Dhalai,Ganganagar,0,0.0,0.0,21.651,0.0,0.0,0.0,,
TRIPURA,Dhalai,Dumburnagar,0,0.0,0.0,30.361,0.0,0.0,0.0,,
TRIPURA,West Tripura,Belbari,0,0.0,0.0,14.593,0.0,0.0,0.0,,
TRIPURA,Gomati,Killa,1,2.879,0.0177,9.315,2.879,0.0,0.0,,
TRIPURA,Gomati,Ompi,0,0.0,0.0,15.98,0.0,0.0,0.0,,
TRIPURA,Gomati,Amarpur,0,0.0,0.0,15.38,0.0,0.0,0.0,,
TRIPURA,Gomati,Matabari,9,30.386,0.1635,2.704,23.942,0.0,0.0,,
TRIPURA,South Tripura,Bokafa,0,0.0,0.0,16.683,0.0,0.0,0.0,,
TRIPURA,Gomati,Karbook,0,0.0,0.0,23.769,0.0,0.0,0.0,,
TRIPURA,Dhalai,Raishyabari,0,0.0,0.0,32.215,0.0,0.0,0.0,,
TRIPURA,Gomati,Silachari,0,0.0,0.0,43.491,0.0,0.0,0.0,,
TRIPURA,South Tripura,Rupaichari,0,0.0,0.0,43.845,0.0,0.0,0.0,,
TRIPURA,South Tripura,Satchand,0,0.0,0.0,49.837,0.0,0.0,0.0,,
TRIPURA,South Tripura,Poangbari,0,0.0,0.0,48.796,0.0,0.0,0.0,,
TRIPURA,South Tripura,Hrishyamukh,0,0.0,0.0,36.539,0.0,0.0,0.0,,
TRIPURA,South Tripura,Jolaibari,0,0.0,0.0,28.342,0.0,0.0,0.0,,
TRIPURA,South Tripura,Bharat Chandra Nagar,0,0.0,0.0,19.662,0.0,0.0,0.0,,
TRIPURA,South Tripura,Rajnagar,0,0.0,0.0,30.105,0.0,0.0,0.0,,
TRIPURA,Sepahijala,Boxanagar,0,0.0,0.0,19.714,0.0,0.0,0.0,,
TRIPURA,Sepahijala,Mohanbhog,0,0.0,0.0,7.223,0.0,0.0,0.0,,
TRIPURA,Sepahijala,Kathalia,0,0.0,0.0,14.257,0.0,0.0,0.0,,
TRIPURA,Gomati,Kakraban,4,8.793,0.0716,4.851,8.793,0.0,0.0,,
TRIPURA,Gomati,Tepania,1,10.231,0.1123,3.593,10.231,0.0,0.0,,
TRIPURA,Sepahijala,Nalchar,0,0.0,0.0,9.477,0.0,0.0,0.0,,
TRIPURA,Sepahijala,Bishalgarh,0,0.0,0.0,26.178,0.0,0.0,0.0,,
TRIPURA,Sepahijala,Charilam,0,0.0,0.0,17.306,0.0,0.0,0.0,,
TRIPURA,Sepahijala,Jampuijala,0,0.0,0.0,16.189,0.0,0.0,0.0,,
TRIPURA,West Tripura,Dukli,0,0.0,0.0,31.473,0.0,0.0,0.0,,
MIZORAM,Lawngtlai,BUNGTLANG SOUTH,0,0.0,0.0,177.257,0.0,0.0,0.0,,
MIZORAM,Lawngtlai,LAWNGTLAI,0,0.0,0.0,181.147,0.0,0.0,0.0,,
MIZORAM,Lawngtlai,CHAWNGTE,0,0.0,0.0,163.437,0.0,0.0,0.0,,
MIZORAM,Lunglei,LUNGSEN,0,0.0,0.0,130.403,0.0,0.0,0.0,,
TRIPURA,Dhalai,Chawmanu,0,0.0,0.0,32.43,0.0,0.0,0.0,,
MIZORAM,Mamit,WEST PHAILENG,0,0.0,0.0,74.201,0.0,0.0,0.0,,
MIZORAM,Mamit,REIEK,0,0.0,0.0,70.958,0.0,0.0,0.0,,
MIZORAM,Aizawl,TLANGNUAM,0,0.0,0.0,79.587,0.0,0.0,0.0,,
MIZORAM,Aizawl,AIBAWK,0,0.0,0.0,97.222,0.0,0.0,0.0,,
MIZORAM,Lunglei,BUNGHMUN,0,0.0,0.0,102.983,0.0,0.0,0.0,,
MIZORAM,Lunglei,LUNGLEI,0,0.0,0.0,141.577,0.0,0.0,0.0,,
MIZORAM,Hnahthial,HNAHTHIAL,0,0.0,0.0,159.114,0.0,0.0,0.0,,
MIZORAM,Champhai,KHAWBUNG,0,0.0,0.0,124.821,0.0,0.0,0.0,,
MIZORAM,Serchhip,East Lungdar,0,0.0,0.0,138.839,0.0,0.0,0.0,,
MIZORAM,Serchhip,Serchhip,0,0.0,0.0,121.446,0.0,0.0,0.0,,
MIZORAM,Aizawl,THINGSULTHLIAH,0,0.0,0.0,88.386,0.0,0.0,0.0,,
MIZORAM,Khawzawl,KHAWZAWL,0,0.0,0.0,100.225,0.0,0.0,0.0,,
MIZORAM,Champhai,CHAMPHAI,0,0.0,0.0,77.861,0.0,0.0,0.0,,
MIZORAM,Lawngtlai,SANGAU,0,0.0,0.0,175.994,0.0,0.0,0.0,,
MIZORAM,Saiha,SAIHA,0,0.0,0.0,182.136,0.0,0.0,0.0,,
MIZORAM,Saiha,TUIPANG,0,0.0,0.0,200.496,0.0,0.0,0.0,,
MANIPUR,Chandel,CHAKPIKARONG,0,0.0,0.0,38.199,0.0,0.0,0.0,,
MANIPUR,Tengnoupal,TENGNOUPAL,0,0.0,0.0,30.889,0.0,0.0,0.0,,
MANIPUR,Kamjong,KASOM KHULLEN,0,0.0,0.0,14.614,0.0,0.0,0.0,,
MANIPUR,Thoubal,THOUBAL,21,84.599,0.3339,0.589,37.851,35.578,8.766,,
MANIPUR,Tengnoupal,MACHI,0,0.0,0.0,17.303,0.0,0.0,0.0,,
MANIPUR,Chandel,CHANDEL,1,0.097,0.0001,15.237,0.097,0.0,0.0,,
MANIPUR,Kakching,KAKCHING,18,42.885,0.1538,6.08,24.848,18.037,0.0,,
MANIPUR,Bishnupur,MOIRANG,4,25.364,0.1186,0.485,23.703,1.661,0.0,,
MANIPUR,Bishnupur,BISHNUPUR,15,41.589,0.3078,1.408,26.305,9.364,0.0,,
MANIPUR,Imphal West,WANGOI,5,22.998,0.133,3.238,20.532,2.466,0.0,,
MANIPUR,Thoubal,LILONG CD BLOCK,5,7.27,0.1114,0.787,4.599,2.671,0.0,,
MANIPUR,Bishnupur,Nambol,6,22.92,0.2825,2.303,18.351,4.569,0.0,,
MANIPUR,Imphal West,PATSOI,5,26.555,0.3162,0.468,19.475,7.08,0.0,,
MANIPUR,Kangpokpi,SAITU GAMPHAZOL,5,3.134,0.0055,4.323,2.597,0.205,0.0,,
MANIPUR,Imphal West,HAORANGSABAL,9,31.054,0.1461,7.849,22.605,7.843,0.0,,
MANIPUR,Imphal East,KEIRAO CD BLOCK,5,29.247,0.1116,5.072,20.072,7.341,1.833,,
MANIPUR,Kangpokpi,SAIKUL,9,22.767,0.0299,3.781,20.159,0.189,2.418,,
MANIPUR,Imphal East,Sawombung CD Block,6,30.68,0.1653,2.169,25.601,5.079,0.0,,
MANIPUR,Kangpokpi,KANGPOKPI,0,0.0,0.0,25.186,0.0,0.0,0.0,,
NAGALAND,Peren,PEREN,0,0.0,0.0,37.652,0.0,0.0,0.0,,
NAGALAND,Kohima,Sechu Zubza,0,0.0,0.0,24.43,0.0,0.0,0.0,,
NAGALAND,Kohima,JAKHAMA,0,0.0,0.0,36.228,0.0,0.0,0.0,,
NAGALAND,Kohima,KOHIMA,0,0.0,0.0,30.15,0.0,0.0,0.0,,
MANIPUR,Senapati,TADUBI,0,0.0,0.0,40.165,0.0,0.0,0.0,,
MANIPUR,Senapati,PURUL,0,0.0,0.0,43.547,0.0,0.0,0.0,,
MANIPUR,Senapati,PAOMATA,0,0.0,0.0,59.555,0.0,0.0,0.0,,
NAGALAND,Phek,PFUTSERO,0,0.0,0.0,48.171,0.0,0.0,0.0,,
NAGALAND,Phek,KIKRUMA,0,0.0,0.0,42.233,0.0,0.0,0.0,,
NAGALAND,Phek,CHETHEBA,0,0.0,0.0,39.646,0.0,0.0,0.0,,
NAGALAND,Phek,CHIZAMI,0,0.0,0.0,52.296,0.0,0.0,0.0,,
NAGALAND,Phek,PHEK,0,0.0,0.0,54.286,0.0,0.0,0.0,,
NAGALAND,Phek,MELURI,0,0.0,0.0,74.103,0.0,0.0,0.0,,
MANIPUR,Ukhrul,CHINGAI,0,0.0,0.0,68.384,0.0,0.0,0.0,,
MANIPUR,Ukhrul,UKHRUL,0,0.0,0.0,30.561,0.0,0.0,0.0,,
MANIPUR,Kamjong,PHUNGYAR,0,0.0,0.0,23.829,0.0,0.0,0.0,,
MANIPUR,Kamjong,KAMJONG,0,0.0,0.0,40.771,0.0,0.0,0.0,,
NAGALAND,Phek,WEZIHO,0,0.0,0.0,85.3,0.0,0.0,0.0,,
WEST BENGAL,24 Paraganas South,GOSABA,0,0.0,0.0,122.462,0.0,0.0,0.0,,
WEST BENGAL,24 Paraganas South,KULTALI,0,0.0,0.0,76.906,0.0,0.0,0.0,,
WEST BENGAL,24 Paraganas South,PATHAR PRATIMA,0,0.0,0.0,65.799,0.0,0.0,0.0,,
WEST BENGAL,24 Paraganas South,NAMKHANA,0,0.0,0.0,74.972,0.0,0.0,0.0,,
ODISHA,Jagatsinghapur,ERASAMA,9,17.814,0.0491,4.004,5.041,1.918,10.856,,
ODISHA,Kendrapara,MAHAKALAPADA,12,42.476,0.0841,0.334,18.051,7.343,17.082,,
ODISHA,Jagatsinghapur,KUJANG,14,57.949,0.2117,0.306,21.715,10.536,25.698,,
ODISHA,Kendrapara,PATTAMUNDAI,19,89.598,0.3297,0.121,8.145,0.0,81.452,,
ODISHA,Kendrapara,AUL,2,0.339,0.0016,7.346,0.0,0.0,0.339,,
ODISHA,Jajapur,DASARATHAPUR,14,81.606,0.3521,0.888,17.243,50.544,13.819,,
ODISHA,Bhadrak,DHAMANAGAR,15,42.762,0.1839,1.167,0.0,26.751,16.011,,
ODISHA,Bhadrak,TIHIDI,6,38.135,0.1277,2.152,31.938,2.308,3.889,,
ODISHA,Bhadrak,CHANDABALI,0,0.0,0.0,17.549,0.0,0.0,0.0,,
ODISHA,Kendrapara,RAJNAGAR,1,1.538,0.003,19.359,0.0,0.0,1.538,,
ODISHA,Kendrapara,RAJKANIKA,0,0.0,0.0,15.415,0.0,0.0,0.0,,
WEST BENGAL,24 Paraganas South,SAGAR,0,0.0,0.0,65.874,0.0,0.0,0.0,,
WEST BENGAL,24 Paraganas South,KAK DWIP,0,0.0,0.0,69.319,0.0,0.0,0.0,,
WEST BENGAL,Medinipur East,KHEJURI-II,0,0.0,0.0,46.986,0.0,0.0,0.0,,
WEST BENGAL,Medinipur East,DESHAPRAN,0,0.0,0.0,51.022,0.0,0.0,0.0,,
WEST BENGAL,Medinipur East,CONTAI-III,0,0.0,0.0,44.261,0.0,0.0,0.0,,
WEST BENGAL,Medinipur East,EGRA-II,0,0.0,0.0,39.546,0.0,0.0,0.0,,
WEST BENGAL,Medinipur East,CONTAI-I,0,0.0,0.0,51.329,0.0,0.0,0.0,,
WEST BENGAL,Medinipur East,RAMNAGAR-II,0,0.0,0.0,42.445,0.0,0.0,0.0,,
WEST BENGAL,Medinipur East,RAMNAGAR-I,0,0.0,0.0,37.216,0.0,0.0,0.0,,
ODISHA,Baleshwar,BHOGRAI,0,0.0,0.0,26.056,0.0,0.0,0.0,,
WEST BENGAL,Medinipur East,EGRA-I,0,0.0,0.0,30.118,0.0,0.0,0.0,,
WEST BENGAL,Medinipur West,MOHANPUR,0,0.0,0.0,18.004,0.0,0.0,0.0,,
ODISHA,Baleshwar,JALESWAR,8,44.735,0.1234,1.299,24.531,15.228,4.976,,
ODISHA,Mayurbhanj,MORADA,29,89.023,0.2954,0.53,35.639,17.222,36.162,,
ODISHA,Mayurbhanj,RASGOVINDPUR,2,14.098,0.0619,7.351,14.098,0.0,0.0,,
ODISHA,Baleshwar,BASTA,0,0.0,0.0,14.886,0.0,0.0,0.0,,
ODISHA,Baleshwar,BALESHWAR,0,0.0,0.0,9.486,0.0,0.0,0.0,,
ODISHA,Baleshwar,BALIAPAL,0,0.0,0.0,25.618,0.0,0.0,0.0,,
ODISHA,Baleshwar,SORO,2,9.739,0.0392,7.666,9.449,0.29,0.0,,
ODISHA,Baleshwar,BAHANAGA,0,0.0,0.0,10.504,0.0,0.0,0.0,,
ODISHA,Bhadrak,BASUDEVPUR,22,60.809,0.1263,5.228,0.0,8.312,52.497,,
ODISHA,Baleshwar,SIMULIA,59,162.949,0.8083,0.394,2.208,40.088,120.654,,
ODISHA,Bhadrak,BHADRAK,86,241.907,0.7142,0.295,45.214,51.514,145.179,,
ODISHA,Baleshwar,KHAIRA,42,118.164,0.3704,1.88,27.465,33.445,57.254,,
ODISHA,Baleshwar,OUPADA,1,17.66,0.0552,5.685,17.66,0.0,0.0,,
ODISHA,Mayurbhanj,UDALA,14,40.283,0.0934,1.303,0.0,24.668,15.615,,
ODISHA,Baleshwar,NILGIRI,2,10.193,0.0309,7.129,8.486,1.707,0.0,,
ODISHA,Baleshwar,REMUNA,1,11.876,0.0411,5.79,11.876,0.0,0.0,,
ODISHA,Mayurbhanj,BETNOTI,0,0.0,0.0,11.824,0.0,0.0,0.0,,
ODISHA,Mayurbhanj,GOPABANDHUNAGAR,1,1.223,0.0073,7.985,0.0,1.223,0.0,,
ODISHA,Mayurbhanj,BADASAHI,11,24.388,0.0719,3.768,16.481,3.386,4.521,,
ODISHA,Mayurbhanj,BARIPADA,26,91.452,0.3211,0.119,37.653,22.887,30.912,,
ODISHA,Mayurbhanj,KHUNTA,0,0.0,0.0,12.314,0.0,0.0,0.0,,
ODISHA,Mayurbhanj,SAMAKHUNTA,21,57.635,0.0745,15.258,20.098,7.401,30.136,,
ODISHA,Mayurbhanj,KAPTIPADA,38,97.166,0.185,4.049,10.154,27.903,59.11,,
ODISHA,Mayurbhanj,THAKURMUNDA,0,0.0,0.0,25.297,0.0,0.0,0.0,,
ODISHA,Mayurbhanj,KARANJIA,2,45.411,0.0688,0.573,0.0,45.411,0.0,,
ODISHA,Mayurbhanj,SUKRULI,0,0.0,0.0,10.334,0.0,0.0,0.0,,
ODISHA,Kendujhar,JHUMPURA,1,32.794,0.0735,1.126,32.794,0.0,0.0,,
ODISHA,Kendujhar,KENDUJHAR SADAR,24,61.044,0.1115,11.288,30.509,7.198,23.337,,
ODISHA,Kendujhar,GHATGAON,9,31.343,0.0386,10.175,19.047,3.491,8.805,,
ODISHA,Kendujhar,PATANA,16,46.568,0.1135,0.484,14.241,16.533,15.794,,
ODISHA,Kendujhar,SAHARAPADA,1,15.623,0.0503,4.128,0.0,15.623,0.0,,
ODISHA,Kendujhar,HARICHADANPUR,9,12.572,0.0129,20.912,6.898,0.0,5.674,,
ODISHA,Jajapur,SUKINDA,9,51.123,0.1057,0.648,43.458,3.362,4.303,0.95,0.84
ODISHA,Jajapur,DANAGADI,2,36.416,0.0981,0.75,36.416,0.0,0.0,0.08,0.07
ODISHA,Kendujhar,GHASIPURA,20,68.698,0.1929,0.355,23.767,13.782,29.85,,
ODISHA,Kendujhar,ANANDAPUR,5,20.196,0.0369,12.92,4.159,1.553,0.0,,
ODISHA,Bhadrak,BONTH,82,223.839,0.9113,0.253,45.281,1.937,176.621,,
ODISHA,Kendujhar,HATADIHI,51,175.18,0.4175,0.035,45.901,6.91,110.646,,
ODISHA,Bhadrak,BHANDARIPOKHARI,57,162.063,0.6771,0.599,19.377,14.835,127.851,,
ODISHA,Jajapur,BINJHARPUR,7,32.304,0.1866,1.959,0.0,27.224,5.08,,
ODISHA,Jajapur,JAJPUR,9,52.768,0.2576,0.506,20.23,9.534,23.004,,
ODISHA,Jajapur,KOREI,1,9.232,0.0296,6.764,9.232,0.0,0.0,,
ODISHA,Jajapur,DAHRMASALA,4,35.414,0.1143,0.243,19.702,14.104,1.608,,
ODISHA,Jajapur,RASULPUR,1,6.041,0.0388,4.178,6.041,0.0,0.0,,
ODISHA,Jajapur,BADCHANA,16,73.7,0.2011,1.63,44.473,21.912,7.314,,
ODISHA,Cuttack,MAHANGA,20,75.028,0.3838,0.244,22.609,34.946,17.473,,
ODISHA,Kendrapara,DERABISH,18,88.933,0.5379,1.042,23.645,58.996,6.293,,
ODISHA,Jajapur,BARI,0,0.0,0.0,6.639,0.0,0.0,0.0,,
ODISHA,Kendrapara,KENDRAPADA,23,104.86,0.44,1.321,20.34,42.615,41.905,,
ODISHA,Kendrapara,MARSAGHAI,8,40.579,0.2848,0.126,27.278,6.344,6.957,,
ODISHA,Kendrapara,GARADAPUR,5,36.625,0.2761,0.988,34.983,0.0,1.643,,
ODISHA,Jagatsinghapur,TIRTOL,35,160.825,0.7284,0.518,38.635,21.061,101.128,,
ODISHA,Jagatsinghapur,BALIKUDA,17,89.772,0.3031,0.278,13.7,37.69,38.383,,
ODISHA,Jagatsinghapur,JAGATSINGHPUR,18,107.169,0.5937,0.131,18.038,37.098,52.034,,
ODISHA,Jagatsinghapur,NAUGAON,12,37.301,0.313,1.97,6.56,6.389,24.353,,
ODISHA,Puri,NIMAPADA,36,178.981,0.5763,0.525,39.073,55.975,83.934,,
ODISHA,Cuttack,NIALI,20,75.959,0.3838,0.588,16.591,34.362,25.005,,
ODISHA,Cuttack,KANTAPADA,9,47.272,0.4109,0.682,21.304,20.904,5.063,,
ODISHA,Jagatsinghapur,BIRIDI,18,61.96,0.5604,0.022,16.489,35.281,10.19,,
ODISHA,Jagatsinghapur,RAGHUNATHPUR,21,71.116,0.6429,0.258,20.72,34.503,15.892,,
ODISHA,Cuttack,NISCHINTA KOILI,31,138.022,0.6381,0.695,81.978,40.861,15.183,,
ODISHA,Cuttack,SALEPUR,22,140.539,0.6013,0.08,56.549,64.548,9.916,,
ODISHA,Cuttack,CUTTACKSADAR,37,136.781,0.3919,1.393,61.513,26.532,48.736,,
ODISHA,Cuttack,BARANGA,1,14.129,0.2168,0.145,14.129,0.0,0.0,,
ODISHA,Khordha,BHUBANESWAR,14,48.416,0.1103,8.698,8.474,30.296,9.645,,
ODISHA,Khordha,BALIANTA,22,87.762,0.6735,0.569,51.401,5.072,31.289,,
ODISHA,Khordha,BALIPATNA,19,82.473,0.6021,0.378,34.48,28.652,19.341,,
ODISHA,Puri,PIPILI,41,144.7,0.719,0.242,41.297,41.801,61.602,,
ODISHA,Khordha,JATNI,11,24.189,0.1113,0.735,0.0,8.537,15.652,,
ODISHA,Puri,DELANGA,34,119.563,0.6085,0.145,14.682,15.824,89.057,,
ODISHA,Khordha,KHORDHA,0,0.0,0.0,9.308,0.0,0.0,0.0,,
ODISHA,Cuttack,BANKI- DAMPARA,0,0.0,0.0,10.857,0.0,0.0,0.0,,
ODISHA,Dhenkanal,DHENKANAL SADAR,8,68.578,0.1508,3.085,16.298,30.22,4.586,,
ODISHA,Cuttack,ATHAGAD,4,53.636,0.1311,1.662,38.099,13.767,0.0,,
ODISHA,Cuttack,TANGI CHOUDWAR,8,52.838,0.1479,3.564,42.942,6.741,3.156,,
ODISHA,Dhenkanal,GONDIA,2,87.117,0.1345,0.474,15.792,71.325,0.0,,
ODISHA,Dhenkanal,BHUBAN,23,52.478,0.2322,0.495,4.71,7.642,40.126,2.38,2.36
ODISHA,Dhenkanal,KAMAKHYANAGAR,85,214.819,0.3774,1.036,83.865,37.909,92.654,844.25,171.29
ODISHA,Dhenkanal,PARJANG,47,161.249,0.3514,1.384,67.398,27.803,66.048,1.07,1.01
ODISHA,Anugul,TALACHER,19,42.893,0.1549,8.611,20.402,11.343,11.148,,
ODISHA,Anugul,BANARPAL,11,41.593,0.1679,3.029,20.564,1.054,19.976,,
ODISHA,Dhenkanal,HINDOL,14,63.188,0.0855,0.074,24.793,9.033,13.081,,
ODISHA,Dhenkanal,ODAPADA,8,69.812,0.192,0.268,41.409,2.936,6.641,,
ODISHA,Cuttack,TIGIRIA,1,9.067,0.0819,1.997,9.067,0.0,0.0,,
ODISHA,Cuttack,BADAMBA,7,50.659,0.1427,2.244,39.381,6.885,4.393,,
ODISHA,Cuttack,BANKI,1,2.959,0.0154,11.914,2.959,0.0,0.0,,
ODISHA,Khordha,BEGUNIA,0,0.0,0.0,17.933,0.0,0.0,0.0,,
ODISHA,Khordha,BOLAGARH,0,0.0,0.0,16.189,0.0,0.0,0.0,,
ODISHA,Nayagarh,RANAPUR,0,0.0,0.0,14.367,0.0,0.0,0.0,,
ODISHA,Nayagarh,NAYAGARH,12,35.579,0.1239,0.115,0.0,16.662,18.917,,
ODISHA,Nayagarh,KHANDAPARA,3,7.269,0.0206,10.786,2.473,3.346,1.449,,
ODISHA,Nayagarh,BHAPUR,0,0.0,0.0,12.108,0.0,0.0,0.0,,
ODISHA,Cuttack,NARASINGHPUR,3,11.867,0.0193,11.692,10.105,1.245,0.516,,
ODISHA,Nayagarh,GANIA,1,2.464,0.0063,10.334,2.464,0.0,0.0,,
ODISHA,Nayagarh,NUAGAON,1,0.218,0.0004,14.172,0.0,0.218,0.0,,
ODISHA,Ganjam,JAGANNATHPRASAD,0,0.0,0.0,11.982,0.0,0.0,0.0,,
ODISHA,Nayagarh,DASAPALLA,6,52.79,0.0598,7.43,47.675,0.0,5.116,,
ODISHA,Anugul,ANUGUL,5,16.272,0.0151,21.353,9.648,0.0,6.624,,
ODISHA,Deogarh,REAMAL,151,192.389,0.1993,17.965,24.404,30.674,137.31,,
ODISHA,Anugul,KANIHA,6,17.327,0.0252,5.731,11.597,2.405,3.325,0.17,0.12
ODISHA,Anugul,CHHENDIPADA,9,26.607,0.0289,19.016,4.275,6.466,15.865,,
ODISHA,Dhenkanal,KANKADA HAD,60,169.522,0.2017,4.495,63.256,27.99,78.276,463.63,2.05
ODISHA,Kendujhar,TELKOI,0,0.0,0.0,23.5,0.0,0.0,0.0,,
ODISHA,Anugul,PALALAHADA,0,0.0,0.0,35.759,0.0,0.0,0.0,,
ODISHA,Kendujhar,BANSAPAL,0,0.0,0.0,24.456,0.0,0.0,0.0,,
ODISHA,Sundargarh,BONAIGARH,64,88.93,0.2133,2.355,19.909,46.788,22.233,,
ODISHA,Sundargarh,LAHUNIPARA,0,0.0,0.0,11.748,0.0,0.0,0.0,,
ODISHA,Deogarh,BARKOTE,0,0.0,0.0,22.225,0.0,0.0,0.0,,
ODISHA,Deogarh,TILEIBANI,62,82.048,0.0843,6.945,25.027,7.262,49.76,,
ODISHA,Sambalpur,KUCHINDA,0,0.0,0.0,34.672,0.0,0.0,0.0,,
ODISHA,Jharsuguda,KOLABIRA,0,0.0,0.0,26.371,0.0,0.0,0.0,,
ODISHA,Sambalpur,JAMANKIRA,1,7.378,0.0077,19.841,7.378,0.0,0.0,,
ODISHA,Sambalpur,NAKTIDEUL,0,0.0,0.0,11.368,0.0,0.0,0.0,,
ODISHA,Sambalpur,RAIRAKHOL,0,0.0,0.0,20.961,0.0,0.0,0.0,,
ODISHA,Sambalpur,JUJOMURA,8,43.11,0.0625,9.786,24.707,0.0,18.403,,
ODISHA,Sambalpur,MANESWAR,19,85.769,0.2007,0.325,34.281,12.295,39.192,,
ODISHA,Sonepur,ULLUNDA,48,115.179,0.1967,6.294,10.627,13.376,91.176,,
ODISHA,Sonepur,BINIKA,27,123.238,0.3813,1.594,17.935,34.381,70.922,,
ODISHA,Bargarh,BHEDEN,35,133.81,0.3742,0.753,22.854,36.666,74.289,,
ODISHA,Bargarh,ATTABIRA,33,166.018,0.2746,1.827,38.979,98.327,28.711,,
ODISHA,Sambalpur,DHANKAUDA,28,134.419,0.281,0.969,17.541,57.341,34.363,,
ODISHA,Sambalpur,RENGALI,1,2.998,0.0062,9.736,2.998,0.0,0.0,,
ODISHA,Jharsuguda,JHARSUGUDA,0,0.0,0.0,29.118,0.0,0.0,0.0,,
ODISHA,Jharsuguda,LAKHANPUR,0,0.0,0.0,21.508,0.0,0.0,0.0,,
ODISHA,Bargarh,BHATLI,2,7.459,0.0199,11.722,4.903,2.556,0.0,,
ODISHA,Bargarh,AMBABHONA,0,0.0,0.0,16.612,0.0,0.0,0.0,,
CHHATTISGARH,Sarangarh Bilaigarh,BARAMKELA,13,47.965,0.0779,1.455,21.565,24.097,2.303,,
CHHATTISGARH,Raigarh,PUSSORE,42,110.595,0.2673,1.638,13.761,38.682,58.151,,
CHHATTISGARH,Sakti,DABHARA,133,295.496,0.7012,0.033,37.315,84.835,173.346,,
CHHATTISGARH,Sakti,MALKHARODA,96,249.071,0.7567,0.664,34.017,92.066,122.988,,
CHHATTISGARH,Sakti,JAIJAIPUR,97,275.447,0.6334,0.351,46.218,116.574,112.655,,
CHHATTISGARH,Sarangarh Bilaigarh,BILAIGARH,35,88.544,0.1308,5.888,41.018,23.369,24.157,,
CHHATTISGARH,Sarangarh Bilaigarh,SARANGARH,20,75.182,0.0912,2.246,16.234,41.589,17.359,,
CHHATTISGARH,Mahasamund,SARAIPALI,0,0.0,0.0,24.214,0.0,0.0,0.0,,
CHHATTISGARH,Mahasamund,BASNA,0,0.0,0.0,26.01,0.0,0.0,0.0,,
ODISHA,Bargarh,JHARBANDH,0,0.0,0.0,4.898,0.0,0.0,0.0,,
ODISHA,Bargarh,PADAMPUR,1,1.925,0.0033,15.563,1.925,0.0,0.0,248.12,
ODISHA,Bargarh,GAISILET,2,7.204,0.019,5.599,6.974,0.0,0.23,,
ODISHA,Balangir,AGALPUR,17,56.805,0.1824,0.93,30.955,0.0,25.85,,
ODISHA,Bargarh,BIJEPUR,3,9.125,0.0288,7.312,6.072,0.0,3.053,,
ODISHA,Bargarh,SOHELLA,0,0.0,0.0,21.498,0.0,0.0,0.0,,
ODISHA,Bargarh,BARPALI,28,108.952,0.2948,1.269,24.166,42.264,42.522,,
ODISHA,Bargarh,BARGARH,17,74.285,0.2694,0.911,34.575,20.679,19.031,,
ODISHA,Sonepur,DUNGURIPALI,28,120.438,0.4233,0.066,24.18,62.005,34.253,,
ODISHA,Sonepur,TARBHA,1,2.646,0.0082,7.24,0.0,0.0,2.646,,
ODISHA,Balangir,PUINTALA,6,66.395,0.2009,0.229,11.851,51.52,3.024,,
ODISHA,Balangir,BALANGIR,4,23.92,0.055,5.458,18.971,4.949,0.0,,
ODISHA,Balangir,DEOGAON,0,0.0,0.0,12.291,0.0,0.0,0.0,,
ODISHA,Balangir,LOISINGA,7,39.739,0.1079,0.886,28.178,11.561,0.0,,
ODISHA,Balangir,PATNAGARH,0,0.0,0.0,11.271,0.0,0.0,0.0,,
ODISHA,Bargarh,PAIKMAL,55,97.764,0.1454,2.547,21.254,12.256,60.607,,
ODISHA,Balangir,KHAPRAKHOL,7,43.742,0.0708,5.693,29.65,11.7,2.392,3432.88,
ODISHA,Balangir,BELPARA,9,10.365,0.0191,9.874,0.0,4.434,5.931,,
ODISHA,Balangir,TITLAGARH,18,36.33,0.0768,4.397,17.094,6.161,13.074,,
ODISHA,Balangir,MURIBAHAL,6,15.116,0.0332,10.876,11.438,2.151,1.527,,
ODISHA,Balangir,TUREKELA,0,0.0,0.0,12.329,0.0,0.0,0.0,,
ODISHA,Balangir,BANGOMUNDA,49,103.98,0.3123,0.266,40.808,59.811,3.362,,
ODISHA,Kalahandi,GOLAMUNDA,31,81.863,0.1166,6.209,18.964,4.203,58.697,,
ODISHA,Kalahandi,KESINGA,2,18.853,0.0333,12.69,15.27,3.583,0.0,,
ODISHA,Kalahandi,NARALA,59,95.172,0.2429,5.929,27.532,38.448,29.192,,
ODISHA,Balangir,SAINTALA,0,0.0,0.0,14.43,0.0,0.0,0.0,,
ODISHA,Kalahandi,KARLAMUNDA,50,104.151,0.5412,0.127,18.176,20.237,65.739,,
ODISHA,Balangir,GUDVELLA,3,2.636,0.011,6.35,0.0,0.665,1.971,,
ODISHA,Kalahandi,MADANPUR RAMPUR,8,24.429,0.0293,10.732,9.862,11.924,2.644,,
ODISHA,Kandhamal,BALIGUDA,0,0.0,0.0,36.178,0.0,0.0,0.0,,
ODISHA,Kandhamal,K.NUAGAN,0,0.0,0.0,36.881,0.0,0.0,0.0,,
ODISHA,Kandhamal,PHULBANI,6,3.931,0.0095,10.012,2.404,0.0,1.527,,
ODISHA,Kandhamal,PHIRINGIA,0,0.0,0.0,31.431,0.0,0.0,0.0,,
ODISHA,Boudh,KANTAMAL,15,28.829,0.0295,12.898,8.401,3.107,17.322,,
ODISHA,Sonepur,SONEPUR,14,64.173,0.1761,0.255,22.634,0.0,41.539,,
ODISHA,Sonepur,BIRMAHARAJPUR,20,29.632,0.0743,8.589,1.466,4.575,23.592,,
ODISHA,Boudh,BOUDH,99,240.741,0.2725,4.126,46.574,72.896,120.807,,
ODISHA,Kandhamal,KHAJURIPADA,35,56.041,0.0929,5.965,35.246,0.0,20.795,,
ODISHA,Anugul,KISHORENAGAR,0,0.0,0.0,16.486,0.0,0.0,0.0,,
ODISHA,Anugul,ATHMALLIK,14,37.122,0.0375,12.092,18.467,0.0,18.655,,
ODISHA,Boudh,HARABHANGA,33,103.993,0.0918,18.274,23.08,55.503,25.179,,
ODISHA,Kandhamal,CHAKAPAD,0,0.0,0.0,22.364,0.0,0.0,0.0,,
ODISHA,Kandhamal,TIKABALI,0,0.0,0.0,20.189,0.0,0.0,0.0,,
ODISHA,Kandhamal,G.UDAYAGIRI,0,0.0,0.0,20.194,0.0,0.0,0.0,,
ODISHA,Ganjam,BELLAGUNTHA,17,63.232,0.2797,0.372,25.521,9.698,28.013,,
ODISHA,Ganjam,BHANJANAGAR,35,76.06,0.1075,5.715,0.0,29.453,42.318,,
ODISHA,Kandhamal,RAIKIA,1,0.08,0.0002,20.814,0.0,0.08,0.0,,
ODISHA,Ganjam,SURADA,58,139.761,0.1391,1.3,0.0,58.103,81.658,,
ODISHA,Ganjam,DHARAKOTE,33,118.698,0.2675,2.699,27.618,45.835,45.245,,
ODISHA,Ganjam,SANAKHEMUNDI,14,42.032,0.1206,4.988,25.213,10.432,6.386,,
ODISHA,Ganjam,DIGAPAHANDI,49,145.98,0.3242,2.021,55.819,45.173,44.988,,
ODISHA,Ganjam,PATRAPUR,37,103.516,0.2079,6.449,41.928,28.451,33.136,,
ODISHA,Gajapati,R.UDAYAGIRI,0,0.0,0.0,16.634,0.0,0.0,0.0,,
ODISHA,Gajapati,MOHANA,2,2.68,0.0019,7.031,0.165,0.0,0.0,,
ODISHA,Gajapati,NUAGADA,0,0.0,0.0,14.463,0.0,0.0,0.0,,
ODISHA,Rayagada,PADMAPUR,57,119.193,0.29,4.58,43.858,0.0,75.335,,
ODISHA,Rayagada,GUDARI,11,10.175,0.0196,11.701,2.372,0.0,7.803,,
ODISHA,Kandhamal,DARINGIBADI,0,0.0,0.0,32.07,0.0,0.0,0.0,,
ODISHA,Kandhamal,KOTAGARH,0,0.0,0.0,48.676,0.0,0.0,0.0,,
ODISHA,Kandhamal,TUMUDIBANDH,0,0.0,0.0,34.824,0.0,0.0,0.0,,
ODISHA,Rayagada,MUNIGUDA,0,0.0,0.0,25.624,0.0,0.0,0.0,,
ODISHA,Rayagada,CHANDRAPUR,0,0.0,0.0,28.969,0.0,0.0,0.0,,
ODISHA,Kalahandi,LANJIGARH,3,1.23,0.0013,12.744,0.897,0.334,0.0,,
ODISHA,Kalahandi,BHAWANIPATNA,76,166.981,0.2093,3.853,45.401,42.116,79.464,,
ODISHA,Kalahandi,JUNAGARH,123,324.954,0.5274,0.084,64.872,51.665,208.416,,
ODISHA,Kalahandi,KALAMPUR,43,87.829,0.6051,0.711,21.839,5.135,60.855,,
ODISHA,Kalahandi,THUAMUL RAM PUR,4,6.291,0.0059,5.613,2.842,0.0,0.027,,
ODISHA,Rayagada,KASIPUR,0,0.0,0.0,25.074,0.0,0.0,0.0,,
ODISHA,Rayagada,RAYAGADA,0,0.0,0.0,29.194,0.0,0.0,0.0,,
ODISHA,Rayagada,KALYANSINGPUR,0,0.0,0.0,47.087,0.0,0.0,0.0,,
ODISHA,Rayagada,BISSAMCUTTACK,0,0.0,0.0,34.818,0.0,0.0,0.0,,
ODISHA,Rayagada,RAMANAGUDA,4,8.646,0.024,5.123,5.402,0.0,3.244,,
ODISHA,Rayagada,KOLNARA,0,0.0,0.0,24.776,0.0,0.0,0.0,,
ANDHRA PRADESH,Parvathipuram Manyam,GUMMALAKSHMIPURAM,0,0.0,0.0,19.517,0.0,0.0,0.0,,
ANDHRA PRADESH,Parvathipuram Manyam,KURUPAM,0,0.0,0.0,6.891,0.0,0.0,0.0,,
ANDHRA PRADESH,Parvathipuram Manyam,VEERAGHATTAM,28,79.115,0.5844,0.616,35.688,22.369,19.071,,
ANDHRA PRADESH,Vizianagaram,VANGARA,34,51.073,0.3731,3.145,14.309,10.461,26.303,,
ANDHRA PRADESH,Parvathipuram Manyam,BALIJIPETA,24,52.658,0.4326,0.201,27.856,14.732,10.07,,
ANDHRA PRADESH,Parvathipuram Manyam,GARUGUBILLI,37,78.572,0.6487,0.532,33.454,13.754,30.909,,
ANDHRA PRADESH,Parvathipuram Manyam,JIYYAMMAVALASA,43,115.566,0.7668,0.125,37.08,40.102,36.489,,
ANDHRA PRADESH,Parvathipuram Manyam,SEETHANAGARAM,28,68.655,0.4692,0.128,39.856,22.751,6.048,,
ANDHRA PRADESH,Parvathipuram Manyam,PARVATHIPURAM,10,48.477,0.2324,1.097,10.877,17.397,20.203,,
ODISHA,Koraput,BANDHUGAON,0,0.0,0.0,20.726,0.0,0.0,0.0,,
ANDHRA PRADESH,Parvathipuram Manyam,KOMARADA,10,34.197,0.1261,4.636,12.941,16.609,4.646,,
ODISHA,Koraput,NARAYAN PATANA,0,0.0,0.0,17.159,0.0,0.0,0.0,,
ODISHA,Koraput,LAXMIPUR,0,0.0,0.0,34.19,0.0,0.0,0.0,,
ODISHA,Koraput,DASAMANTAPUR,0,0.0,0.0,16.284,0.0,0.0,0.0,,
ODISHA,Koraput,KORAPUT,1,3.712,0.0071,7.501,0.0,0.0,0.0,,
ODISHA,Koraput,SEMILIGUDA,0,0.0,0.0,30.552,0.0,0.0,0.0,,
ANDHRA PRADESH,Parvathipuram Manyam,MAKKUVA,33,97.654,0.595,0.558,42.258,34.767,19.155,,
ANDHRA PRADESH,Parvathipuram Manyam,SALUR,7,9.577,0.0221,7.423,6.225,0.0,0.0,,
ANDHRA PRADESH,Parvathipuram Manyam,PACHIPENTA,17,55.78,0.1954,1.975,42.957,0.0,12.822,,
ODISHA,Koraput,POTTANGI,0,0.0,0.0,16.282,0.0,0.0,0.0,,
ANDHRA PRADESH,Alluri Sitharama Raju,ARAKU VALLEY,0,0.0,0.0,28.876,0.0,0.0,0.0,,
ANDHRA PRADESH,Alluri Sitharama Raju,ANANTHAGIRI,0,0.0,0.0,18.35,0.0,0.0,0.0,,
ANDHRA PRADESH,Vizianagaram,MENTADA,17,39.685,0.2337,0.392,30.162,0.0,9.523,,
ANDHRA PRADESH,Vizianagaram,GANTYADA,11,29.684,0.1861,1.95,25.428,0.0,0.0,,
ANDHRA PRADESH,Vizianagaram,BONDAPALLE,1,12.44,0.0828,0.026,12.44,0.0,0.0,,
ANDHRA PRADESH,Vizianagaram,GAJAPATHINAGARAM,1,3.814,0.0309,6.452,3.814,0.0,0.0,,
ANDHRA PRADESH,Vizianagaram,RAMABHADRAPURAM,6,14.503,0.0983,0.729,8.45,0.0,6.053,,
ANDHRA PRADESH,Vizianagaram,BADANGI,2,8.328,0.0797,4.083,7.764,0.564,0.0,,
ANDHRA PRADESH,Vizianagaram,BOBBILI,16,44.627,0.2047,2.421,21.499,14.973,8.154,,
ANDHRA PRADESH,Vizianagaram,DATTIRAJERU,0,0.0,0.0,10.08,0.0,0.0,0.0,,
ANDHRA PRADESH,Vizianagaram,MERAKAMUDIDAM,0,0.0,0.0,10.983,0.0,0.0,0.0,,
ANDHRA PRADESH,Vizianagaram,THERLAM,20,52.875,0.3132,0.636,17.95,8.926,25.999,,
ANDHRA PRADESH,Vizianagaram,RAJAM,35,75.411,0.6075,0.834,18.452,18.666,38.294,,
ANDHRA PRADESH,Srikakulam,GANGUVARISIGADAM,18,63.614,0.4907,0.926,23.006,26.543,14.065,,
ANDHRA PRADESH,Vizianagaram,CHEEPURUPALLE,31,65.914,0.5614,0.047,7.57,15.397,42.947,,
ANDHRA PRADESH,Vizianagaram,GURLA,30,52.705,0.3229,0.635,3.868,13.926,24.83,,
ANDHRA PRADESH,Vizianagaram,GARIVIDI,15,31.294,0.2377,1.956,15.845,2.456,12.992,,
ANDHRA PRADESH,Vizianagaram,NELLIMARLA,16,32.517,0.2406,0.311,0.0,13.279,16.211,,
ANDHRA PRADESH,Srikakulam,RANASTALAM,18,41.705,0.2289,1.365,0.0,8.175,33.53,,
ANDHRA PRADESH,Srikakulam,LAVERU,18,41.524,0.2472,0.951,9.108,2.942,29.474,,
ANDHRA PRADESH,Srikakulam,PONDURU,11,23.722,0.2083,2.272,15.338,7.299,1.085,,
ANDHRA PRADESH,Srikakulam,SRIKAKULAM,28,89.347,0.5849,0.755,24.832,38.869,10.816,,
ANDHRA PRADESH,Srikakulam,ETCHERLA,17,45.034,0.2917,0.215,19.433,20.456,5.145,,
ANDHRA PRADESH,Srikakulam,GARA,23,47.883,0.3022,0.027,14.685,24.949,6.786,,
ANDHRA PRADESH,Srikakulam,NARASANNAPETA,23,102.111,0.8789,0.127,5.912,30.179,5.571,,
ANDHRA PRADESH,Srikakulam,POLAKI,29,61.651,0.4568,0.268,1.427,21.633,36.049,,
ANDHRA PRADESH,Srikakulam,KOTABOMMILI,28,64.793,0.4431,0.525,21.03,24.448,19.315,,
ANDHRA PRADESH,Srikakulam,JALUMURU,27,101.747,0.7824,0.923,18.047,36.092,3.289,,
ANDHRA PRADESH,Srikakulam,BURJA,7,27.391,0.2513,3.171,23.49,1.922,1.979,,
ANDHRA PRADESH,Srikakulam,SARUBUJJILI,7,32.606,0.4308,1.07,9.519,22.114,0.974,,
ANDHRA PRADESH,Srikakulam,AMADALAVALASA,22,51.829,0.5097,0.125,29.283,17.41,5.136,,
ANDHRA PRADESH,Vizianagaram,SANTHAKAVATI,41,90.365,0.6637,0.498,24.92,27.572,37.873,,
ANDHRA PRADESH,Vizianagaram,REGIDI AMADALAVALASA,34,85.301,0.5847,0.031,22.467,36.569,26.266,,
ANDHRA PRADESH,Parvathipuram Manyam,PALAKONDA,23,61.17,0.5795,0.544,25.19,14.167,21.814,,
ANDHRA PRADESH,Parvathipuram Manyam,SEETHAMPETA,1,0.422,0.001,4.404,0.422,0.0,0.0,,
ANDHRA PRADESH,Srikakulam,L.N PETA,8,31.111,0.5001,0.685,12.219,16.824,2.067,,
ANDHRA PRADESH,Srikakulam,KOTTURU,1,8.619,0.0511,2.249,8.619,0.0,0.0,,
ANDHRA PRADESH,Parvathipuram Manyam,BHAMINI,1,24.546,0.1534,1.759,24.546,0.0,0.0,,
ODISHA,Rayagada,GUNUPUR,20,56.501,0.0971,7.167,19.72,0.0,36.781,,
ODISHA,Gajapati,KASINAGAR,0,0.0,0.0,5.502,0.0,0.0,0.0,,
ODISHA,Gajapati,GUMMA,0,0.0,0.0,20.216,0.0,0.0,0.0,,
ODISHA,Gajapati,GOSANI,0,0.0,0.0,18.071,0.0,0.0,0.0,,
ANDHRA PRADESH,Srikakulam,HIRAMANDALAM,11,28.823,0.184,0.113,15.693,13.13,0.0,,
ANDHRA PRADESH,Srikakulam,SARAVAKOTA,7,17.985,0.1113,6.834,10.095,6.449,0.0,,
ANDHRA PRADESH,Srikakulam,PATHAPATNAM,0,0.0,0.0,12.389,0.0,0.0,0.0,,
ANDHRA PRADESH,Srikakulam,TEKKALI,13,38.205,0.2987,1.192,13.867,20.203,4.135,,
ANDHRA PRADESH,Srikakulam,NANDIGAM,21,67.378,0.375,0.719,26.157,29.203,12.018,,
ANDHRA PRADESH,Srikakulam,MELIAPUTTI,1,0.893,0.0041,11.872,0.893,0.0,0.0,,
ODISHA,Gajapati,RAYAGADA,0,0.0,0.0,19.357,0.0,0.0,0.0,,
ANDHRA PRADESH,Srikakulam,MANDASA,1,0.003,0.0,5.21,0.003,0.0,0.0,,
ANDHRA PRADESH,Srikakulam,KANCHILI,3,7.832,0.0477,5.109,6.416,0.0,0.0,,
ANDHRA PRADESH,Srikakulam,SOMPETA,8,21.147,0.1779,1.6,10.495,0.0,0.0,,
ANDHRA PRADESH,Srikakulam,PALASA,13,22.521,0.1542,3.139,7.843,10.822,3.856,,
ANDHRA PRADESH,Srikakulam,VAJRAPUKOTTURU,2,10.784,0.0822,2.983,0.0,10.784,0.0,,
ANDHRA PRADESH,Srikakulam,SANTHABOMMALI,33,59.984,0.3207,2.697,0.0,22.9,37.085,,
ANDHRA PRADESH,Srikakulam,KAVITI,0,0.0,0.0,8.659,0.0,0.0,0.0,,
ANDHRA PRADESH,Srikakulam,ICHAPURAM,2,0.505,0.0051,2.443,0.0,0.0,0.505,,
ODISHA,Ganjam,CHIKITI,28,69.942,0.2321,0.172,33.56,18.062,18.32,,
ODISHA,Ganjam,RANGEILUNDA,8,20.368,0.0911,3.376,0.0,10.892,9.476,,
ODISHA,Ganjam,CHATRAPUR,9,34.364,0.1436,0.134,9.36,21.171,3.833,,
ODISHA,Ganjam,GANJAM,5,24.956,0.0894,3.141,18.23,0.0,6.726,,
ODISHA,Ganjam,PURUSHOTTAMPUR,2,20.382,0.0806,0.471,19.798,0.0,0.584,,
ODISHA,Ganjam,HINJILICUT,21,74.627,0.3446,1.503,7.942,43.844,22.841,,
ODISHA,Ganjam,KUKUDAKHANDI,17,86.984,0.3134,0.985,20.604,44.888,21.492,,
ODISHA,Ganjam,SHERAGADA,6,22.624,0.206,2.118,13.0,8.106,1.518,,
ODISHA,Ganjam,ASKA,13,39.612,0.2335,3.852,15.127,8.696,15.789,,
ODISHA,Ganjam,KABISURYANAGAR,6,23.67,0.15,3.816,0.0,0.372,23.298,,
ODISHA,Ganjam,BUGUDA,33,103.476,0.2407,0.156,34.191,11.807,55.866,,
ODISHA,Nayagarh,ODAGAON,11,45.12,0.094,0.286,5.722,10.374,27.405,,
ODISHA,Ganjam,BEGUNIAPADA,7,46.14,0.2102,0.296,26.071,17.161,2.908,,
ODISHA,Ganjam,POLOSARA,20,77.593,0.1846,1.435,0.0,38.402,39.191,,
ODISHA,Ganjam,KHALLIKOTE,1,0.564,0.0016,8.099,0.564,0.0,0.0,,
ODISHA,Khordha,CHILIKA,7,12.787,0.1156,3.309,0.592,5.127,7.068,,
ODISHA,Khordha,BANAPUR,25,67.234,0.1421,2.334,18.591,24.854,23.789,,
ODISHA,Khordha,TANGI,10,25.55,0.0672,4.839,5.557,9.293,10.699,,
ODISHA,Puri,KRUSHNAPRASAD,0,0.0,0.0,14.171,0.0,0.0,0.0,,
ODISHA,Puri,BRAHMAGIRI,0,0.0,0.0,15.363,0.0,0.0,0.0,,
ODISHA,Puri,KANAS,11,32.901,0.1532,0.978,16.136,10.501,6.265,,
ODISHA,Puri,SADAR,6,27.512,0.1008,2.929,13.151,14.361,0.0,,
ODISHA,Puri,SATYABADI,32,87.128,0.4755,0.648,8.38,37.418,41.329,,
ODISHA,Puri,GOP,13,54.377,0.2002,0.303,13.667,6.906,33.805,,
ODISHA,Puri,KAKAT PUR,14,54.426,0.2596,0.009,0.0,24.106,30.321,,
ODISHA,Puri,ASTARANGA,4,11.317,0.0751,1.566,0.0,3.909,7.408,,
ANDHRA PRADESH,Vizianagaram,PUSAPATIREGA,2,12.173,0.0755,2.126,0.0,10.614,1.558,,
ANDHRA PRADESH,Vizianagaram,BHOGHAPURAM,5,5.387,0.0487,5.055,0.824,0.0,4.562,,
ANDHRA PRADESH,Visakhapatanam,Visakhapatnam (urban),0,0.0,0.0,11.476,0.0,0.0,0.0,,
ANDHRA PRADESH,Visakhapatanam,VISAKHAPATNAM(RURAL),0,0.0,0.0,17.965,0.0,0.0,0.0,,
ANDHRA PRADESH,Visakhapatanam,ANANDAPURAM,0,0.0,0.0,19.265,0.0,0.0,0.0,,
ANDHRA PRADESH,Visakhapatanam,PADMANABHAM,0,0.0,0.0,9.697,0.0,0.0,0.0,,
ANDHRA PRADESH,Visakhapatanam,BHEEMUNIPATNAM,0,0.0,0.0,15.972,0.0,0.0,0.0,,
ANDHRA PRADESH,Vizianagaram,DENKADA,12,24.733,0.2014,2.715,17.011,1.597,6.124,,
ANDHRA PRADESH,Vizianagaram,VIZIANAGARAM,0,0.0,0.0,7.476,0.0,0.0,0.0,,
ANDHRA PRADESH,Vizianagaram,JAMI,7,17.171,0.1435,2.12,0.0,0.0,0.0,,
ANDHRA PRADESH,Vizianagaram,SRUNGAVARAPUKOTA,7,29.446,0.2211,2.091,10.642,0.0,0.0,,
ANDHRA PRADESH,Vizianagaram,KOTHAVALASA,0,0.0,0.0,9.375,0.0,0.0,0.0,,
ANDHRA PRADESH,Vizianagaram,LAKKAVARAPUKOTA,0,0.0,0.0,9.576,0.0,0.0,0.0,,
ANDHRA PRADESH,Anakapalli,K.KOTAPADU,1,17.027,0.117,0.139,0.0,0.0,0.0,,
ANDHRA PRADESH,Vizianagaram,VEPADA,1,10.921,0.0716,4.568,0.0,0.0,0.0,,
ANDHRA PRADESH,Anakapalli,CHEEDIKADA,9,38.653,0.3357,0.834,0.0,0.0,0.0,,
ANDHRA PRADESH,Anakapalli,DEVARAPALLE,7,37.578,0.219,4.664,24.319,0.0,0.0,,
ANDHRA PRADESH,Anakapalli,CHODAVARAM,2,7.532,0.0533,1.17,6.56,0.0,0.0,,
ANDHRA PRADESH,Anakapalli,BUTCHAYYAPETA,2,4.136,0.0236,4.638,0.674,0.0,0.0,,
ANDHRA PRADESH,Anakapalli,ANAKAPALLE,1,14.397,0.0798,0.982,14.397,0.0,0.0,,
ANDHRA PRADESH,Anakapalli,SABBAVARAM,1,22.925,0.1432,0.042,0.0,0.0,0.0,,
ANDHRA PRADESH,Visakhapatanam,PENDURTHI,1,6.496,0.06,4.636,0.0,0.0,0.0,,
ANDHRA PRADESH,Visakhapatanam,GAJUWAKA,3,8.272,0.0763,2.24,5.642,0.0,0.0,,
ANDHRA PRADESH,Visakhapatanam,PEDAGANTYADA,0,0.0,0.0,9.122,0.0,0.0,0.0,,
ANDHRA PRADESH,Anakapalli,PARAVADA,1,8.485,0.0598,4.607,8.485,0.0,0.0,,
ANDHRA PRADESH,Anakapalli,MUNAGAPAKA,0,0.0,0.0,5.999,0.0,0.0,0.0,,
ANDHRA PRADESH,Anakapalli,ACHUTAPURAM,0,0.0,0.0,13.055,0.0,0.0,0.0,,
ANDHRA PRADESH,Anakapalli,KASIMKOTA,4,26.534,0.1613,0.524,21.769,0.0,0.0,,
ANDHRA PRADESH,Anakapalli,YELAMANCHILI,1,17.315,0.1443,0.336,17.315,0.0,0.0,,
ANDHRA PRADESH,Anakapalli,RAMBILLI,0,0.0,0.0,10.273,0.0,0.0,0.0,,
ANDAMAN & NICOBAR,Nicobars,NANCOWRIE,0,0.0,0.0,1523.982,0.0,0.0,0.0,,
ANDAMAN & NICOBAR,Nicobars,CAR NICOBAR,0,0.0,0.0,1374.243,0.0,0.0,0.0,,
ANDAMAN & NICOBAR,North And Middle Andaman,MAYABUNDER,0,0.0,0.0,1053.866,0.0,0.0,0.0,,
ANDAMAN & NICOBAR,North And Middle Andaman,DIGLIPUR,0,0.0,0.0,1021.212,0.0,0.0,0.0,,
ANDAMAN & NICOBAR,North And Middle Andaman,RANGAT,0,0.0,0.0,1069.41,0.0,0.0,0.0,,
ANDAMAN & NICOBAR,South Andamans,FERRARGUNJ,0,0.0,0.0,1117.598,0.0,0.0,0.0,,
ANDAMAN & NICOBAR,South Andamans,PROTHRAPUR,0,0.0,0.0,1131.287,0.0,0.0,0.0,,
ANDAMAN & NICOBAR,South Andamans,LITTLE ANDAMAN,0,0.0,0.0,1214.16,0.0,0.0,0.0,,
ANDAMAN & NICOBAR,Nicobars,CAMPBELL BAY,0,0.0,0.0,1630.786,0.0,0.0,0.0,,
